u,v
0,1
0,2
0,3
1,4
1,0
1,5
2,6
2,7
2,0
3,0
3,8
3,9
8,3
8,10
8,11
8,12
10,8
10,13
10,14
11,8
11,15
11,16
12,17
12,8
12,18
19,20
19,21
19,22
20,23
20,19
20,24
21,25
21,19
21,26
22,27
22,28
22,19
29,30
29,31
29,32
29,33
30,29
30,34
30,35
31,36
31,29
32,37
32,38
32,29
33,39
33,40
33,29
41,42
41,43
41,44
41,45
42,46
42,41
42,47
43,41
43,48
43,49
44,50
44,45
44,41
45,51
45,44
45,41
52,53
52,54
52,55
53,36
53,52
53,56
54,52
54,57
54,58
54,59
55,60
55,58
55,61
55,52
62,63
62,64
62,65
62,66
63,67
63,62
63,66
64,68
64,69
64,62
65,62
65,70
65,71
66,63
66,62
66,72
73,74
73,75
74,73
74,76
74,77
75,78
75,79
75,80
81,82
82,83
84,85
84,86
85,87
85,88
85,89
86,90
86,91
90,92
91,88
91,90
92,93
93,94
93,95
96,97
97,98
98,81
98,99
99,81
99,100
101,102
101,103
101,104
102,105
102,101
102,106
103,101
103,107
103,108
104,109
104,110
104,101
111,112
111,113
111,114
111,115
111,116
112,117
112,111
112,118
113,119
113,111
113,120
114,121
114,111
114,122
115,123
115,111
115,124
116,125
116,111
116,126
127,128
127,129
127,130
127,131
128,127
128,132
128,133
128,134
129,127
129,135
129,136
130,133
130,137
130,127
131,127
131,138
131,139
131,140
141,142
141,143
142,144
142,141
142,143
143,145
143,141
143,142
146,147
147,148
147,149
150,151
151,152
153,154
154,155
156,157
156,158
156,159
157,156
157,160
157,161
158,162
158,163
158,164
159,165
159,161
159,156
166,167
166,168
166,169
166,170
167,166
167,171
167,172
168,166
168,173
169,173
169,174
169,175
169,166
170,166
170,172
175,176
175,177
175,169
175,178
176,175
176,179
176,180
177,175
177,181
177,182
178,180
178,183
178,175
184,185
184,186
184,187
184,183
185,184
185,188
185,189
186,184
186,190
187,190
187,191
187,184
183,192
183,193
183,178
183,184
194,195
194,196
194,197
195,194
195,198
195,199
196,200
196,194
196,201
197,202
197,203
197,194
204,205
204,206
204,207
205,208
205,204
205,209
205,210
206,211
206,212
206,204
207,204
207,213
207,214
215,216
215,217
215,218
216,219
216,220
216,215
217,221
217,222
217,215
218,223
218,224
218,215
221,217
221,225
221,26
222,226
222,217
222,227
228,229
228,230
228,231
229,232
229,232
229,228
230,228
230,233
230,234
231,233
231,228
231,226
235,236
235,237
235,238
236,239
236,235
236,240
237,241
237,235
237,242
238,243
238,244
240,245
240,246
240,236
245,247
245,240
245,248
246,249
246,250
246,251
246,240
252,253
252,254
252,255
253,252
253,256
253,257
254,258
254,257
254,252
254,259
255,260
255,252
255,261
262,263
262,264
262,259
262,265
263,266
263,262
263,267
264,262
264,268
259,266
259,262
259,254
265,269
265,270
265,271
265,262
272,267
272,273
272,274
267,263
267,272
267,275
273,272
273,275
273,275
274,276
274,277
274,272
274,278
279,280
279,281
279,282
279,283
279,284
280,285
280,279
280,286
281,287
282,279
282,288
282,281
283,289
283,279
283,290
284,291
284,287
284,292
293,294
293,295
293,296
294,292
294,291
295,297
295,293
295,298
296,293
296,299
242,300
242,237
242,301
300,302
300,242
300,303
301,239
301,304
239,301
239,305
239,236
304,306
304,307
308,309
308,310
308,311
308,311
309,308
309,312
309,313
310,308
310,314
310,312
311,308
311,308
311,232
232,311
232,229
232,229
226,222
226,315
226,231
315,316
315,25
315,226
317,318
317,319
317,320
318,317
318,321
318,322
319,323
319,324
319,325
319,317
320,326
320,327
320,317
328,321
328,329
328,330
328,331
321,318
321,328
321,322
329,328
329,332
329,333
330,328
330,334
330,335
331,336
331,328
331,337
338,339
339,340
339,341
342,343
342,344
343,342
343,345
343,346
344,347
344,345
348,349
348,350
348,351
349,352
349,348
349,353
350,354
350,348
350,355
351,356
351,348
351,357
358,359
358,360
358,361
359,358
359,362
359,363
360,358
360,364
360,365
361,358
361,366
361,367
368,369
368,370
368,203
369,368
369,371
369,372
370,373
370,368
370,374
203,368
203,375
203,197
376,377
376,378
376,379
377,376
377,380
377,381
378,376
378,382
378,383
379,384
379,385
379,376
386,387
386,388
386,389
387,390
387,391
388,391
388,392
388,393
389,394
389,386
389,395
396,397
396,398
397,399
397,400
398,401
398,402
398,403
398,404
405,406
406,405
406,407
408,409
409,410
409,408
409,411
412,413
412,414
412,415
412,416
413,412
413,417
413,418
413,419
414,420
414,412
414,421
415,422
415,412
415,423
416,424
416,412
416,425
416,426
427,428
427,429
427,430
428,427
428,431
428,432
429,427
430,433
430,427
430,434
435,436
435,437
435,438
436,435
436,439
436,440
437,441
437,435
437,442
438,443
438,444
438,435
445,446
445,447
445,448
446,445
446,449
446,450
447,445
447,451
447,452
448,453
448,445
448,454
455,456
455,457
455,458
456,459
456,460
456,455
457,461
457,455
457,462
457,463
458,464
458,461
458,455
465,466
465,467
465,468
466,465
466,469
466,468
467,470
467,471
467,472
467,473
467,474
468,475
468,476
453,477
453,478
453,448
477,479
477,480
477,453
477,481
478,453
478,482
478,480
483,484
483,485
484,486
484,487
485,488
485,483
489,490
489,491
489,492
490,493
490,489
490,494
491,489
491,495
491,496
492,489
492,497
492,494
498,499
498,500
498,501
499,502
499,498
499,503
500,498
500,504
500,505
501,506
501,498
501,507
508,509
508,510
509,511
509,512
510,513
510,508
510,514
515,516
515,517
515,518
516,519
516,515
516,520
517,521
517,515
517,522
518,523
518,515
518,524
525,526
525,150
526,527
526,150
528,529
528,530
529,531
529,532
530,533
530,534
530,535
531,536
536,537
200,538
200,539
200,196
201,540
201,541
201,196
542,543
542,544
542,545
543,546
543,542
543,547
544,542
544,548
544,549
545,542
545,550
545,551
550,548
550,545
550,552
551,546
551,545
551,553
23,20
24,26
24,20
24,554
225,221
225,555
225,556
26,24
26,21
26,221
557,558
557,559
557,560
558,557
558,520
558,561
559,562
559,563
559,557
560,524
560,564
560,557
565,566
565,567
565,568
566,569
566,570
566,565
567,571
567,565
567,572
568,573
568,565
568,574
571,575
571,576
571,567
572,577
572,567
572,578
579,580
579,581
579,582
580,579
580,583
580,584
581,579
581,585
581,586
582,587
582,579
582,588
587,589
587,590
587,582
588,591
588,582
588,592
593,594
593,595
593,596
594,593
594,597
594,598
594,599
595,593
595,600
595,601
596,602
596,603
596,593
603,604
603,604
603,596
604,605
604,603
604,603
606,607
606,608
606,609
607,610
607,606
607,611
608,612
608,613
608,606
609,614
609,615
609,606
616,617
616,618
616,619
617,620
617,621
617,616
618,622
618,623
618,616
619,624
619,616
619,625
626,627
626,628
626,629
627,626
627,630
627,631
628,632
628,626
628,633
629,634
629,626
629,632
635,636
635,637
635,638
635,639
636,640
636,635
636,641
637,635
637,642
637,643
638,635
638,644
638,645
639,646
639,647
639,635
648,610
648,649
648,650
610,648
610,607
610,651
649,648
649,652
649,653
650,654
650,655
650,648
656,657
656,658
656,659
657,660
657,656
657,661
658,662
658,656
658,663
659,664
659,656
659,665
666,667
666,668
666,669
667,670
667,671
667,666
668,672
668,673
668,674
668,666
669,675
669,666
669,676
669,674
677,678
677,679
677,680
678,677
678,681
678,682
679,677
679,683
679,684
680,685
680,686
680,677
687,688
687,689
687,690
688,683
688,687
688,691
689,687
689,692
689,693
690,687
690,694
690,695
696,694
696,697
696,698
694,690
694,696
694,699
697,700
697,696
697,701
698,702
698,703
698,696
704,705
704,706
704,707
705,708
705,704
705,709
706,704
706,710
706,710
707,711
707,704
707,712
713,714
713,715
713,716
714,713
714,717
714,718
715,719
715,713
715,720
716,713
716,721
716,722
723,724
723,725
723,726
723,727
724,723
724,728
724,710
725,723
725,729
726,729
726,730
726,723
726,731
727,723
727,732
727,728
733,734
733,735
733,736
734,737
734,733
734,738
735,733
735,739
735,740
736,733
741,742
741,743
741,744
742,745
742,741
742,746
743,741
743,747
743,748
744,749
744,741
744,750
751,752
751,737
751,738
752,751
752,721
752,737
737,751
737,734
737,752
738,751
738,734
738,753
754,755
754,756
754,757
755,758
755,754
755,759
756,754
756,760
756,761
757,762
757,754
757,763
764,765
764,766
764,767
765,764
765,768
765,769
766,770
766,764
766,771
767,772
767,773
767,764
774,775
774,769
774,776
775,774
775,777
775,778
769,774
769,765
769,768
776,774
776,779
776,780
781,782
781,783
781,784
782,781
782,785
782,786
783,787
783,781
783,788
784,781
784,789
784,788
790,791
790,792
790,793
791,794
791,790
791,795
792,796
792,790
792,797
793,798
793,790
793,799
796,800
796,801
796,792
797,792
801,796
801,802
801,803
802,801
802,804
802,805
803,806
803,807
803,801
732,727
732,808
808,809
810,811
810,812
810,813
811,810
811,814
811,815
812,816
812,810
812,817
813,810
762,757
762,818
762,819
818,762
818,816
818,820
819,821
819,822
819,762
823,824
823,825
823,826
824,827
824,823
824,828
825,829
825,830
825,823
826,831
826,832
826,823
826,833
834,835
834,836
834,837
835,834
835,838
835,839
836,840
836,834
836,841
837,842
837,834
837,843
844,845
844,846
844,847
845,827
845,844
845,848
846,849
846,844
846,850
847,851
847,852
847,844
686,680
686,853
686,854
686,855
853,856
853,857
853,686
854,858
854,859
854,686
855,860
855,686
855,861
862,863
862,864
862,865
863,866
863,862
863,867
864,868
864,867
864,862
865,869
865,870
865,862
219,216
219,871
219,872
871,873
871,219
871,874
872,219
872,875
872,876
575,877
575,571
575,878
877,575
877,879
877,880
878,881
878,575
878,882
878,883
879,884
879,877
879,885
880,877
886,887
886,888
887,889
887,886
887,884
888,890
891,892
891,893
892,891
892,894
892,895
893,896
896,897
896,898
897,896
897,899
897,900
898,901
898,902
902,903
902,901
903,902
903,904
903,905
901,906
907,832
907,908
907,909
832,826
832,907
832,909
908,907
908,910
908,911
909,912
909,907
909,832
910,908
910,913
910,914
910,915
911,912
911,916
911,908
917,918
917,919
917,920
917,921
918,917
918,922
918,923
919,917
919,924
919,925
920,926
920,927
920,917
921,928
921,929
921,917
243,930
243,931
243,932
930,244
930,243
931,933
931,934
931,243
932,935
932,934
899,936
899,897
899,937
936,899
936,938
936,939
937,940
937,899
937,941
939,941
939,936
939,942
941,939
941,937
941,943
942,944
942,939
942,945
152,946
152,947
946,199
946,947
947,528
532,534
532,531
948,479
948,949
948,950
479,948
479,477
479,951
949,952
949,948
949,953
950,954
950,481
950,948
955,956
955,957
956,958
956,955
956,959
957,955
957,960
961,962
961,959
961,963
961,964
962,965
962,961
962,966
959,958
959,961
959,956
959,967
963,965
963,968
963,961
964,966
964,958
964,961
969,970
969,971
969,972
970,973
970,969
970,974
971,969
971,975
971,976
972,969
972,977
972,978
979,980
979,981
979,982
980,451
980,979
980,983
981,979
981,470
981,984
982,985
982,986
982,979
987,988
987,473
987,989
988,987
988,990
988,991
988,471
473,987
473,985
473,467
989,992
989,987
989,993
985,982
985,994
985,473
994,985
994,995
994,996
997,998
997,999
997,1000
997,1001
998,997
998,1002
998,1003
999,997
999,1004
999,1005
1000,1006
1000,1007
1000,997
1000,1008
1001,1009
1001,1010
1001,997
1011,1012
1011,1013
1012,1011
1012,1014
1012,1015
1013,1016
1013,1017
1018,1019
1018,1020
1018,1021
1019,1022
1019,1018
1019,1023
1020,1024
1020,1018
1020,1025
1021,1026
1021,1018
1021,1027
1028,1024
1028,1029
1028,1030
1024,1031
1024,1028
1024,1020
1029,1028
1029,1032
1029,1033
1029,1034
1030,1026
1030,1028
1030,1035
1036,1037
1036,1038
1036,1039
1036,1040
1037,1036
1037,1041
1037,1042
1038,1043
1038,1036
1038,1044
1039,1045
1039,1036
1039,1046
1040,1047
1040,1036
1040,1042
1048,1049
1048,1050
1049,1051
1049,1048
1049,1052
1050,1053
1054,1055
1054,1056
1054,1057
1054,1058
1055,1054
1055,1059
1055,1060
1056,1054
1056,1061
1056,1062
1057,1063
1057,1054
1057,952
1058,1054
1058,1064
1058,1065
1058,1066
1061,1056
1061,1067
1061,1064
1062,1056
1062,1068
1062,1069
1070,1071
1070,1072
1070,1073
1070,1074
1071,1070
1071,1075
1071,1076
1072,1070
1072,1077
1072,1078
1073,1079
1073,1080
1073,1070
1074,1081
1074,1082
1074,1070
1083,1079
1083,1084
1083,1069
1079,1073
1079,1083
1079,1085
1084,1083
1084,1086
1084,1087
1069,1088
1069,1083
1069,1062
951,952
951,1063
951,479
952,951
952,1057
952,949
1063,1057
1063,1059
1063,951
1063,1089
1059,1063
1059,1055
1059,1090
1089,450
1089,1091
1089,1063
976,1092
976,1093
976,971
1092,976
1092,954
1092,1094
1093,1095
1093,1096
1093,976
1096,1093
1096,1097
1096,1098
1097,1096
1097,1099
1097,1100
1098,1096
1095,1093
1095,1101
1095,1100
1102,1103
1103,1102
1103,1101
1103,1104
1105,1106
1105,1107
1105,1108
1106,1109
1106,1105
1106,1110
1107,1111
1107,1105
1107,1112
1108,1113
1108,1114
1108,1115
1108,1105
1111,1107
1111,1116
1111,1117
1116,1118
1116,1118
1116,1111
1117,1119
1117,1111
1117,1120
1121,1122
1121,1123
1121,1124
1121,431
1122,1121
1122,1125
1122,1126
1123,1121
1123,1127
1123,1128
1124,1129
1124,1121
1124,1130
431,428
431,1130
431,1121
1131,1132
1131,1133
1131,1134
1132,1131
1132,1135
1132,1136
1133,1137
1133,1131
1133,1138
1134,1139
1134,1109
1134,1131
1137,1133
1138,1140
1138,1141
1138,1133
1142,1143
1142,1144
1142,1145
1143,1142
1143,1146
1143,1147
1144,1142
1144,1148
1144,1149
1145,1150
1145,1151
1145,1142
1139,1134
1139,1118
1139,1152
1109,1153
1109,1106
1109,1134
1154,1110
1154,1155
1154,1155
1110,1156
1110,1154
1110,995
1110,1106
1155,1157
1155,1154
1155,1154
1155,1114
1156,1110
1156,1158
995,1159
995,994
995,1110
1159,1160
1159,1161
1159,995
1162,1163
1162,1164
1163,1162
1163,1165
1163,1166
1164,1167
1164,1162
1164,1168
1169,1170
1169,1171
1169,1172
1170,1173
1170,1174
1170,1169
1171,1175
1171,1176
1171,1169
1172,1177
1172,1178
1179,1180
1179,1181
1179,1182
1179,1183
1180,1184
1180,1179
1180,1185
1181,1179
1181,1186
1181,1187
1182,1188
1182,1187
1182,1179
1183,1189
1183,1179
1183,1190
1184,1180
1184,1191
1184,1192
1191,1193
1191,1194
1191,1184
1192,1194
1192,1195
1192,1184
1194,1192
1194,1196
1194,1191
1194,1197
1195,1192
1195,1198
1195,1199
1200,1201
1200,1202
1200,1203
1200,1204
1201,1205
1201,1200
1201,1206
1202,1200
1202,1207
1202,1208
1203,1209
1203,1210
1203,1200
1204,1211
1204,1212
1204,1200
1208,1202
1208,1213
1208,1214
1208,1215
1208,1216
1213,1208
1213,1217
1213,1218
1214,1219
1214,1220
1214,1221
1214,1208
1215,1222
1215,1218
1215,1208
1216,1223
1216,1208
1216,1221
1222,1215
1222,1209
1222,1224
1218,1215
1218,1213
1218,1225
1218,1226
1227,1228
1227,1229
1227,1230
1228,1227
1228,1231
1228,1232
1229,1233
1229,1227
1229,1232
1230,1234
1230,1227
1230,1235
424,1236
424,416
424,1237
425,1238
425,416
425,1239
426,1240
426,1241
426,416
426,1242
1238,425
1238,1243
1238,1244
1238,1245
1243,1246
1243,1247
1243,1238
1244,1238
1244,1193
1244,1248
1245,1249
1245,1250
1245,1238
1119,1117
1119,1251
1119,1129
1251,1252
1251,1253
1251,1254
1129,1124
1129,1255
1129,1119
1256,1257
1256,1258
1256,1259
1257,1256
1257,1260
1257,1261
1258,1262
1258,1262
1258,1256
1259,1263
1259,1264
1259,1256
1265,1266
1265,1267
1265,1268
1265,1269
1266,1270
1266,1265
1266,1271
1267,1261
1267,1265
1267,1272
1268,1265
1268,1273
1268,1274
1269,1265
1269,1275
1269,1276
1277,1278
1277,1279
1277,1280
1277,1281
1278,1282
1278,1280
1278,1277
1279,1283
1279,1277
1279,1281
1280,1284
1280,1278
1280,1285
1281,1277
1281,1286
1287,1288
1287,861
1287,1289
1288,1287
1288,1290
861,1287
861,855
861,1291
1289,1292
1289,1293
1289,1287
1294,1295
1294,1296
1294,1297
1295,1294
1295,1298
1295,1299
1296,1298
1296,1300
1296,1294
1297,1301
1297,1294
1297,1302
1299,1303
1299,1295
1299,1304
1303,1301
1303,1299
1303,1304
1304,1305
1304,1303
1304,1299
1301,1297
1301,1295
1301,1303
1302,1297
1302,1306
1302,1307
1305,1308
1305,1309
1305,1304
1308,1310
1308,1305
1308,1311
1309,1305
1309,1312
1309,1313
1314,1315
1314,1316
1314,1317
1315,1318
1315,1314
1315,1319
1316,1320
1316,1314
1316,1321
1317,1319
1317,1314
1317,1322
1323,1324
1323,1318
1323,1325
1323,1326
1324,1327
1324,1323
1324,1328
1318,1323
1318,1315
1318,1329
1325,1330
1325,1323
1325,1331
1326,1332
1326,1333
1326,1323
1334,1335
1334,1336
1334,1337
1335,1338
1335,1334
1335,1339
1336,1334
1336,1340
1336,1341
1336,1307
1337,1342
1337,1334
1337,1338
1343,1344
1343,1345
1343,1346
1343,1347
1344,1343
1344,843
1344,1348
1345,1349
1345,1343
1345,1350
1346,1343
1346,1351
1346,1352
1347,1343
1347,1353
1347,1353
1354,1355
1354,1356
1354,1357
1354,1358
1355,1359
1355,1354
1355,1360
1356,1361
1356,1354
1356,1362
1357,1363
1357,1364
1357,1356
1357,1365
1357,1354
1358,1366
1358,1364
1358,1354
1367,1368
1367,1369
1368,1367
1368,1370
1369,1371
1369,1367
1369,110
1370,1372
1370,1373
1372,1374
1372,1375
1373,1376
1373,1370
1374,1367
1374,1377
1374,1378
1375,1379
1375,1377
1375,1372
1377,1374
1377,1375
1378,1380
1378,1381
1378,1374
384,379
384,1382
384,1383
385,1348
385,1384
385,379
843,1344
843,837
843,1385
1348,1344
1348,385
1348,1386
1386,1387
1386,1348
1386,1384
1385,843
1385,1382
1385,1388
1384,385
1384,1386
1384,1389
1390,1391
1390,1392
1390,1393
1390,1394
1391,1395
1391,1390
1391,1396
1392,1390
1393,1397
1393,1398
1393,1390
1394,1390
1394,1399
1394,1400
1401,1402
1401,1403
1401,1404
1401,1405
1402,1406
1402,1401
1402,1407
1403,1401
1403,1395
1403,1404
1404,1408
1404,1401
1404,1403
1405,1409
1405,1410
1405,1401
1411,1412
1411,1413
1411,1414
1411,1415
1412,1416
1412,1411
1412,1414
1413,1417
1413,1411
1413,1418
1414,1406
1414,1411
1414,1412
1415,1419
1415,1420
1415,1411
1408,1421
1408,1422
1408,1404
1408,1423
1421,1424
1421,1408
1421,1425
1422,1408
1422,1416
1422,1407
1423,1426
1423,1427
1423,1428
1423,1408
1424,1429
1424,1421
1424,1430
1424,1431
1429,1432
1429,1424
1429,1433
1430,1399
1430,1424
1430,1434
1431,1433
1431,1424
1431,1435
1395,1403
1395,1391
1395,1436
1395,1398
1436,1425
1436,1395
1436,1396
1398,1395
1398,1393
1398,1409
1425,1421
1425,1436
1425,1396
1416,1422
1416,1412
1416,1437
1416,1438
1437,1439
1437,1418
1437,1416
1438,1440
1438,1426
1438,1441
1438,1416
1417,1418
1417,1420
1417,1442
1417,1413
1418,1437
1418,1417
1418,1413
1420,1417
1420,1443
1420,1415
1442,1444
1442,1417
1442,1445
1439,1437
1439,1446
1439,47
1444,1445
1444,1447
1444,1448
1444,1442
1444,1449
1445,1446
1445,1444
1445,1442
1447,1444
1447,1443
1447,1450
1448,1451
1448,1450
1448,1444
1449,1444
1446,1439
1446,1445
1446,1452
1452,1446
1452,1453
1452,1454
1451,1448
1451,1453
1451,58
1450,1448
1450,1447
1450,57
1455,72
1455,1456
1455,1457
72,1458
72,1455
72,66
1456,1459
1456,1455
1456,1460
1457,1458
1457,1455
1457,1461
683,1462
683,688
683,679
1462,683
1462,1463
1462,1464
1465,1466
1465,212
1465,1467
1465,1468
1466,1469
1466,1465
1466,1470
212,1471
212,1465
212,206
212,1472
1467,1473
1467,1474
1467,1465
1468,1475
1468,1465
1468,1476
1477,1478
1477,1479
1477,1480
1478,1477
1478,1481
1478,1482
1479,1477
1479,1483
1479,1484
1480,1485
1480,1486
1480,1487
1480,1477
1476,1488
1476,1481
1476,1468
1488,1476
1488,1489
1488,1490
1481,1478
1481,1476
1481,1491
480,477
480,1492
480,478
481,477
481,950
481,1493
1494,1495
1494,1496
1494,1497
1495,1498
1495,1494
1495,1499
1496,1500
1496,1501
1496,1494
1497,1502
1497,1494
1497,1113
1501,1503
1501,1496
1503,1504
1503,1505
1506,1507
1506,1508
1506,1509
1507,1510
1507,1506
1507,1511
1508,1506
1508,1512
1508,1513
1509,1514
1509,1515
1509,1506
1509,1516
1510,1507
1510,1517
1510,1518
1511,1519
1511,1507
1511,1520
1511,1521
1517,1522
1517,1523
1517,1510
1522,1517
1522,1524
1522,1524
1523,1517
1523,1525
1523,1526
1527,1528
1527,1529
1527,1530
1528,1531
1528,1527
1528,1532
1529,1533
1529,1534
1529,1535
1529,1527
1530,1536
1530,1527
1530,1537
906,1538
906,888
1538,886
1538,1539
890,893
890,891
83,1540
83,1541
1542,1543
1542,1544
1542,1545
1542,1546
1543,1542
1543,1547
1543,1548
1544,1549
1544,1550
1544,1542
1545,1551
1545,1542
1545,1552
1546,1553
1546,1542
1546,1554
1196,1555
1196,1194
1196,1556
1197,1557
1197,1194
1197,1558
1193,1559
1193,1191
1193,1244
1560,1561
1560,1562
1560,1563
1561,1564
1561,1560
1561,1565
1562,1566
1562,1567
1562,1560
1563,1568
1563,1569
1563,1560
1563,1570
1568,1563
1568,1571
1568,1572
1569,1573
1569,1563
1569,1574
1570,1575
1570,1563
1570,105
1551,1571
1551,1545
1551,1576
1552,1572
1552,1545
1552,1241
1572,1568
1572,1552
1572,1242
1241,426
1241,1552
1241,1577
1241,1236
1242,1578
1242,1572
1242,426
1242,1577
1571,1568
1571,1551
1571,1579
1577,1580
1577,1242
1577,1241
1236,424
1236,1548
1236,1241
1236,1555
1240,426
1240,1581
1240,1582
1240,1583
1584,418
1584,417
1584,1585
418,1584
418,1586
418,1587
418,413
417,413
417,1234
417,1584
417,1585
1585,1588
1585,1584
1585,417
1581,1589
1581,1586
1581,1240
1589,1581
1589,1590
1589,1591
1586,1581
1586,418
1586,423
1591,1592
1591,1593
1591,1589
1592,1594
1592,1591
1592,1595
1593,1596
1593,1591
1593,1597
1582,1596
1582,1598
1582,1240
1583,1599
1583,1240
1583,1600
1596,1582
1596,1601
1596,1593
1601,1596
1601,1602
1601,1603
1602,1564
1602,1601
1602,1578
1603,1604
1603,1605
1603,1601
1564,1561
1564,1602
1564,1578
1564,1606
1578,1564
1578,1561
1578,1242
1606,1564
1606,1607
1608,1605
1605,1609
1605,1608
1605,1603
1566,1562
1566,1610
1566,1611
1567,1612
1567,1565
1567,1562
1610,1566
1611,1566
1613,1614
1613,1574
1613,1612
1614,1615
1614,1612
1614,1613
1574,1613
1574,1616
1574,1569
1574,1573
1612,1614
1612,1567
1612,1613
1612,1617
1615,1614
1617,1618
1617,1619
1617,1620
1617,1612
1609,1605
1604,1603
1621,1622
1621,1623
1621,1624
1621,1625
1622,1621
1622,1626
1622,1627
1623,1628
1623,1629
1623,1621
1624,1621
1624,1630
1624,1631
1625,1632
1625,1549
1625,1621
1598,1582
1597,1593
1597,1633
1597,1594
1599,1583
1599,422
1599,1634
1600,1583
1600,423
1600,422
1559,1635
1559,1193
1559,1555
1633,1597
1594,1592
1594,1636
1594,1597
1637,1638
1637,1639
1637,1640
1638,1637
1638,1641
1638,1642
1639,1643
1639,1637
1639,1644
1640,1645
1640,1637
1640,1646
1636,1641
1636,1594
1636,1647
423,1600
423,415
423,1586
422,1599
422,415
422,1600
420,1648
420,414
420,419
420,1246
1648,1649
1648,420
1648,1650
419,413
419,420
419,1651
1246,1243
1246,1652
1246,420
1653,1654
1653,1655
1653,1656
1654,1657
1654,1658
1654,1653
1655,1659
1655,1660
1655,1653
1656,1661
1656,1653
1656,1662
1658,1654
1658,1663
1658,1220
1663,1664
1663,1658
1663,1665
1220,1666
1220,1214
1220,1658
1657,1667
1657,1668
1657,1654
1662,1669
1662,1667
1662,1656
1669,1662
1669,1670
1669,1671
1667,1657
1667,1662
1667,1672
1673,1671
1673,1674
1671,1669
1671,1673
1671,1675
1674,1676
1674,1677
1198,1195
1198,1678
1198,1679
1678,1630
1678,1198
1678,1680
1679,1198
1679,124
1679,1681
1668,1682
1668,1657
1668,1683
1684,1683
1684,1685
1684,1226
1683,1668
1683,1684
1683,1686
1685,1687
1685,1688
1685,1684
1226,1689
1226,1684
1226,1218
1682,1668
1682,1690
1682,1691
1691,1692
1691,1693
1691,1682
1692,1694
1692,1691
1692,1695
1693,1691
1693,1696
1693,1697
1689,1226
1689,1698
1689,1699
1698,1689
1698,1694
1698,1700
1699,1701
1699,1689
1699,1702
1630,1703
1630,1624
1630,1678
1680,1704
1680,1705
1680,1678
1706,123
123,1707
123,115
123,1706
1707,123
1707,124
1707,1708
124,1707
124,1679
124,115
1708,1709
1708,1707
1708,1710
1711,1712
1711,1713
1711,1714
1711,1715
1712,1716
1712,1711
1712,1717
1713,1718
1713,1711
1713,1719
1714,118
1714,1711
1714,1720
1715,1711
1716,1712
1716,1710
1716,1721
1710,1716
1710,1722
1710,1708
1721,1723
1721,1716
1721,1724
1723,1721
1723,1725
1723,1726
1724,1727
1724,1721
1724,1728
1729,1727
1729,1730
1729,1731
1727,1724
1727,1729
1727,1732
1730,1729
1730,1733
1730,1734
1731,1729
1731,1735
1736,1737
1736,1738
1736,1739
1737,1736
1737,1740
1737,1741
1738,1742
1738,1743
1738,1736
1739,1744
1739,1740
1739,1736
1745,1746
1745,1747
1745,1748
1745,1749
1746,1750
1746,1745
1746,1751
1747,1745
1747,1752
1747,1726
1748,1753
1748,1745
1748,1754
1749,1745
1755,1756
1755,1757
1756,1758
1756,1759
1757,1733
1757,1755
1757,1760
1761,1762
1761,1743
1761,1763
1761,1741
1762,1761
1762,1764
1762,1765
1743,1761
1743,1738
1743,1766
1763,1767
1763,1761
1763,1765
1741,1761
1741,1737
1741,1768
1764,1769
1764,1770
1764,1762
1764,1771
1765,1772
1765,1762
1765,1763
1773,1755
1773,1774
1774,1773
1774,1775
1774,1776
1777,1778
1777,1779
1777,1780
1778,354
1778,1777
1778,1781
1779,1782
1779,1777
1779,357
1780,1783
1780,1784
1780,1777
1785,1786
1785,1787
1785,1788
1786,1785
1786,1789
1786,1790
1787,1791
1787,1785
1787,1792
1788,1793
1788,1794
367,1795
367,1796
367,361
1795,367
1795,1797
1795,1798
1796,1799
1796,367
1796,1800
1799,1801
1799,1796
1801,1802
1801,1799
1801,1803
105,102
105,1804
105,1570
1804,105
1607,1805
1607,1806
1607,1606
1646,1807
1646,1640
1807,1606
1807,1602
1806,1808
1806,1809
1806,1607
1808,1645
1808,1807
1809,1810
1809,1811
1809,1806
1805,1812
1805,1813
1811,1809
1811,1814
1814,1815
1814,1816
1814,1811
1223,1216
1223,1231
1223,1817
1231,1223
1231,1818
1231,1228
1817,1221
1817,1819
1817,1223
1659,1655
1659,1820
1659,1588
1660,1655
1660,1821
1660,1822
1225,1217
1225,1687
1225,1218
1217,1213
1217,1225
1217,1219
1687,1823
1687,1685
1687,1225
990,1824
990,988
990,1825
1824,990
1824,1826
1824,1827
1825,990
1825,1828
1825,1829
991,1830
991,988
991,1831
471,988
471,1828
471,467
471,1832
1830,1833
1830,1834
1830,1835
1830,991
1833,1836
1833,1830
1833,1837
1834,1830
1834,1838
1834,1839
1835,1840
1835,1830
1835,1841
1842,1843
1843,1844
1843,1842
1843,1845
1844,1843
1844,1846
1844,1847
1844,1848
1845,1843
1849,1850
1849,1851
1849,1852
1850,1853
1850,1849
1850,1854
1851,1849
1851,1855
1851,1852
1852,1849
1852,1851
1852,1856
1857,1858
1857,1859
1857,1847
1857,1860
1858,1857
1858,1861
1858,1862
1859,1863
1859,1860
1847,1844
1847,1857
1847,1861
1860,1857
1860,1864
1860,1859
1865,1866
1865,1867
1865,1868
1865,1869
1866,1870
1866,1865
1866,1864
1866,1871
1867,1865
1868,1872
1868,1865
1868,1873
1869,1874
1869,1865
1863,1869
1863,1846
1875,1876
1875,1877
1875,1878
1876,1875
1876,1879
1877,1880
1877,1875
1877,1881
1878,1882
1878,1883
1878,1875
1870,1866
1870,1884
1870,1864
1864,1860
1864,1866
1864,1870
1871,1866
1871,1881
1871,1880
1885,1886
1885,1880
1885,1887
1886,1888
1886,1885
1886,1889
1880,1877
1880,1885
1880,1871
1887,1890
1887,1885
1887,1891
1890,1892
1890,1893
1890,1887
1892,1894
1892,1890
1892,1895
1893,1896
1893,1890
1893,1897
1898,1896
1898,1899
1896,1893
1896,1900
1896,1898
1896,1901
1899,1902
1899,1903
1899,1904
1899,1898
1900,1905
1900,1906
1900,1896
1901,1907
1901,1908
1901,1896
1909,1910
1909,1911
1910,1912
1910,1913
1910,1909
1911,1914
1911,1909
1911,1915
1916,1917
1916,1918
1916,1906
1917,1919
1917,1920
1917,1921
1918,1922
1918,1916
1906,1900
1906,1916
1906,1923
1924,1925
1924,1926
1924,1927
1925,1914
1925,1924
1925,1928
1926,1929
1926,1924
1926,1928
1927,1930
1927,1931
1927,1924
1905,1932
1905,1900
1905,1933
1923,1934
1923,1935
1923,1906
1936,1937
1936,1938
1936,1939
1937,1936
1937,1940
1937,444
1938,1941
1938,1936
1938,1942
1939,1936
1939,1254
1939,1943
1932,1944
1932,1905
1932,1945
1944,1932
1944,1946
1944,1947
1945,1932
1945,1908
1945,1948
1666,1821
1666,1220
1666,1819
1821,1666
1821,1949
1821,1660
1819,1817
1819,1950
1819,1666
1219,1214
1219,1823
1219,1217
1219,1664
1823,1687
1823,1665
1823,1219
1664,1663
1664,1665
1664,1219
1221,1817
1221,1214
1221,1216
1665,1664
1665,1823
1665,1663
1951,1952
1951,1953
1951,1954
1952,1955
1952,1951
1953,1954
1953,1956
1953,1951
1954,1953
1954,1957
1954,1951
302,1958
302,300
302,1959
302,1956
303,300
303,933
303,1959
303,241
933,931
933,1960
933,303
1960,933
1960,1961
1960,934
1961,1960
1961,1962
1961,1963
1961,1959
934,931
934,932
934,1960
1964,1965
1964,1956
1964,1966
1965,1967
1965,1968
1965,1964
1965,1969
1956,1953
1956,1964
1956,302
1956,1970
1966,1971
1966,1972
1966,1964
1970,1973
1970,1956
1970,1974
1970,1975
1970,1976
1958,302
1971,1966
1971,1957
1971,1977
1972,1978
1972,1979
1972,1966
1969,1980
1969,1981
1969,1979
1969,1965
1980,1982
1980,1969
1980,1983
1980,1984
1981,1983
1981,1985
1981,1969
1979,1986
1979,1969
1979,1972
1968,1965
1968,1976
1968,1987
1976,1968
1976,1970
1976,1974
1987,1968
1987,1988
1987,1989
1967,1965
1967,1990
1967,1991
1990,1967
1990,1992
1990,1993
1990,1994
1992,1995
1992,1996
1992,1990
1993,1990
1993,1997
1993,1998
1994,1999
1994,2000
1994,1990
1997,2001
1997,1993
1997,2002
2001,2003
2001,1997
2001,2004
2002,2003
2002,1997
2002,2005
2003,2001
2003,2006
2003,2002
2004,2006
2004,2001
2004,2007
1999,1994
1999,2008
1999,2009
2000,2009
2000,1994
2000,2007
2009,2010
2009,2000
2009,1999
2010,2011
2010,2009
2010,2012
2010,2013
2006,2004
2006,2014
2006,2003
2007,2004
2007,2015
2007,2000
2015,2014
2015,2007
2015,2011
2014,2015
2014,2013
2014,2006
2011,2013
2011,2015
2011,2010
2013,2011
2013,2014
2013,2010
2012,2016
2012,2010
2012,2017
2005,2018
2005,2002
2005,2019
2019,2020
2019,2005
2019,2021
2020,2022
2020,2022
2020,2019
2021,2019
2021,2023
2021,2024
2025,2026
2025,2027
2025,2028
2026,2025
2026,2029
2026,2027
2027,2030
2027,2025
2027,2026
2028,2025
2028,2031
2028,2032
2030,2033
2030,2027
2030,2034
2033,2035
2033,2036
2033,2030
2034,2037
2034,2030
2034,2038
2039,2040
2039,1027
2039,2041
2040,2042
2040,2039
2040,2043
1027,2042
1027,1021
1027,2039
2041,2044
2041,2045
2041,2039
470,981
470,2046
470,467
472,474
472,2047
472,467
472,2048
474,476
474,472
474,467
1113,2049
1113,1108
1113,1497
1114,2050
1114,1108
1114,1155
1115,2051
1115,1108
1115,1502
1252,1251
1252,1501
2052,2053
2052,2054
2053,2052
2053,2055
2053,2056
2054,2057
2054,2058
2059,2060
2059,2061
2059,2062
2060,2059
2060,2063
2060,2064
2061,2065
2061,2059
2061,2066
2062,2067
2062,2059
2062,2068
2064,2069
2064,2070
2064,2060
2069,2071
2069,2064
2069,2072
2070,2073
2070,2064
2070,2074
269,265
269,2075
269,2076
270,265
270,263
271,2077
271,2075
271,2078
271,265
2076,2079
2076,2080
2076,269
2079,2081
2079,2076
2079,2082
2080,2083
2080,2076
2080,2084
2085,2086
2086,2085
2086,2081
2086,2087
2088,2089
2088,2090
2088,2091
2089,2092
2089,2093
2089,2088
2090,2092
2090,2088
2090,2094
2091,2093
2091,2095
2091,2088
258,2092
258,254
258,2096
257,254
257,2097
257,264
2097,2083
2097,257
2097,2098
2083,2097
2083,2080
2083,268
2098,2097
2098,2084
2098,2099
2092,2089
2092,258
2092,2100
2092,2090
2100,2092
2100,2101
2100,2102
2103,2104
2103,2105
2103,2106
2103,2107
2104,2108
2104,2103
2104,2109
2105,2110
2105,2103
2105,2111
2106,2112
2106,2113
2106,2114
2106,2103
2107,2115
2107,2103
2107,2116
2084,2098
2084,2081
2084,2080
2084,2087
2099,2111
2099,2117
2099,2098
2118,2119
2118,261
2118,2120
2119,2118
2119,2121
2119,260
261,2122
261,255
261,2118
2120,2123
2120,2124
2120,2118
305,2125
305,239
305,247
2126,2127
2126,2128
2127,2126
2127,2129
2127,2130
2128,2131
2128,2132
364,360
364,2133
364,2134
365,360
365,2135
365,2136
2137,2138
2137,2139
2137,2140
2138,2141
2138,2137
2138,2142
2139,2137
2139,2143
2140,2144
2140,2137
2145,2146
2145,2147
2145,2141
2146,2148
2146,2145
2146,2149
2147,2145
2147,2150
2147,2151
2141,2152
2141,2145
2141,2138
2141,2150
2153,2154
2153,2155
2153,2156
2154,2157
2154,2153
2154,2158
2154,2159
2155,2160
2155,2153
2155,2161
2156,2162
2156,2163
2156,2153
2156,2164
2156,2165
2160,2155
2160,2162
2160,2166
2161,2167
2161,2168
2161,2155
2161,2169
2168,2167
2168,2169
2168,2161
2167,2166
2167,2168
2167,2161
2169,2168
2169,2158
2169,2161
2170,2171
2170,2172
2170,2166
2171,2173
2171,2170
2171,2158
2172,2170
2172,2174
2172,2175
2172,6
2166,2167
2166,2176
2166,2177
2166,2170
2166,2160
2174,2178
2174,2172
2174,2179
2174,2180
2178,2174
2178,2181
2178,2182
2179,2174
2179,2183
2179,2184
2180,2185
2180,2174
2180,2186
2187,2188
2187,2189
2187,440
2188,2187
2188,2190
2188,2191
2189,2187
2189,2192
2189,2193
440,2187
440,436
440,2194
2195,2196
2195,2190
2195,2197
2196,2195
2196,2197
2196,2198
2196,2199
2190,2195
2190,2191
2190,2188
2197,2200
2197,2196
2197,2195
2201,2202
2201,2203
2201,2204
2202,2201
2202,2205
2202,2206
2203,2201
2203,2205
2204,2207
2204,2208
2204,2201
2204,2209
2210,2211
2210,2212
2210,2213
2210,2214
2211,2210
2211,2214
2211,2215
2212,2216
2212,2217
2212,2210
2213,2218
2213,2219
2213,2210
2214,2217
2214,2210
2214,2211
2219,2220
2219,2213
2219,2221
2220,2219
2220,2222
2221,2223
2221,2224
2221,2219
2225,2226
2225,2227
2225,2228
2225,2229
2226,2225
2226,2230
2226,2231
2227,2225
2227,2232
2227,2233
2228,2234
2228,2225
2228,2235
2228,2226
2229,2236
2229,2225
2229,2235
2217,2237
2217,2238
2217,2212
2217,2214
2237,2217
2237,2239
2237,2240
2238,2217
2238,2240
2238,2236
2241,2242
2241,2243
2241,2244
2242,2241
2243,2245
2243,2241
2243,2246
2244,2247
2244,2248
2244,2241
2249,2250
2249,2251
2249,2252
2249,2253
2250,2249
2250,2254
2250,2255
2250,2256
2251,2249
2251,2257
2251,2258
2252,2259
2252,2258
2252,2249
2253,2260
2253,2254
2253,2249
2261,1255
2261,2262
2261,2263
1255,2261
1255,1129
1255,2264
2262,2265
2262,2266
2262,2261
2263,2267
2263,2268
2263,2261
2191,2192
2191,2190
2191,2269
2191,2188
2192,2270
2192,2191
2192,2189
2269,2271
2269,2199
2269,2191
2270,2272
2270,2192
2270,2273
2270,2274
2275,2272
2275,1360
2275,2276
2272,2275
2272,2270
2272,2273
1360,1355
1360,2275
1360,1362
2276,2275
2276,2277
2276,2278
1364,1358
1364,1357
1364,2279
2279,2280
2279,2281
2279,1364
1361,2282
1361,1356
1361,2283
1361,2284
2282,2285
2282,1361
2282,2286
2283,2287
2283,1361
2283,2288
2284,2289
2284,1361
2284,1362
2290,2291
2290,2292
2290,2293
2291,2294
2291,2295
2291,2296
2291,2290
2292,2290
2292,2297
2292,2298
2293,2290
2293,2299
2293,2277
2300,2230
2300,2301
2300,2181
2300,2302
2230,2300
2230,2254
2230,2302
2230,2226
2301,2300
2181,2178
2181,2300
2181,2303
2302,2230
2302,2300
2302,2304
2302,2305
2306,2163
2306,2162
2306,2307
2306,2177
2163,2308
2163,2306
2163,2156
2162,2160
2162,2306
2162,2156
2307,2309
2307,2306
2307,2310
2177,2306
2177,2166
2177,2311
2143,2139
2312,2313
2312,2314
2312,2315
2313,2312
2313,2316
2313,2317
2313,2318
2314,2312
2314,2316
2314,2319
2314,2320
2315,2321
2315,2312
2315,2322
2323,2324
2323,2325
2323,2326
2324,2323
2324,2327
2324,2328
2325,2329
2325,2323
2325,2330
2326,2331
2326,2323
2326,2332
2329,2325
2330,2333
2330,2325
2330,2334
2322,2335
2322,2336
2322,2315
2335,2337
2335,2338
2335,2322
2336,2339
2336,2340
2336,2322
2341,2342
2341,2343
2341,2344
2342,2341
2342,2343
2342,2345
2343,2342
2343,2346
2343,2341
2343,2344
2344,2340
2344,2341
2344,2343
2346,2347
2346,2343
2346,2348
2349,2350
2350,2349
2350,2351
2350,2352
2352,2353
2352,2354
2352,2350
2353,2355
2353,2352
2353,2354
2354,2352
2354,2356
2354,2353
2355,2353
2355,2357
2355,2358
2357,2355
2357,2359
2357,2360
2358,2361
2358,2355
2358,2362
2363,2364
2363,2365
2363,2366
2363,2367
2364,2363
2364,2368
2364,2369
2365,2370
2365,2363
2365,2371
2366,2372
2366,2363
2366,2362
2367,2373
2367,2374
2367,2363
2375,2376
2375,2377
2375,2378
2375,2379
2376,2375
2376,2380
2376,2381
2377,2382
2377,2375
2377,2383
2378,2375
2378,2380
2379,2375
2379,2382
2384,2385
2384,2386
2384,2387
2385,2384
2385,2388
2385,2389
2386,2390
2386,2384
2386,2381
2387,2391
2387,2392
2387,2384
2387,2393
2394,2395
2394,2396
2394,2397
2395,2398
2395,2399
2395,2394
2396,2400
2396,2394
2397,2401
2397,2394
2397,2402
2403,2404
2403,2405
2403,2406
2404,2403
2405,2403
2405,2407
2405,2408
2406,2403
2406,2408
2406,2409
2398,2410
2398,2395
2398,2411
2399,2412
2399,2413
2399,2395
2414,2415
2414,2416
2415,2396
2415,2417
2416,2418
2416,2414
2416,2400
2417,2419
2417,2415
2417,2420
2417,2421
2401,2397
2401,2422
2401,2423
2422,2424
2422,2425
2422,2401
2423,87
2423,2401
2423,88
2400,2414
2400,2416
2426,2407
2426,2427
2426,2428
2407,2429
2407,2405
2407,2426
2427,2430
2427,2426
2427,2431
2428,2432
2428,2408
2428,2426
2431,2427
2431,2412
2431,2433
2412,2399
2412,2432
2412,2431
2433,2434
2433,2431
2433,2435
2410,2436
2410,2398
2410,2413
2436,2437
2436,2410
2436,2435
2413,2435
2413,2399
2413,2410
2434,2433
2435,2438
2435,2413
2435,2433
2435,2436
2430,2427
2429,2407
2408,2405
2408,2428
2408,2406
2437,2436
2437,2439
2440,2441
2440,2442
2440,2443
2441,2440
2441,2444
2441,2445
2442,2440
2442,2446
2442,2447
2443,2448
2443,2440
2443,2447
2449,288
2449,2450
2449,2451
288,2449
288,282
288,2452
2450,2449
2450,2453
2450,2452
2451,2454
2451,2449
2451,2455
2456,2457
2456,2458
2456,2459
2456,2460
2457,2456
2457,2461
2457,2462
2458,2456
2458,2463
2459,2463
2459,2464
2459,2465
2459,2456
2460,2462
2460,2466
2460,2456
2460,2467
2463,2459
2463,2468
2463,2469
2464,2459
2464,2457
2464,2470
2465,2471
2465,2469
2465,2472
2465,2459
2388,2473
2388,2385
2473,2474
2473,2475
2473,2388
2331,2476
2331,2326
2331,2477
2476,2478
2476,2331
2476,2479
2477,2351
2477,2331
2477,2480
2481,2482
2481,2483
2481,2484
2482,2485
2482,2481
2482,2486
2483,2487
2483,2481
2483,2488
2484,2489
2484,2481
2484,2490
2491,2492
2491,2493
2491,2493
2491,2494
2491,2494
2492,2495
2492,2491
2492,2496
2492,2497
2493,2498
2493,2491
2493,2491
2494,2499
2494,2491
2494,2491
2495,2500
2495,2492
2495,2501
2500,2502
2500,2495
2500,2501
2501,2500
2501,2495
2501,2503
2502,2500
2502,2504
2502,2505
2504,2502
2504,2506
2504,2506
2505,2507
2505,2502
2505,2508
2509,2507
2509,2510
2509,2511
2507,2509
2507,2512
2507,2505
2510,2513
2510,2514
2510,2509
2511,2515
2511,2509
2511,2503
2383,2515
2383,2516
2383,2377
2515,2383
2515,2511
2515,2378
2516,2517
2516,2383
2516,2518
2498,2493
2498,2519
2498,2520
2499,2494
2499,2521
2499,2496
2503,2496
2503,2501
2503,2511
2506,2522
2506,2504
2506,2504
2522,2506
2522,2523
2522,2524
2525,2526
2525,2527
2525,2520
2525,2528
2526,2529
2526,2525
2526,2528
2526,2527
2527,2519
2527,2526
2527,2525
2520,2498
2520,2530
2520,2525
2528,2531
2528,2525
2528,2526
2529,2526
2529,2524
2529,2532
2529,2533
2533,2534
2533,2535
2533,2536
2533,2529
2534,2537
2534,2533
2534,2536
2534,2538
2535,2537
2535,2533
2535,2539
2536,2523
2536,2533
2536,2534
2537,2534
2537,2535
2537,2540
2538,2540
2538,2541
2538,2542
2538,2534
2542,2543
2542,2544
2542,2545
2542,2538
2543,2542
2543,2546
2543,2544
2544,2545
2544,2542
2544,2543
2544,2547
2545,2544
2545,2548
2545,2542
2547,2549
2547,2544
2547,2550
2547,2551
2549,2552
2549,2547
2549,2553
2550,2554
2550,2546
2550,2547
2551,2547
2551,2555
2551,2556
2552,2557
2552,2549
2552,2556
2553,2557
2553,2549
2553,2554
2557,2552
2557,2553
2557,2558
2558,2425
2558,2557
2558,2559
2425,2558
2425,2518
2425,2422
2518,2560
2518,2425
2518,2516
2554,2561
2554,2550
2554,2553
2546,2543
2546,2550
2546,2540
2548,2545
2548,2555
2548,2562
2540,2538
2540,2546
2540,2537
2523,2536
2523,2522
2523,2541
2531,2530
2531,2532
2531,2528
2519,2527
2519,2498
2519,2497
2563,2559
2563,2564
2563,2565
2559,2515
2559,2563
2564,2560
2564,2563
2564,2566
2565,2567
2565,2563
2565,2568
2560,2518
2560,2564
2560,2424
2566,2569
2566,2564
2566,2570
2569,2566
2569,2571
2569,2572
2570,2573
2570,2566
2570,2574
2575,2572
2575,2438
2575,2576
2572,2575
2572,2569
2572,2577
2438,2575
2438,2578
2438,2435
2576,2579
2576,2580
2576,2575
2576,2581
2424,2422
2424,2397
2424,2582
2409,2406
2409,2583
2409,2584
2585,2586
2585,2584
2585,2587
2586,2588
2586,2589
2586,2585
2584,944
2584,2585
2584,2409
2587,2585
2587,2590
2587,2591
2588,2586
2588,2592
2589,2420
2589,2586
2589,95
2420,2419
2420,2589
2420,2417
2420,2593
95,2588
95,2589
2419,2417
2419,2594
2419,2420
2593,2593
2593,2593
2593,2420
2594,2418
2594,2418
2594,2419
2432,2428
2432,2418
2432,2412
2418,2416
2418,2432
2418,2594
2418,2594
2595,2583
2595,2596
2595,2597
2583,2595
2583,2409
2583,2598
2596,2599
2596,2595
2596,2600
2597,2595
2597,2601
2597,2602
2590,2587
2590,2603
2590,2604
2603,2605
2603,2590
2603,2606
2604,2607
2604,2590
2604,2608
2607,2609
2607,2604
2607,2610
2608,2604
2608,2611
2608,2612
2591,2592
2591,2587
2591,2613
2592,2605
2592,2591
2613,2614
2613,2614
2613,2591
2613,894
2615,2616
2616,2617
2616,2615
2616,2618
2617,2616
2618,2619
2618,2616
2618,2620
2618,2621
2622,2623
2623,2624
2623,2622
2623,2625
2624,2623
2625,2623
2625,2621
2625,2626
2627,2628
2628,2629
2628,2627
2628,2619
2628,2630
2629,2628
2619,2628
2619,2618
2619,2631
2630,2628
2630,2632
2630,2633
2620,2618
2620,2634
2620,2633
2621,2618
2621,2625
2621,2635
2621,2632
2626,2625
2626,2530
2626,2632
2636,2637
2636,2638
2636,2639
2637,2636
2637,2640
2637,2634
2638,2636
2638,2641
2638,2642
2639,2636
2639,2643
2639,2644
2640,2645
2640,2646
2640,2637
2640,2647
2634,2648
2634,2637
2634,2620
2643,2639
2644,2639
2649,2648
2649,2650
2649,2651
2648,2652
2648,2649
2648,2634
2650,2649
2651,2649
2652,2648
2652,2653
2652,2654
2653,2652
2654,2652
2633,2630
2633,2655
2633,2620
2656,2657
2656,2658
2656,2659
2657,2660
2657,2656
2657,2661
2658,2656
2659,2656
2660,2657
2660,2662
2660,2663
2662,2660
2662,2664
2662,2646
2663,2665
2663,2660
2663,2666
2663,2667
2645,2640
2645,2667
2645,2668
2646,2640
2646,2669
2646,2662
2647,2640
2647,2670
2647,2671
2670,2672
2670,2647
2670,2673
2671,2674
2671,2647
2671,2675
2667,2645
2667,2641
2667,2663
2641,2667
2641,2638
2641,2676
2669,2677
2669,2646
2669,2678
2664,2679
2664,2662
2664,2680
2664,2681
2665,2682
2665,2561
2665,2663
2666,2683
2666,2663
2666,2673
2561,2684
2561,2665
2561,2554
2684,2683
2684,2561
2684,2685
2497,2524
2497,2519
2497,2492
2686,2562
2686,2508
2686,2687
2562,2548
2562,2686
2562,2541
2508,2686
2508,2505
2508,2513
2687,2688
2687,2689
2687,2686
2541,2562
2541,2523
2541,2538
2555,2568
2555,2551
2555,2548
2568,2555
2568,2565
2568,2690
2567,2691
2567,2565
2567,2692
2421,2402
2421,2417
2421,2693
2402,2421
2402,92
2693,2683
2693,2421
2693,2694
2683,2693
2683,2684
2683,2666
2694,2693
2694,2558
2632,2621
2632,2626
2632,2630
2530,2531
2530,2520
2530,2626
2524,2497
2524,2522
2524,2529
2635,2642
2635,2695
2635,2621
2642,2635
2642,2695
2642,2638
2695,2635
2695,2642
2695,2539
2655,2696
2655,2633
2655,2697
2673,2670
2673,2666
2673,2698
2573,2570
2573,2699
2573,2700
2699,2573
2699,2701
2699,2701
2700,2573
2700,2517
2700,2702
2574,2703
2574,2703
2574,2570
2704,2705
2704,2706
2704,2707
2705,2704
2705,2708
2705,2708
2706,2709
2706,2710
2706,2704
2707,2704
2707,2711
2707,2712
2713,2711
2713,2714
2713,2715
2711,2713
2711,2716
2711,2707
2714,2717
2714,2718
2714,2713
2715,2713
2715,2719
2715,2720
2717,2721
2717,2714
2717,2722
2717,2723
2717,2724
2718,2714
2718,2725
2718,2726
2727,2728
2727,2710
2727,2729
2728,2727
2728,2730
2728,2731
2728,2581
2710,2727
2710,2706
2710,2702
2710,2731
2729,2732
2729,2733
2729,2727
2733,2734
2733,2735
2733,2729
2734,2733
2734,2736
2734,2737
2735,2733
2735,2738
2735,2738
2739,2740
2739,2579
2739,2736
2740,2739
2740,2741
2740,2742
2740,2743
2579,2576
2579,2739
2579,2742
2736,2739
2736,2734
2736,2737
2731,2744
2731,2728
2731,2710
2731,2745
2744,2731
2744,2723
2744,2721
2745,2746
2745,2731
2745,2747
2702,2748
2702,2749
2702,2700
2702,2710
2748,2750
2748,2702
2748,2751
2748,2701
2749,2702
2749,2752
2749,2753
2749,2754
2517,2516
2517,2700
2517,2560
2716,2711
2716,2723
2716,2755
2723,2744
2723,2716
2723,2717
2755,2747
2755,2756
2755,2716
2757,2758
2757,2754
2757,2759
2758,2757
2758,2712
2758,2760
2754,2761
2754,2708
2754,2749
2754,2757
2759,2762
2759,2757
2759,2763
2764,2765
2764,2766
2764,2767
2765,2764
2765,2750
2765,2743
2766,2768
2766,2764
2766,2769
2767,2580
2767,2580
2767,2764
2770,2771
2770,2772
2770,2762
2771,2770
2772,2770
2762,2773
2762,2759
2762,2770
2773,2762
2763,2759
2774,2712
2774,2774
2774,2774
2712,2758
2712,2774
2712,2707
2760,2758
2701,2748
2701,2699
2701,2699
2750,2765
2750,2748
2750,2738
2750,2703
2751,2748
2751,2732
2751,2732
2732,2729
2732,2751
2732,2751
2753,2749
2753,2753
2753,2753
2752,2749
2752,2709
2752,2709
2709,2706
2709,2752
2709,2752
2761,2754
2761,2761
2761,2761
2708,2754
2708,2705
2708,2705
2738,2750
2738,2735
2738,2735
2703,2750
2703,2574
2703,2574
2393,2775
2393,2472
2393,2776
2393,2387
2775,2393
2775,2777
2775,2392
2472,2778
2472,2393
2472,2465
2776,2471
2776,2393
2777,2779
2777,2780
2777,2775
2779,2777
2779,2781
2779,2782
2780,2783
2780,2784
2780,2777
2783,2785
2783,2780
2783,2786
2785,2783
2785,2787
2785,2788
2786,2789
2786,2783
2786,2790
2791,2792
2791,2793
2791,2794
2792,2795
2792,2791
2792,2796
2792,2797
2793,2798
2793,2791
2794,2799
2794,2800
2794,2791
2462,2460
2462,2801
2462,2802
2466,2460
2466,2803
2466,2804
2467,2805
2467,2806
2467,2460
2467,2807
2808,2809
2808,2808
2808,2808
2809,2808
2809,2810
2809,2720
2811,2812
2811,2813
2811,2814
2812,2781
2812,2811
2812,2815
2812,2816
2813,2811
2814,2811
2781,2779
2781,2812
2781,2784
2784,2780
2784,2787
2784,2787
2784,2781
2817,2818
2817,2819
2817,2820
2818,2817
2818,2821
2818,2822
2819,2817
2820,2817
2820,2823
2820,2824
2825,2826
2825,2827
2825,2828
2826,2825
2826,2829
2826,2830
2827,2831
2827,2830
2827,2807
2827,2825
2828,2832
2828,2833
2828,2825
2828,2834
2823,2835
2823,2836
2823,2820
2835,2823
2835,2837
2835,2838
2836,2823
2836,2839
2836,2840
2837,2841
2837,2835
2837,2842
2837,2724
2838,2843
2838,2844
2838,2835
2824,2844
2824,2845
2824,2820
2821,2834
2821,2818
2821,2833
2822,2845
2822,2829
2822,2818
2834,2821
2834,2078
2834,2846
2834,2828
2078,2834
2078,271
2078,2847
2846,2847
2846,2834
2843,2838
2719,2848
2719,2849
2719,2715
2848,2382
2848,2719
2848,2850
2848,2849
2849,2848
2849,2851
2849,2719
2382,2377
2382,2848
2382,2517
2850,2848
2787,2785
2787,2784
2787,2784
2787,2810
2788,2852
2788,2785
2788,2853
2778,2472
2778,2775
2778,2854
2854,2855
2854,2856
2854,2778
2855,2854
2855,2857
2855,2858
2856,2854
2856,2859
2856,2790
2857,2860
2857,2861
2857,2855
2857,2862
2858,2863
2858,2855
2858,2864
2860,2865
2860,2796
2860,2857
2861,2857
2861,2789
2861,2866
2862,2857
2863,2858
2864,2867
2864,2800
2864,2858
2859,2856
2790,2786
2790,2856
2790,2868
2851,2849
2869,2870
2869,2871
2869,2578
2870,2869
2870,2115
2870,2872
2871,2873
2871,2869
2871,2874
2578,2438
2578,2869
2578,2875
2876,2877
2877,2873
2877,2876
2877,2875
2873,2871
2873,2878
2873,2877
2875,2879
2875,2877
2875,2578
2879,2880
2879,2875
2879,2581
2880,2879
2880,2730
2880,2881
2730,2728
2730,2721
2730,2880
2881,2842
2881,2880
2881,2841
2721,2730
2721,2717
2721,2882
2721,2744
2539,2532
2539,2535
2539,2695
2601,2597
2602,2597
2599,2883
2599,2884
2599,2596
2600,2885
2600,2113
2600,2596
2885,2886
2885,2600
2885,2887
2113,2600
2113,2106
2113,2114
2888,2886
2888,2889
2888,2114
2886,2888
2886,2885
2886,2890
2889,2888
2114,2113
2114,2106
2114,2888
2112,2106
2112,2891
2112,2892
2893,2894
2893,900
2893,2895
2894,2896
2894,2893
2894,2897
900,2893
900,2898
900,897
2895,2899
2895,2893
2895,2900
2896,2894
2896,2901
2896,2902
2901,2896
2901,2903
2901,2904
2902,2896
2902,2905
2902,2906
2898,900
2883,2907
2883,2908
2883,2599
2884,2599
2884,2909
2884,2910
2908,2911
2908,2912
2908,2883
2911,2908
2911,2913
2911,2914
2912,2908
2912,2915
2912,2916
2903,2917
2903,2901
2917,2918
2917,2919
2917,2920
2842,2881
2842,2839
2842,2837
2839,2082
2839,2842
2839,2836
2841,2722
2841,2837
2841,2881
2724,2837
2724,2844
2724,2717
2581,2728
2581,2576
2581,2737
2581,2879
2737,2734
2737,2581
2737,2736
2077,271
2077,2921
2077,270
2075,271
2075,2840
2075,2821
2840,2082
2840,2075
2840,2836
2082,2840
2082,2839
2082,2079
2614,943
2614,2613
2614,2613
894,2605
894,2613
894,2922
894,892
943,2614
943,2923
943,941
2923,943
2605,2603
2605,2592
2605,894
2605,2924
2922,2925
2922,894
2922,2926
2927,2928
2928,2927
2928,2929
2928,249
2929,2930
2929,2928
2929,2904
2929,2931
249,2928
249,246
249,2932
2930,2933
2930,2929
2930,2934
2904,930
2904,2929
2931,2929
2805,2467
2805,2935
2805,2936
2806,2467
2806,2937
2806,2938
2807,2827
2807,2939
2807,2936
2807,2467
2906,2933
2906,2940
2906,2902
2933,2906
2933,2930
2933,2941
2940,2906
2940,2942
2940,2123
2941,2933
2941,2943
2941,2944
2934,2930
250,246
250,248
250,2945
251,2946
251,2947
251,246
2832,2828
2832,2948
2832,2846
2833,2828
2833,2826
2831,2827
2831,2949
2831,2832
2830,2827
2830,2939
2950,2951
2950,2952
2950,2953
2951,2950
2951,2954
2951,2955
2952,2950
2952,2956
2952,2957
2953,2950
2958,2959
2958,2948
2958,2960
2959,2958
2959,2955
2959,2961
2948,2962
2948,2832
2948,2958
2960,2963
2960,2958
2960,2964
2962,2948
2962,2965
2962,2966
2967,2965
2967,2968
2967,2969
2965,2962
2965,2967
2965,2970
2968,2967
2969,2967
2122,261
2122,2971
2122,2124
2972,2973
2972,2974
2972,2975
2973,2972
2973,2976
2973,2977
2974,2972
2974,2978
2974,2979
2975,2980
2975,2972
2975,2981
2978,2982
2978,2974
2978,2983
2982,2978
2982,2984
2982,2985
2983,2978
2983,2986
2983,2987
2988,2989
2988,2990
2988,2945
2989,2988
2989,2991
2989,2992
2990,2985
2990,2988
2990,2991
2945,2993
2945,2988
2945,250
2993,2945
2993,2994
2993,2995
248,250
248,247
248,245
2986,2983
2996,2997
2997,2998
2997,2996
2997,2999
3000,3001
3000,3002
3000,3003
3001,3000
3001,3004
3001,3005
3002,3000
3002,3006
3002,3007
3003,3008
3003,3009
3003,3000
3006,3002
3006,3010
3006,3011
3007,3012
3007,3013
3007,3002
574,569
574,568
574,3014
569,3015
569,566
569,576
569,574
3014,578
3014,3016
3014,3017
3014,574
3015,3018
3015,569
3015,3019
576,569
576,3020
576,571
3020,576
3020,2926
3020,3021
884,3022
884,887
884,879
3022,3023
3022,3024
3022,884
3023,3025
3023,3022
3023,3026
3024,3022
3025,3023
3025,3027
3025,3028
3027,2925
3027,3029
3027,3025
3028,895
3028,895
3028,3025
2925,2922
2925,3027
2925,3030
2926,3031
2926,3020
2926,2922
2926,3032
3031,2926
3031,3033
3031,3034
3032,3035
3032,3036
3032,2926
3021,3037
3021,3038
3021,3020
3038,3039
3038,3018
3038,3021
3039,3034
3039,3038
3039,3035
3018,3038
3018,3015
3018,3040
3009,3041
3009,3036
3009,3003
3041,3042
3041,3009
3041,3035
3036,3032
3036,3008
3036,3009
3035,3032
3035,3041
3035,3039
3008,3043
3008,3003
3008,3036
3044,2475
3044,3045
3044,2474
3044,3046
2475,3044
2475,2473
2475,3047
3045,3048
3045,3048
3045,3044
2474,2473
2474,3044
3046,3044
3046,3049
3046,3050
3046,3051
3052,3049
3052,3053
3052,3054
3049,3055
3049,3052
3049,3046
3053,3056
3053,3057
3053,3052
3054,3058
3054,3052
3059,2369
3059,3060
3059,3061
2369,3062
2369,3059
2369,2364
3060,3059
3060,3063
3061,3064
3061,3059
3061,3065
3062,2373
3062,2369
3062,3066
2373,2367
2373,3062
2373,3067
2373,3068
3066,3062
3067,3069
3067,3070
3067,3071
3067,2373
3068,3072
3068,3073
3068,2373
2448,3074
2448,2443
2448,3075
2447,3076
2447,2443
2447,2442
3074,2448
3074,3077
3074,3078
3075,2448
3079,3072
3079,3080
3079,3081
3072,3068
3072,3079
3072,3082
3080,3073
3080,3079
3080,3083
3081,3084
3081,3079
3081,3085
3073,3080
3073,3086
3073,3068
904,889
904,903
904,3087
905,3088
905,3089
905,903
889,3090
889,887
889,904
3091,3092
3092,3090
3092,3090
3092,3091
3090,889
3090,3092
3090,3092
944,2584
944,945
944,942
286,3093
286,280
286,3094
3093,3095
3093,3096
3093,286
3094,3097
3094,3098
3094,286
3099,3100
3099,3101
3099,3102
3100,3099
3100,3103
3100,3104
3101,3105
3101,3099
3101,3106
3102,3099
945,2598
945,944
945,942
2844,2838
2844,2724
2844,2824
2991,2990
2991,3107
2991,2989
3107,3108
3107,2991
3107,3109
3107,3110
3111,3112
3111,3113
3111,3114
3111,3115
3112,3116
3112,3111
3112,3117
3112,3118
3113,3111
3113,3119
3113,3120
3114,3121
3114,578
3114,3111
3115,3122
3115,578
3115,3111
3123,3124
3123,3125
3123,3126
3124,3123
3124,3127
3124,3128
3125,3123
3125,3129
3125,3130
3126,3131
3126,3123
3126,3132
3127,3133
3127,3124
3127,3134
3128,3135
3128,3134
3128,3124
3122,3136
3122,3137
3122,3138
3122,3115
578,3014
578,3114
578,572
578,3115
3119,3113
3119,3139
3119,3118
3120,3140
3120,3113
3120,3141
3133,3127
3133,3142
3133,3143
3134,3128
3134,3144
3134,3127
3145,3146
3145,3147
3145,3148
3146,3149
3146,3145
3146,3148
3147,3145
3147,3150
3147,3151
3148,3152
3148,3146
3148,3145
3149,3142
3149,3146
3149,3153
3142,3154
3142,3133
3142,3149
3153,3155
3153,3149
3153,3156
3143,3157
3143,3133
3143,3158
3154,3142
3154,3159
3154,3160
3161,3151
3151,3161
3151,3162
3151,3147
3162,3151
3162,3163
3162,3164
3135,3160
3135,3137
3135,3016
3135,3128
3160,3154
3160,3135
3160,3165
3137,3135
3137,3122
3137,3166
3016,3014
3016,3135
3016,3167
3168,3164
3168,3169
3168,3170
3164,3168
3164,3171
3164,3162
3169,3168
3169,3159
3169,3172
3170,3168
3171,3164
3150,3147
3150,3173
3150,3174
3175,3176
3175,3174
3175,3177
3176,3178
3176,3175
3176,3179
3176,3180
3174,3173
3174,3175
3174,3150
3177,3181
3177,3182
3177,3175
3177,3183
3178,3176
3178,3180
3178,3184
3178,3185
3179,3176
3179,3186
3179,3187
3180,3176
3180,3178
3180,3188
3181,3189
3181,3177
3181,3190
3182,3177
3183,3177
3186,3179
3186,3191
3186,3192
3187,3192
3187,3193
3187,3179
3194,3195
3194,3196
3194,3197
3195,3194
3195,3198
3195,3199
3196,3194
3196,3193
3196,3200
3197,3201
3197,3202
3197,3194
3199,3203
3199,3204
3199,3195
3203,3199
3203,3205
3203,2611
3204,3206
3204,3207
3204,3199
3208,3209
3208,3210
3208,3211
3209,3208
3209,3212
3209,3213
3210,3208
3211,3214
3211,3208
3211,3215
3212,3209
3212,3216
3212,3217
3213,3209
3213,3218
3213,3219
3220,3215
3220,3221
3220,3222
3215,3220
3215,3217
3215,3211
3221,3223
3221,3224
3221,3220
3222,3225
3222,3214
3222,3220
3226,3227
3226,3228
3226,3229
3227,3226
3227,3230
3227,3231
3228,3226
3229,3223
3229,3232
3229,3226
3230,3233
3230,3225
3230,3227
3231,3234
3231,3235
3231,3227
3231,3232
3233,3236
3233,3236
3233,3230
3225,3230
3225,3222
3225,3237
3234,3231
3235,3231
3232,3238
3232,3231
3232,3229
3236,3239
3236,3233
3236,3233
3239,3240
3239,3236
3239,3139
3239,3237
3241,3242
3241,3243
3241,3244
3242,3241
3242,3245
3242,3246
3243,3247
3243,3241
3243,3248
3244,3249
3244,3241
3244,3250
3251,3252
3251,3246
3251,3253
3252,3251
3252,3254
3252,3255
3246,3251
3246,3242
3246,3256
3253,3257
3253,3251
3253,3258
3255,3259
3255,3252
3255,3260
3259,3255
3259,3261
3259,3262
3260,3263
3260,3264
3260,3255
3263,3260
3263,3265
3263,3266
3264,3260
3264,3267
3264,3268
3269,3270
3269,3271
3269,3272
3270,3218
3270,3269
3270,3273
3271,3269
3272,3274
3272,3275
3272,3269
3218,3213
3218,3270
3218,3276
3273,3277
3273,3270
3273,3278
3273,3279
3276,3218
3276,3280
3276,3281
3219,3213
3219,3282
3219,3283
3216,3212
3216,3284
3216,3224
3216,3285
3217,3215
3217,3212
3217,3224
3224,3286
3224,3217
3224,3216
3224,3221
3240,3261
3240,3239
3240,3287
3240,3139
3261,3259
3261,3240
3261,3288
3287,3240
3287,3289
3287,3288
3287,3237
3139,3239
3139,3290
3139,3119
3139,3240
3280,3276
3281,3276
3281,3291
3281,3274
3282,3219
3283,3291
3283,3219
3283,3214
3292,3293
3292,3200
3292,3202
3293,3292
3293,3294
3293,3185
3200,3295
3200,3292
3200,3196
3202,3292
3202,3296
3202,3197
3296,3202
3296,3297
3296,3298
3297,3299
3297,3296
3297,3300
3299,3297
3299,3301
3299,3302
3300,3206
3300,3298
3300,3297
3303,3301
3303,2606
3303,3304
3301,3303
3301,3299
3301,3305
2606,2924
2606,3306
2606,3303
3304,2612
3304,3302
3304,3303
2924,2606
2924,3307
2924,2605
3307,2924
3307,96
3295,3192
3295,3200
3295,3294
3206,3204
3206,3300
3206,3201
3201,3197
3201,3206
3201,3298
3308,3309
3309,883
3309,3308
3309,3310
883,3311
883,3309
883,878
3311,883
881,878
882,3312
882,878
882,3313
3312,597
3312,882
3312,3314
3313,882
3121,3114
3121,3315
3121,3316
3317,605
3317,577
3317,3316
605,3317
605,604
605,3318
577,572
577,3317
577,3310
3316,3317
3316,3121
3316,3319
3320,3318
3318,3320
3318,605
3318,3310
3310,3318
3310,577
3310,3309
3017,3321
3017,3167
3017,3014
3321,3017
3321,3189
3321,3042
3167,3017
3167,3190
3167,3016
3190,3173
3190,3181
3190,3167
3173,3150
3173,3174
3173,3190
3189,3321
3189,3181
3189,3322
3042,3010
3042,3321
3042,3041
3322,3189
3322,3323
3322,3324
3323,3322
3324,3322
3325,3326
3326,3327
3326,3158
3326,3325
3158,3155
3158,3326
3158,3143
3155,3153
3155,3158
3155,3152
3157,3143
3157,3144
3157,3328
3152,3155
3152,3148
3152,3329
3330,3331
3330,3332
3330,3131
3331,3330
3331,3131
3331,3333
3332,3330
3332,3334
3332,3335
3131,3144
3131,3331
3131,3330
3131,3126
3334,3333
3334,3336
3334,3332
3333,563
3333,3334
3333,3331
3336,3334
3336,3337
3336,3338
563,3333
563,3339
563,559
3339,3328
3339,563
3339,3340
3329,3152
3144,3134
3144,3157
3144,3131
3328,3157
3328,3339
3328,3341
521,517
522,517
3342,3343
3342,3344
3342,3345
3343,3342
3343,3346
3343,3347
3344,3342
3345,3348
3345,3349
3345,3342
3350,3351
3350,3352
3350,3353
3351,3350
3351,3354
3351,3355
3352,3356
3352,3357
3352,3350
3353,3358
3353,3350
3353,3359
3360,3361
3360,3355
3360,3362
3361,564
3361,3360
3361,3363
3355,3360
3355,3364
3355,3351
3362,3360
3362,3365
3362,3366
3367,564
3367,524
3367,76
564,3367
564,3361
564,560
524,560
524,3367
524,518
76,74
76,3367
76,3368
3369,3370
3369,3371
3369,3372
3370,3358
3370,3369
3370,3373
3371,3369
3372,3349
3372,3369
3372,3337
3374,3365
3374,3375
3374,562
3365,3362
3365,3374
3365,3376
3375,3374
562,3337
562,559
562,3374
3257,3253
3257,3377
3257,3378
3258,3379
3258,3253
3258,3380
3290,3262
3290,3381
3290,3139
3262,3259
3262,3254
3262,3290
3381,3382
3381,3141
3381,3290
3254,3383
3254,3384
3254,3252
3254,3262
3385,3386
3385,3387
3385,3140
3386,3388
3386,3385
3386,3384
3387,3385
3387,3382
3387,3141
3140,3385
3140,3120
3140,3389
3388,3386
3388,3389
3388,3380
3384,3382
3384,3254
3384,3386
3389,3388
3389,3140
3389,602
3380,3390
3380,3258
3380,3388
3390,3391
3390,3378
3390,3380
3391,3390
3378,602
3378,3390
3378,3257
3383,3254
3383,3392
3383,3379
3383,3393
3392,3383
3392,3394
3392,3395
3379,3258
3379,3396
3379,3383
3393,3383
3396,3379
3256,3397
3256,3398
3256,3399
3256,3246
3397,3256
3397,3400
3397,3401
3398,3402
3398,3256
3398,3403
3399,3256
3399,3404
3399,3405
3265,3406
3265,3263
3265,3407
3266,3408
3266,3263
3266,3409
3382,3381
3382,3384
3382,3387
3141,3387
3141,3120
3141,3381
598,3410
598,3411
598,3412
598,594
3410,598
3410,3413
3410,3247
3411,598
3411,3414
3411,3249
3412,3415
3412,3416
3412,598
3417,3418
3417,3277
3417,3419
3418,3420
3418,3421
3418,3417
3277,3422
3277,3273
3277,3417
3419,3417
3419,3423
3419,3424
3420,3418
3420,3425
3420,3426
3421,3427
3421,3418
3421,3428
3427,3429
3427,3421
3427,3430
3428,3431
3428,3421
3268,3429
3268,3264
3268,3432
3429,3268
3429,3427
3429,3433
3432,3434
3432,3268
3432,3435
3267,3264
3436,3406
3436,3437
3436,585
3436,3438
3406,3436
3406,3265
3406,3409
3437,3436
3437,3437
3437,3437
585,3439
585,581
585,3436
3438,3440
3438,3441
3438,3436
3442,3443
3442,3444
3442,3445
3443,3442
3443,3446
3443,3447
3444,3448
3444,3442
3444,3449
3445,3442
3445,3450
3445,2868
3448,3444
3448,3451
3448,3452
3449,3447
3449,3453
3449,3444
3446,3454
3446,3443
3446,3447
3454,3446
3454,3455
3454,3456
3447,3449
3447,3446
3447,3443
3457,3453
3457,3455
3457,3458
3453,3457
3453,3452
3453,3449
3455,3457
3455,3454
3455,3459
3458,3460
3458,3461
3458,3459
3458,3457
3452,3462
3452,3453
3452,3448
3462,3463
3462,3452
3462,3464
3463,3462
3463,3451
3463,3464
3463,2470
3464,3465
3464,3463
3464,3462
3451,3450
3451,3448
3451,3463
2470,2867
2470,3463
2470,2464
3450,3451
3450,2471
3450,3445
2471,2465
2471,3450
2471,2464
2469,2778
2469,2465
2867,2864
2867,2468
2867,2470
2800,3466
2800,2794
2800,2864
3466,3467
3466,2800
3466,3468
2391,3469
2391,2387
2391,2776
2392,2387
2392,3470
3469,2391
3469,3471
3469,3472
3471,3473
3471,3473
3471,3469
3472,3469
3472,3473
3472,3474
3473,3471
3473,3471
3473,3472
3474,2868
3474,3472
3474,3475
2868,3474
2868,3445
2868,2790
3476,3477
3476,3478
3477,3479
3477,3480
3481,3476
3482,3483
3482,3481
3483,3484
3483,3485
3486,3487
3486,3488
3487,3489
3487,3490
3488,3491
3492,3493
3492,3494
3493,3495
3493,3496
3494,3497
3498,3499
3498,3500
3499,3501
3499,3502
3489,3503
3489,3504
3503,3489
3503,3505
3503,3506
3504,3507
3504,3489
3491,3508
3491,3509
3484,3506
3484,3510
3506,3484
3506,3511
3506,3503
3510,3512
3510,3484
761,3513
761,756
761,3514
3513,3515
3513,3514
3516,3477
3516,3478
3517,3518
3517,3519
3518,3520
3518,3521
3519,3486
3522,3523
3522,3524
3522,3525
3523,3526
3523,3526
3523,3522
3524,3522
3524,2488
3524,3527
3525,3528
3525,3522
3525,3529
3056,3530
3056,3053
3056,3531
3530,3056
3530,3057
3530,3532
3531,3533
3531,3056
3531,3534
3535,3536
3535,3537
3535,3538
3536,3535
3536,3539
3536,3540
3537,3541
3537,3535
3537,3542
3538,3543
3538,3544
3538,3545
3538,3535
3546,3547
3546,3548
3546,3549
3547,3546
3547,3550
3547,3551
3548,3552
3548,3553
3548,3546
3549,3545
3549,3554
3549,3546
3555,3556
3555,3557
3555,3558
3556,3555
3556,3559
3556,3560
3557,3555
3557,3561
3557,3562
3558,3563
3558,3564
3558,3555
3565,2674
3565,2696
3565,3566
2674,2671
2674,3565
2674,3567
2696,2655
2696,3565
2696,3568
3566,3569
3566,3570
3566,3565
3571,3572
3571,3573
3571,3574
3572,3571
3572,3575
3572,3576
3573,3571
3573,3577
3573,3578
3573,3579
3574,3580
3575,3572
3575,3581
3575,3582
3576,3583
3576,3572
3576,3584
3583,3585
3583,3576
3583,3586
3584,3587
3584,3588
3584,3576
3584,3589
3585,3590
3585,3583
3585,3591
3590,3585
3590,3592
3590,3593
3591,3585
3592,3594
3592,3590
3592,3595
3593,3596
3593,3590
3593,3597
3598,3587
3598,3599
3598,3600
3587,3584
3587,3598
3587,3601
3599,79
3599,3598
3600,3598
3600,3602
3600,3602
3603,3604
3603,3605
3603,3606
3604,3607
3604,3603
3604,3608
3605,3603
3606,3603
3606,3609
3606,3607
3610,3611
3610,3612
3610,3613
3611,3610
3611,3614
3611,3615
3612,3616
3612,3610
3612,3617
3612,3618
3613,3619
3613,3609
3613,3610
3620,3621
3620,3622
3620,3623
3621,3624
3621,3620
3621,3625
3622,3626
3622,3627
3622,3620
3623,3620
3623,3628
3623,3629
3630,3631
3630,3632
3630,875
3631,3630
3631,3633
3631,3634
3632,692
3632,3630
3632,3635
875,872
875,3636
875,3630
3637,3638
3637,3639
3637,3640
3637,3641
3638,3609
3638,3637
3638,3642
3639,3637
3639,3643
3639,3644
3640,3644
3640,3645
3640,3637
3641,3646
3641,3637
3641,3647
3607,3604
3607,3617
3607,3606
3608,3648
3608,3604
3608,3649
3619,3613
3619,3650
3619,3651
3609,3613
3609,3638
3609,3606
3617,3652
3617,3607
3617,3612
3652,874
3652,3653
3652,3617
3652,3615
876,3654
876,3655
876,872
3656,3657
3656,3658
3656,3659
3657,3656
3657,3660
3657,3661
3658,3656
3658,3662
3658,3663
3659,3664
3659,3665
3659,3656
3666,3667
3666,3668
3666,3669
3666,3670
3667,3666
3667,3671
3667,3672
3668,3673
3668,3673
3668,3666
3669,3674
3669,3666
3669,3675
3670,3676
3670,3677
3670,3666
3678,3679
3678,3679
3678,3648
3678,3680
3679,3678
3679,3678
3679,3681
3648,3608
3648,3682
3648,3678
3680,3673
3680,3683
3680,3678
3684,3685
3684,3627
3684,3686
3685,3684
3685,3687
3685,3688
3627,3689
3627,3622
3627,3684
3686,3690
3686,3684
3686,3691
3692,3693
3692,3694
3692,3695
3693,3692
3693,3696
3693,3697
3694,3692
3694,3698
3694,3682
3695,3699
3695,3700
3695,3692
3701,874
3701,3702
3701,873
874,3652
874,3701
874,871
3702,3701
3702,3681
3702,496
873,3703
873,3701
873,871
873,3704
3705,3706
3705,3707
3705,3708
3706,3705
3706,3709
3706,3710
3707,3705
3708,3705
3688,3711
3688,3685
3688,3712
3711,3713
3711,3688
3711,3714
3712,3715
3712,3688
3712,3716
3673,3668
3673,3668
3673,3680
3683,3680
3683,493
3683,3717
3718,3719
3718,3713
3718,3720
3719,3718
3719,3721
3719,3662
3713,3718
3713,3711
3713,3720
3720,3722
3720,3713
3720,3718
3614,3723
3614,3724
3614,3611
3615,3652
3615,3611
3615,3725
3653,3726
3653,3652
3653,3725
3727,3728
3727,3729
3727,3730
3728,3731
3728,3727
3728,3732
3729,3733
3729,3727
3729,3734
3730,3735
3730,3734
3730,3727
3736,3737
3736,3738
3736,3739
3737,3740
3737,3736
3737,3741
3738,3736
3738,3700
3738,3742
3739,3743
3739,3736
3739,3744
3662,3665
3662,3658
3662,3719
3663,3745
3663,3658
3663,3721
3643,3746
3643,3747
3643,3748
3643,3639
3746,3643
3746,3749
3746,514
3747,3750
3747,3643
3747,3751
3748,3752
3748,3643
3748,3753
3754,3755
3754,3698
3754,3682
3755,3754
3755,3756
3755,3675
3698,3740
3698,3754
3698,3694
3682,3754
3682,3694
3682,3648
3650,3619
3651,3724
3651,3619
3651,3757
692,3632
692,3635
692,689
3635,692
3635,3758
3635,3632
3635,3759
3740,3760
3740,3698
3740,3737
3760,3699
3760,3740
3760,3761
3681,3679
3681,3702
3681,3762
3762,3681
3710,3689
3710,3763
3710,3706
3689,3627
3689,3710
3689,3764
3763,3642
3763,3710
3763,3765
3763,3624
3765,3766
3765,3763
3765,3767
3766,3765
3766,3768
3766,3769
3767,3765
3616,3612
3618,3612
3752,3770
3752,3748
3752,3771
3753,3748
3753,3772
3753,3700
3699,3760
3699,3773
3699,3695
3700,3753
3700,3738
3700,3695
3645,3644
3645,3642
3645,3640
3644,3645
3644,3640
3644,3639
3642,3763
3642,3645
3642,3638
3774,3714
3774,3775
3774,3776
3774,3777
3774,3778
3714,3779
3714,3774
3714,3711
3775,3722
3775,3774
3775,3780
3776,3774
3777,3774
3778,3774
3696,3646
3696,3693
3696,3772
3646,3641
3646,3696
3646,3770
3772,3753
3772,3781
3772,3696
3665,3662
3665,3659
3665,3782
3782,3722
3782,3783
3782,3665
3649,3647
3649,3697
3649,3608
3626,3691
3626,3784
3626,3622
513,3749
513,510
513,3785
513,3786
3749,3746
3749,513
3749,514
3785,513
3785,3787
3785,3788
3786,513
3786,3789
3790,3715
3790,3791
3790,3792
3790,3793
3715,3712
3715,3790
3715,3794
3791,3790
3791,3795
3791,3796
3792,3790
3792,3797
3792,3716
3793,3798
3793,3790
3781,3772
3723,3633
3723,3614
3723,3799
3724,3614
3724,3651
3724,3800
3770,3752
3770,3801
3770,3646
3801,3770
3726,3636
3726,3653
3726,3799
3636,875
3636,3726
3636,3802
3799,3726
3799,3725
3799,3723
3624,3621
3624,3625
3624,3763
3757,3651
3803,3804
3803,3805
3803,3806
3804,3807
3804,3803
3804,494
3805,3803
3805,3676
3805,3808
3805,3809
3806,3676
3806,3810
3806,3803
3811,3812
3811,3813
3811,3814
3812,3811
3812,3815
3812,3809
3813,3816
3813,3811
3813,3817
3814,3817
3814,3818
3814,3811
493,490
493,3819
493,3683
494,3804
494,492
494,490
3815,3820
3815,3817
3815,3812
3815,3816
3820,3815
3820,3821
3817,3815
3817,3814
3817,3813
3816,3813
3816,3815
3816,3284
497,3822
497,492
497,3823
3809,3824
3809,3812
3809,3825
3809,3805
3284,3816
3284,3348
3284,3216
3286,3348
3286,3224
3286,3223
3348,3345
3348,3284
3348,3286
3223,3221
3223,3229
3223,3286
3671,3826
3671,3827
3671,3667
3672,3667
3672,3824
3672,3828
3807,3804
3807,3829
3807,3830
3824,3831
3824,3676
3824,3672
3824,3809
3825,3831
3825,3832
3825,3809
3676,3806
3676,3805
3676,3670
3676,3824
3808,3805
3808,3818
3808,3833
3337,562
3337,3336
3337,3372
3810,3806
3828,3834
3828,3835
3828,3831
3828,3672
3831,3828
3831,3825
3831,3836
3831,3824
3818,3808
3818,3814
3818,3285
3833,3837
3833,3808
3833,3838
3349,3372
3349,3345
3349,3839
3836,3831
3840,3834
3834,3828
3834,3840
3834,3841
3832,3825
3835,3842
3835,3826
3835,3828
3842,3843
3842,3835
3842,3743
3826,3835
3826,3671
3826,3844
3845,182
3845,3846
3845,3847
182,3848
182,177
182,3845
3846,3849
3846,3845
3846,3850
3847,3845
3851,3852
3851,3853
3851,3854
3852,3855
3852,3851
3852,3856
3853,3851
3853,3857
3853,3858
3854,3851
3854,3859
3854,3860
3861,3862
3861,3863
3861,3864
3862,3861
3862,3865
3862,3866
3862,3867
3863,3868
3863,3869
3863,3861
3864,3870
3864,3861
3864,3871
3872,3873
3873,3874
3873,3875
3873,3872
3876,3877
3877,3878
3877,3879
3877,3876
3880,3881
3880,3882
3880,3883
3881,3884
3881,3880
3881,3885
3881,3886
3882,3880
3882,3887
3882,3888
3882,3889
3883,3890
3883,3891
3883,3880
3892,3893
3892,3894
3892,3895
3893,3896
3893,3892
3893,3897
3894,3892
3894,3898
3894,3899
3895,3900
3895,3892
3895,3901
3902,3903
3902,3904
3902,3905
3903,3902
3903,3906
3903,3907
3904,3902
3904,3908
3904,3909
3905,3910
3905,3902
3905,3911
3848,182
3848,3912
3848,3912
3913,3914
3913,3915
3913,3916
3914,3917
3914,3913
3914,3918
3915,3919
3915,3913
3915,3920
3916,3913
3916,3921
3916,3922
3923,3924
3923,3925
3923,3926
3924,3923
3925,3927
3925,3923
3925,3928
3926,3929
3926,926
3926,3923
926,3927
926,920
926,3926
3927,3930
3927,926
3927,3925
3868,3863
3868,3867
3868,3931
3869,3932
3869,3863
3869,3933
3878,3879
3878,3877
3878,3934
3879,3878
3879,3877
3879,3935
3934,3936
3934,3823
3934,3878
173,3937
173,169
173,3938
174,3939
174,169
3940,316
3940,3941
3940,3942
316,3940
316,312
316,315
3941,3940
3942,25
3942,3940
3942,3943
3944,3945
3944,3946
3944,3947
3944,3948
3945,3949
3945,3944
3945,3950
3946,3944
3946,3947
3946,3951
3946,3952
3947,3953
3947,3954
3947,3946
3947,3944
3948,3955
3948,3944
3948,3956
3919,3915
3919,3957
3919,3958
3920,3959
3920,3960
3920,3915
3929,3926
3961,3961
3961,3961
3961,3962
3962,3963
3962,3961
3962,3964
3965,3966
3966,3965
3966,3936
3966,3967
3874,3968
3874,3873
3874,3969
3875,3873
3875,3970
3875,3971
3972,3973
3972,3974
3972,3975
3973,3976
3973,3977
3973,3972
3974,3978
3974,3979
3974,3972
3975,3980
3975,3972
3975,3976
3884,3881
3884,3981
3884,3981
3885,3881
3886,3881
25,3942
25,21
25,315
3982,3983
3983,3982
3983,3984
3983,3865
3985,3986
3985,3987
3985,3963
3986,3988
3986,3985
3986,3964
3987,3985
3987,3989
3987,3971
3963,3962
3963,3985
3963,3990
3963,3991
3930,3927
3930,3992
3930,3993
3890,3981
3890,3984
3890,3883
3981,3884
3981,3884
3981,3890
3984,3983
3984,3890
3984,3871
3937,173
3937,3994
3937,3995
3937,3996
3994,3997
3994,3937
3994,3998
3995,3999
3995,4000
3995,3937
3996,3937
3996,4001
3996,4002
3850,3846
3867,3862
3867,4003
3867,3868
3931,3906
3931,3868
3931,4004
4005,4006
4005,3970
4005,4007
4006,4005
3970,4005
3970,3875
3970,4008
4007,4005
4007,3993
4007,4009
4010,927
927,4010
927,920
927,4011
3964,3962
3964,179
3964,3986
179,3964
179,176
179,4012
3936,3966
3936,4013
3936,3934
3823,497
3823,3934
3823,3822
3967,3829
3967,3966
3967,4014
3829,3837
3829,3967
3829,3807
4014,3967
4014,4015
3968,3874
3968,191
3968,4016
3969,4017
3969,4018
3969,3874
312,309
312,316
312,310
4019,4020
4019,4020
4019,4021
4019,4022
4020,4019
4020,4019
4020,4023
4021,4024
4021,4025
4021,4026
4021,4019
4022,4027
4022,4028
4022,4019
3887,3882
3887,4029
3887,1535
3888,4030
3888,3882
3888,4031
3889,4032
3889,4033
3889,3882
3988,4034
3988,3986
3988,4035
4004,3931
4004,4036
4004,4003
4036,3907
4036,3906
4036,4004
4003,3867
4003,4037
4003,4004
1535,3887
1535,1529
1535,4038
4038,4039
4038,1535
4038,3871
4040,4041
4040,4042
4040,4043
4041,4044
4041,4040
4041,4045
4042,4046
4042,4040
4042,4047
4043,4040
4043,4048
4043,4049
3917,3954
3917,3914
3917,4050
3954,3947
3954,3917
3954,4051
4050,4052
4050,3917
4050,4053
391,388
391,4054
391,4055
4054,391
4054,4056
4054,390
4055,4057
4055,4058
3928,4059
3928,4060
3928,3925
3906,3931
3906,4061
3906,3903
3906,4036
3822,4062
3822,497
3822,3823
3896,3893
3896,4063
3896,4064
3897,3893
3897,495
3897,3899
4065,3907
3907,4065
3907,3903
3907,4036
3865,4066
3865,3862
3865,3983
3871,3984
3871,4067
3871,3864
3871,4038
4067,4068
4067,4069
4067,3871
4070,4071
4070,4072
4070,4073
4071,4070
4071,4074
4071,4075
4072,4076
4072,4077
4072,4070
4073,4070
4073,4078
4073,4079
191,4080
191,3968
191,4081
191,187
4080,191
4080,4082
4081,4083
4081,4084
4081,191
495,491
495,4085
495,3897
4085,4086
4085,495
4085,4087
3989,3987
3989,4088
3989,4089
3989,4090
3971,3987
3971,3991
3971,4091
3971,3875
4024,4092
4024,4021
4024,4093
4025,4021
4025,4094
4025,4095
4026,4021
4026,4096
4026,4097
4098,4064
4098,4099
4098,4100
4064,4098
4064,3896
4064,3901
4099,3704
4099,4098
4099,4101
4100,4102
4100,4098
4100,3901
4087,3935
4087,4085
4087,4103
3935,3879
3935,4087
3935,4104
4103,4087
4103,4105
4103,4106
3912,3848
3912,3848
3912,4107
3849,3846
3891,3883
3891,4031
3891,4108
3866,4109
3866,3862
3866,4110
496,3704
496,491
496,3702
4111,4112
4111,4113
4111,4114
4112,4111
4112,4115
4113,4111
4113,4116
4114,4111
4114,4117
4114,4116
4118,4119
4118,4120
4118,4121
4119,4122
4119,4118
4119,4120
4120,4123
4120,4124
4120,145
4120,4119
4120,4118
4121,144
4121,4125
4121,4118
4126,4127
4126,4128
4126,4129
4127,4130
4127,4131
4127,4126
4128,4132
4128,4133
4128,4126
4129,4134
4129,4135
4129,4126
4117,4136
4117,4114
4117,4137
4116,4125
4116,4113
4116,4114
144,142
144,4121
144,4138
4125,4139
4125,4121
4125,4116
4140,4141
4140,4142
4140,4143
4141,4140
4141,4144
4141,4124
4142,4132
4142,4140
4142,4145
4143,4140
4143,4146
4143,4146
2132,4147
2132,2128
2132,4148
4147,2132
4147,4149
4147,4150
4148,342
4148,2132
4144,4151
4144,4141
4144,4152
4124,4153
4124,4120
4124,4141
4154,4155
4154,4156
4154,4157
4155,4154
4155,4158
4155,3980
4156,4154
4156,4159
4156,3980
4157,4160
4157,4154
4157,4161
4158,4155
4158,4158
4158,4158
3980,3975
3980,4155
3980,4156
4162,4163
4162,4164
4162,4165
4163,4162
4163,4166
4163,4167
4164,4162
4164,4168
4164,4169
4165,4170
4165,4171
4165,4162
4172,4173
4172,4174
4173,4175
4173,4172
4173,4174
4174,4172
4174,4176
4174,4173
1618,1617
1618,4177
1619,4177
1619,1617
1619,4178
1620,1617
1620,407
1620,1616
407,1620
407,4179
407,406
4179,4180
4179,4181
4179,407
4181,4182
4181,4179
4181,1616
4182,4181
1616,1574
1616,1620
1616,4181
1616,4183
4175,4173
4175,4184
4175,4185
4183,4186
4183,1616
4183,4187
4188,4184
4188,4189
4184,1813
4184,4175
4189,4190
4189,1812
4189,4185
4189,4188
4176,1815
4176,4191
4176,4174
4176,4192
1573,1569
1573,4193
1573,1574
4194,4195
4194,4178
4194,4190
4195,4194
4195,1805
4178,4196
4178,1619
4178,4194
4190,4189
4190,4197
4190,4194
4180,4179
3722,3720
3722,3782
3722,3775
4198,4199
4198,4200
4198,4201
4198,4202
4199,4203
4199,4198
4199,4204
4200,4198
4200,730
4200,4204
4201,4198
4201,4205
4202,4206
4202,4198
4207,3660
4207,4208
4207,4209
3660,4207
3660,4210
3660,3657
4208,4207
4208,4211
4208,4212
4209,4207
4209,4213
4209,3664
4209,4214
4215,4216
4215,4217
4215,546
4215,829
4216,4218
4216,4215
4216,4219
4217,4215
4217,4220
4217,4221
546,543
546,551
546,4215
829,825
829,4222
829,4215
4223,4224
4223,4225
4223,4226
4224,4227
4224,4223
4224,4228
4225,4229
4225,4223
4225,4230
4226,4223
4226,4231
4226,4232
4233,4234
4233,4235
4233,4236
4234,4233
4234,4237
4234,4238
4235,4239
4235,4233
4235,4240
4236,4237
4236,4233
4236,4241
4239,4235
4239,4242
4242,4243
4244,4245
4244,4246
4244,4247
4244,4248
4245,4212
4245,4244
4245,4249
4246,4244
4246,4250
4246,4251
4246,701
4247,4244
4247,4252
4247,4211
4248,4253
4248,4254
4248,4255
4248,4244
4256,730
4256,4257
730,4256
730,4258
730,4200
730,726
4257,4259
4257,4260
700,4261
700,697
700,4212
701,4262
701,4246
701,4263
701,697
4264,4265
4264,4266
4264,693
4264,4267
4265,4268
4265,4264
4265,4269
4266,4264
4266,3628
4266,4270
693,4271
693,689
693,4264
4267,3745
4267,4264
4267,4272
4273,4274
4273,4268
4273,4275
4274,4273
4274,4276
4274,4277
4268,4265
4268,4273
4268,4269
4275,4273
4275,4276
4275,702
4212,4245
4212,4208
4212,700
4278,4279
4278,4280
4278,4281
4279,4282
4279,4278
4279,4283
4280,4284
4280,4285
4280,4278
4281,4286
4281,4287
4281,4278
4249,4245
4249,4288
4249,4289
4290,4291
4290,4292
4290,4293
4291,4294
4291,4290
4291,4295
4292,4290
4292,4203
4292,4296
4293,4290
4293,4297
4293,4298
4299,4300
4299,4301
4299,4302
4300,4303
4300,4299
4300,4304
4301,4299
4301,4305
4301,4306
4302,4307
4302,4299
4302,4308
4309,527
4309,151
527,4310
527,4309
527,4311
527,526
702,4275
702,698
702,4312
703,698
703,4261
703,4272
4203,4292
4203,4199
4203,4313
4204,4256
4204,4200
4314,4315
4314,4316
4314,4317
4315,4318
4315,4314
4315,4319
4316,4314
4316,4320
4316,4321
4317,4322
4317,4314
4317,4323
4258,4324
4258,730
4258,4201
4305,4301
4305,4325
4305,4326
4306,4301
4262,701
4262,4327
4262,4231
4263,4328
4263,701
4263,4329
4310,527
4310,4330
4310,4220
4310,4331
4311,4330
4311,527
4311,4332
4271,3628
4271,693
4271,3629
4333,4269
4269,4333
4269,4268
4269,4277
4269,4265
3661,3657
4334,4335
4334,4336
4334,4337
4335,4334
4335,4240
4335,4338
4336,4339
4336,4334
4336,4340
4337,4341
4337,4342
4337,4334
4220,4309
4220,4217
4220,4310
4343,4344
4343,4345
4343,4346
4344,4343
4344,4347
4344,4348
4345,4343
4345,4349
4345,4350
4346,4351
4346,4352
4346,4343
4353,4354
4353,4355
4353,4356
4353,4357
4354,4358
4354,4353
4354,4359
4355,4360
4355,4361
4355,4353
4356,4353
4357,4353
4362,4363
4362,4364
4362,4365
4363,4366
4363,4362
4363,4367
4364,4362
4364,4368
4364,4369
4365,4362
4365,4370
4365,4371
553,4372
553,551
553,4373
4330,4310
4330,4374
4331,4310
4331,4375
4376,4377
4376,4378
4376,4379
4376,4380
4377,4381
4377,4376
4377,4382
4377,4383
4378,4376
4378,4384
4378,4385
4379,4376
4379,4386
4379,4387
4380,4388
4380,4376
4380,4389
830,4390
830,825
830,4391
728,4392
728,727
710,706
710,706
710,724
4240,4335
4240,4393
4240,4235
4240,4394
4393,4395
4393,4396
4393,4240
4394,4397
4394,4398
4394,4240
4399,4400
4399,4401
4399,4402
4400,4403
4400,4399
4400,4404
4401,4399
4401,4405
4401,4406
4402,4407
4402,4408
4402,4399
4409,4410
4409,4411
4409,4412
4410,4227
4410,4413
4410,4409
4411,4414
4411,4415
4411,4409
4412,4409
4416,4417
4416,4307
4416,4332
4416,4418
4417,4416
4417,4419
4417,4420
4307,4416
4307,4302
4307,4421
4332,4416
4332,4311
4332,4422
4418,4416
4418,4423
4418,4424
4261,700
4261,703
4261,4425
4426,4427
4426,4428
4426,4429
4427,4430
4427,4431
4427,4426
4428,4431
4428,4432
4428,4426
4429,4433
4429,4426
4429,4434
4046,4435
4046,4042
4046,4436
4047,4437
4047,4438
4047,4042
3703,873
3704,496
3704,873
3704,4099
4439,4437
4439,4440
4437,4047
4437,4048
4437,4439
4440,4439
27,4441
27,22
27,4438
4441,4439
4441,4440
4438,27
4438,4442
4438,4047
4432,4428
4432,4443
4432,4444
4443,4445
4443,4446
4443,4432
4444,4431
4444,4447
4444,4432
4448,4449
4448,1051
4448,4450
4448,4451
4449,4448
4449,4452
4449,4453
1051,4454
1051,1049
1051,4448
4450,4455
4450,4448
4450,4456
4451,4457
4451,4452
4451,4448
4048,4437
4048,4043
4048,4458
4048,4459
46,42
4431,4427
4431,4444
4431,4428
4447,4444
4447,4460
4447,4461
4462,4463
4462,4464
4462,4465
4462,4466
4463,4467
4463,4462
4463,4468
4464,4462
4464,4219
4464,4468
4465,4469
4465,4219
4465,4462
4466,4470
4466,4467
4466,4462
4471,4472
4471,4473
4471,4474
4472,4475
4472,4471
4472,4476
4473,4471
4474,4471
4474,4477
4474,4478
4479,4480
4479,4475
4479,4481
4480,4479
4480,4482
4480,4483
4475,4479
4475,4472
4475,4484
4481,4485
4481,4486
4481,4479
4487,4488
4487,539
4487,4489
4488,4490
4488,4487
4488,552
539,4487
539,4491
539,200
4489,4487
4489,4485
4489,538
4483,4492
4483,4480
4483,4493
4492,4483
4492,4494
4492,4495
4492,4496
4493,4482
4493,4482
4493,4483
4497,4470
4497,4467
4497,4498
4497,4499
4470,4497
4470,4466
4470,4500
4467,4497
4467,4463
4467,4466
4498,4501
4498,4468
4498,4497
4499,4502
4499,4500
4499,4497
4484,4475
4503,4504
4503,4505
4503,4506
4504,4494
4504,4503
4504,4507
4505,4503
4505,4508
4505,4508
4506,4503
4218,4216
4218,4509
4218,547
4509,4510
4509,4218
4509,4511
547,4512
547,4218
547,543
4500,4499
4500,4470
4500,4513
540,201
540,4514
540,4515
541,4516
541,4517
541,201
4491,4514
4491,539
4491,552
4485,4481
4485,4489
4485,4518
4485,4519
4518,4485
4518,202
4518,4520
4519,4485
4519,4490
4519,4521
538,200
538,4522
538,4489
4514,540
4514,4491
4514,4523
552,4488
552,550
552,4491
4524,4525
4524,4526
4524,4527
4525,4524
4525,4528
4525,4526
4526,4524
4526,4529
4526,4525
4527,4524
816,818
816,812
816,4530
820,818
820,4531
820,4532
4533,4534
4533,4535
4533,4536
4534,4537
4534,4533
4534,4538
4535,4533
4535,4539
4535,4540
4536,4541
4536,4533
4536,4542
506,3749
506,3787
507,4543
507,501
507,3843
4544,4545
4544,4546
4544,505
4544,4547
4545,4544
4545,4548
4546,4544
4546,4549
4546,4550
505,4551
505,4548
505,500
505,4544
4547,4544
4547,4552
4553,760
4553,4554
760,759
760,4553
760,756
4554,4555
4554,4556
4554,4553
4532,820
4557,4558
4557,4559
4557,4560
4558,4561
4558,4557
4558,4562
4559,4557
4559,4563
4559,4564
4560,4565
4560,4557
4560,4566
4567,4568
4567,4569
4567,4570
4568,4567
4568,4561
4568,4571
4569,4572
4569,4573
4569,4567
4570,4567
4530,816
4574,4573
4574,4575
4574,4576
4573,4574
4573,4577
4573,4569
4575,4578
4575,4574
4575,4579
4576,4580
4576,4574
4576,4579
4581,4582
4581,4583
4581,4584
4582,4581
4582,4585
4582,4586
4583,4581
4583,4587
4583,4588
4584,4589
4584,4581
4584,4590
778,4591
778,4592
778,775
4591,4593
4591,778
4591,4594
4592,778
4592,4595
4592,4596
772,767
772,4597
772,4598
773,4599
773,767
773,4600
4548,501
4548,505
3789,3788
3789,4601
3794,4602
514,4603
514,510
514,3746
4604,4605
4604,4606
4604,4607
4604,4608
4605,4609
4605,4604
4605,4610
4606,4604
4606,4611
4606,4609
4607,4604
4607,4612
4607,4613
4608,4614
4608,4615
4608,4604
4616,4617
4616,4618
4616,4619
4617,4616
4617,4609
4617,4611
4618,4620
4618,4616
4618,4621
4619,4616
4619,4622
4619,4623
4624,4625
4624,4626
4624,4627
4625,4624
4625,4628
4625,4629
4626,4624
4627,4624
380,4630
380,4631
380,377
4630,380
4630,4632
4630,4633
4631,4634
4631,380
4631,4635
4636,4637
4636,4638
4636,4639
4637,4636
4637,4640
4637,4641
4638,4642
4638,4636
4638,4641
4639,4643
4639,4636
4639,4644
4642,4638
4642,4645
4642,4646
4641,4637
4641,4647
4641,4638
4640,4637
4640,4648
4640,198
4640,4649
4648,4640
4648,4650
4648,533
198,4640
198,4651
198,195
4649,4647
4649,4650
4649,4640
4652,4653
4652,4654
4652,4655
4653,4652
4653,4656
4653,4644
4654,4652
4655,4652
4655,4657
4655,4656
4658,4659
4658,4660
4658,4661
4659,4662
4659,4658
4659,4661
4660,4658
4660,4663
4660,4664
4661,4665
4661,4659
4661,4666
4667,4668
4667,153
4668,4667
4668,4669
4668,4670
4671,4672
4671,4673
4671,4674
4671,4675
4672,4676
4672,4671
4672,4677
4673,4678
4673,4671
4673,4679
4674,4680
4674,4671
4674,4681
4675,4682
4675,4671
4675,4683
4657,4684
4657,4655
4657,4685
4684,4657
4684,4656
4684,4686
4685,4657
4685,4687
4685,4688
4689,4690
4689,4691
4689,4692
4690,4689
4690,4693
4690,4694
4691,4646
4691,4689
4691,4695
4692,4696
4692,4689
4692,4697
381,394
381,4698
381,377
394,389
394,381
394,4699
4698,4700
4698,4701
4698,381
4647,4695
4647,4649
4647,4641
4650,4649
4650,533
4650,4648
4662,4702
4662,4703
4662,4659
4702,4704
4702,4662
4702,4665
4703,4664
4703,4662
4705,4644
4644,4705
4644,4653
4644,4651
4644,4639
534,530
534,532
534,4706
4706,535
4706,4707
4706,534
4683,4708
4683,4709
4683,4675
4683,4710
4708,4711
4708,4683
4708,4012
4709,4683
4709,4712
4709,4713
4710,4683
4710,4714
4710,4713
4715,4716
4715,4717
4715,4718
4716,4719
4716,4715
4716,4720
4717,4715
4718,4721
4718,4715
4718,4722
4656,4684
4656,4653
4656,4655
4686,4723
4686,4684
4686,4724
533,4650
533,530
533,4648
4651,4725
4651,4644
4651,198
4725,4651
535,4706
535,4726
535,4727
4726,4728
4726,535
4726,4729
4727,4730
4727,4731
4732,4733
4732,4734
4732,4735
4733,4736
4733,4732
4733,4737
4734,4732
4734,4738
4734,4739
4735,4732
4735,4740
4735,4741
4742,4743
4742,4744
4742,4745
4743,4746
4743,4742
4743,4724
4744,4747
4744,4748
4744,4742
4745,4749
4745,4742
4745,4750
4751,4752
4752,4751
4752,4753
4752,4754
4755,4756
4755,4643
4755,4757
4755,4758
4756,4759
4756,4755
4756,4760
4643,4755
4643,4639
4643,4645
4757,4755
4758,4755
4761,4696
4696,4761
4696,4692
4696,4762
4763,4764
4763,4765
4763,4765
4764,4766
4764,4767
4764,4763
4765,4763
4765,4763
4765,4768
4645,4642
4645,4746
4645,4643
199,946
199,4769
199,195
4664,4703
4664,4770
4664,4660
4770,4771
4770,4772
4770,4664
4646,4691
4646,4773
4646,4642
4695,4647
4695,4774
4695,4691
4775,4776
4775,4704
4775,4777
4776,4775
4776,4778
4776,4779
4704,4775
4704,4702
4704,4780
4777,4781
4777,4775
4777,4703
4782,4719
4719,4782
4719,4716
4719,4783
4722,4784
4722,4718
4722,4785
4784,4786
4784,4722
4784,4787
4785,4722
4785,4788
4785,4720
4766,4789
4766,4764
4766,4790
4767,4764
4767,4791
4767,4792
4793,4750
4793,4794
4793,4795
4750,4745
4750,4793
4750,4796
4794,4797
4794,4793
4794,4798
4795,4799
4795,4793
4795,4800
4746,4645
4746,4743
4746,4801
4724,4743
4724,4686
4724,4720
4802,4803
4802,4804
4802,4805
4803,4806
4803,4802
4803,4807
4804,4802
4804,4808
4804,4809
4805,4779
4805,4810
4805,4802
4783,4719
4721,4718
4721,4811
4721,4812
4663,4813
4663,4814
4663,4660
4682,4675
4682,4681
4682,4711
4681,4674
4681,4815
4681,4682
4711,4708
4711,4682
4711,4815
4815,4681
4815,4816
4815,4711
4816,4817
4816,4815
4816,4818
4817,4819
4817,4012
4817,4816
4818,4034
4818,4680
4818,4816
4820,4821
4820,4822
4820,4823
4821,4824
4821,4825
4821,4820
4822,4826
4822,4827
4822,4820
4823,4828
4823,4820
4823,4829
4823,4830
4831,3921
4831,4832
4831,4833
3921,4831
3921,3916
3921,4834
4832,4835
4832,4836
4832,4831
4832,4669
4833,4837
4833,4838
4819,4839
4819,4817
4819,4840
4012,4817
4012,4708
4012,179
4841,4842
4841,4843
4841,4844
4842,4845
4842,4841
4842,4846
4843,4841
4843,4847
4843,4844
4844,4848
4844,4841
4844,4843
4849,4679
4849,4850
4849,4678
4679,4851
4679,4849
4679,4673
4850,4849
4678,4849
4678,4673
4678,4852
4853,4854
4853,4855
4853,4856
4854,4857
4854,4853
4854,4855
4855,4858
4855,4853
4855,4854
4856,4853
4856,4801
4856,4859
4034,4818
4034,3988
4034,4860
4680,4674
4680,4818
4680,4861
4862,4863
4862,4864
4862,4865
4863,4862
4863,4866
4863,4828
4864,4862
4864,4867
4864,4859
4865,4868
4865,4869
4865,4862
4801,4870
4801,4856
4801,4746
4870,4801
4870,4871
4870,4872
4873,4874
4873,4875
4874,4876
4874,4877
4875,4877
4878,4857
4878,4879
4878,4880
4878,4871
4857,4878
4857,4854
4857,4881
4879,4878
4879,4882
4879,4883
4880,4882
4880,4878
4880,4881
4871,4884
4871,4870
4871,4878
4885,4886
4885,4887
4885,4888
4886,4885
4886,4889
4886,4890
4887,4826
4887,4885
4887,4891
4888,4892
4888,4873
4888,4885
4893,3957
4893,4851
4893,4894
3957,3919
3957,4893
3957,4895
4851,4893
4851,4679
4851,4896
4894,4847
4894,4893
4894,4897
4872,4898
4872,4884
4872,4870
4898,4883
4898,4872
4898,4899
4884,4871
4884,4872
4884,4883
3625,3624
3625,4900
3625,3621
4900,3800
4900,3625
4900,4901
4902,1300
4902,1298
4902,4903
1300,4902
1300,4904
1300,1296
1298,1296
1298,4902
1298,4902
4903,4905
4903,4906
4907,4908
4908,4907
4908,4909
4908,4910
4911,4912
4911,4913
4911,4914
4912,4911
4912,4915
4912,4916
4912,4917
4913,4918
4913,4911
4913,4919
4914,4920
4914,4921
4920,4922
4921,404
4921,4922
4923,4924
4924,4925
4924,4926
4924,4923
4927,4928
4927,4329
4927,1320
4928,4929
4928,4927
4928,4930
4329,4927
4329,1464
4329,4263
1320,4927
1320,1316
1320,4931
4932,4933
4932,4934
4932,4935
4933,4932
4934,4932
4934,4936
4934,4937
4935,4932
4925,4938
4925,4924
4925,4939
4926,4924
4926,4940
4926,4941
4938,4925
4938,4942
4938,4943
4939,4925
4084,4016
4084,4944
4084,4945
4084,4081
4016,4084
4016,4946
4016,4947
4944,4084
4944,4948
4944,4083
4945,4084
4945,4949
3628,3623
3628,4271
3628,4266
4950,4951
4950,4952
4950,4953
4951,4954
4951,4950
4951,4955
4952,4950
4952,4942
4952,4956
4953,4957
4953,4958
4953,4950
929,4959
929,921
929,4960
4959,4961
4959,929
4959,4962
4960,4936
4960,4963
4960,929
404,401
404,398
4922,396
4922,4964
4922,4921
401,4965
4965,4966
4965,4967
4965,4968
858,854
858,4969
858,4970
4969,4971
4969,858
4969,4972
4970,4973
4970,858
4970,4974
4909,4908
4961,4786
4961,4959
4961,4962
4962,3979
4962,4959
4962,4961
4942,4975
4942,4952
4942,4938
4943,4976
4943,4938
4943,4977
4978,4979
4978,4980
4978,4946
4979,4978
4979,4954
4979,4981
4980,4978
4946,4016
4946,4978
4946,4982
4983,4956
4956,4983
4956,4984
4956,4952
4976,4985
4976,4943
4976,4986
4985,4976
4986,4976
4910,4908
4910,928
4910,4987
3800,3724
3800,4900
3800,4988
393,4989
393,4990
4989,4991
4989,4057
4990,4992
4990,4993
4990,393
4984,4994
4984,4995
4984,4956
928,4910
928,921
928,4996
3629,4901
3629,3623
3629,4271
4728,4726
4728,4997
4728,4998
4729,4998
4729,4726
4729,4999
4997,5000
4997,4728
4997,5001
5000,5002
5000,4997
5000,5003
5001,4997
5001,5004
5001,5005
5006,5007
5006,5008
5006,5009
5007,5006
5007,5010
5007,5011
5008,5006
5008,5012
5008,5010
5008,5013
5009,5014
5009,5006
5009,5015
5014,5016
5014,5012
5014,5009
5015,5017
5015,5011
5015,5009
5018,5019
5018,5020
5018,5021
5019,5018
5019,5022
5019,5023
5020,5018
5020,1771
5020,5024
5021,5025
5021,1772
5021,1771
5021,5018
1769,5026
1769,1764
1769,5027
1770,5028
1770,1764
1771,5021
1771,1764
1771,5020
5029,5030
5029,5031
5029,5032
5030,2913
5030,5029
5030,5033
5031,5034
5031,5035
5031,5029
5032,5036
5032,5029
5032,5037
2905,2902
2905,5038
2905,5039
2111,5040
2111,2105
2111,2099
2117,5041
2117,2099
2117,5042
3136,3122
3136,5043
3136,3166
3136,3130
3138,3122
3138,5044
3138,5043
3413,3410
3413,600
3413,5045
3247,3410
3247,3243
3247,5046
5047,5048
5047,5049
5047,5050
5047,5051
5047,5052
5048,5053
5048,5054
5048,5050
5049,5047
5049,5055
5049,1941
5049,5054
5050,5056
5050,5047
5050,5048
5050,5057
5051,5058
5051,5055
5052,5058
5052,5059
5052,5047
2697,5060
2697,5061
2697,2655
2081,2079
2081,2086
2081,2084
3095,5062
3095,3109
3095,3093
3096,5063
3096,5064
3096,3093
268,2083
268,269
2087,2086
2087,5065
2087,2084
2985,3108
2985,2982
2985,2990
3105,5066
3105,3101
3105,5067
5066,3097
5066,3105
5066,5068
5067,3105
2598,2583
2598,2916
2598,945
2916,2598
2916,2912
2916,5069
2580,2576
2580,2767
2580,2767
5065,2087
5065,2108
5065,5070
5071,5072
5071,5073
5071,5074
5072,5075
5072,5071
5072,5076
5073,5077
5073,5071
5073,5078
5074,5079
5074,5071
275,273
275,273
275,267
5080,5081
5081,5080
5081,5082
5081,276
5082,5083
5082,5081
5082,2095
276,274
276,5081
276,2101
2101,276
2101,2100
2101,2093
2093,2089
2093,2101
2093,2091
277,5084
277,274
277,5085
278,5086
278,274
278,5064
5087,5088
5087,5089
5087,5090
5088,5087
5089,5087
5089,5091
5089,5092
5090,5093
5090,5087
5090,5094
5093,5095
5093,5090
5093,5064
5094,5090
5064,278
5064,3096
5064,5093
3097,3094
3097,5066
3097,5096
3098,5097
3098,3094
3098,2454
5063,3096
5063,5098
5063,5099
5086,278
5084,277
5085,277
5100,5101
5100,5101
5100,290
5101,5100
5101,5100
5101,5102
290,289
290,5100
290,283
289,283
289,290
289,5103
5104,287
5104,5105
5104,5106
287,284
287,5104
287,5107
5105,2452
5105,5108
5105,5104
5106,5109
5106,5110
5106,5104
5111,285
285,280
285,5111
285,5112
5112,285
597,3312
597,594
597,5113
599,594
5114,5115
5114,5116
5114,5117
5115,5114
5115,2994
5115,5118
5116,5118
5116,5114
5116,298
5117,5119
5117,5114
5120,2994
2994,5120
2994,2993
2994,5115
5118,5116
5118,5121
5118,5122
298,5123
298,5121
298,5116
298,295
5124,5125
5124,5126
5124,5122
5125,5124
5126,3110
5126,5124
5126,5127
5122,5124
5122,5118
5122,5128
3110,3107
3110,5129
3110,5126
5127,5126
5129,2992
5129,2992
5129,3110
2992,2989
2992,5129
2992,5129
5130,3250
5130,5131
5130,5132
3250,5133
3250,5130
3250,3244
5131,3249
5131,5134
5131,5130
5132,5134
5132,5135
5132,5130
5133,3250
5133,5136
5133,5137
5133,5138
5139,5140
5139,5141
5139,5142
5140,5143
5140,5139
5140,5144
5141,5139
5141,5145
5141,5145
5142,5139
5145,5141
5145,5141
5145,5146
5147,5148
5147,5149
5147,5150
5148,5151
5148,5152
5148,5147
5149,5147
5149,5153
5149,5154
5150,5155
5150,5156
5150,5147
5157,5158
5158,5159
5158,5157
5158,5160
5159,5158
5159,5152
5159,5161
5160,5155
5160,5158
5160,5156
5160,5162
5143,5151
5143,5140
5143,5163
5144,5140
5144,5164
5144,5165
5151,5166
5151,5148
5151,5143
5166,5167
5166,5151
5166,5154
5168,5169
5168,5170
5168,5171
5169,5167
5169,5168
5169,5172
5170,5173
5170,5168
5170,5174
5171,5171
5171,5171
5171,5168
5167,5166
5167,5169
5167,5175
5172,5169
5172,5176
5172,5174
5175,5177
5175,5167
5175,5178
2452,5179
2452,5105
2452,288
2452,2450
2453,2450
2453,5177
2453,5179
5180,5181
5181,5177
5181,5180
5181,5176
5177,5175
5177,2453
5177,5181
5176,5173
5176,5181
5176,5172
5178,5175
5152,5148
5152,5155
5152,5159
5161,5182
5161,5183
5161,5159
5161,5184
5182,5161
5182,5185
5182,5186
5183,5161
5183,5187
5183,5188
5184,5188
5184,5189
5184,5161
410,2480
410,2359
410,409
2480,410
2480,2332
2480,2477
2359,2357
2359,410
2359,2360
3159,3169
3159,3154
3159,5190
5191,5192
5191,5193
5191,5194
5191,5195
5192,5191
5192,5196
5193,5194
5193,5197
5193,5198
5194,5193
5194,5191
5194,5199
5195,5200
5195,5191
5195,2334
5201,5202
5201,5203
5201,5204
5202,5205
5202,5203
5202,5201
5202,5206
5203,5207
5203,5202
5203,5201
5204,5208
5204,5201
5209,5210
5209,5211
5209,5212
5210,5209
5210,5213
5210,5214
5210,5215
5211,5213
5211,5209
5212,5216
5212,5209
5207,5214
5207,5213
5207,5203
5214,5217
5214,5207
5214,5206
5214,5210
5213,5211
5213,5207
5213,5210
5218,5219
5218,5220
5219,5218
5219,2046
5219,5221
5220,5222
5220,5218
5220,5223
5224,5225
5224,5226
5224,5227
5224,5228
5225,5229
5225,5224
5225,5230
5226,5224
5226,5231
5226,5232
5227,5224
5227,5233
5227,5234
5228,5235
5228,5224
5228,5236
5237,5238
5237,5239
5237,1032
5237,5240
5238,5241
5238,5237
5238,5242
5239,5237
5239,1035
5239,5243
1032,1029
1032,5237
1032,5244
5240,5245
5240,5237
5240,5246
5247,5230
5247,5236
5247,5248
5230,5247
5230,5249
5230,5225
5236,5247
5236,5235
5236,5228
5248,5250
5248,5247
5248,5251
5252,4167
5252,5253
5252,5254
5252,5255
4167,5252
4167,4163
4167,5256
5253,5252
5253,5257
5253,5258
5254,5259
5254,5260
5254,5252
5255,5258
5255,5252
5255,5261
5262,5263
5262,5264
5262,5265
5263,5266
5263,5262
5263,5267
5264,5262
5264,5268
5264,5269
5265,5262
5265,5245
5265,5270
5271,5272
5271,5273
5271,5274
5271,5275
5272,5271
5272,5276
5272,5277
5273,5278
5273,5279
5273,5271
5274,5268
5274,5280
5274,5271
5274,5281
5275,39
5275,5271
5275,5282
5270,5283
5270,5265
5270,5284
5283,5270
5283,5268
5283,5285
5284,5286
5284,5270
5284,5241
5280,5274
5280,5287
5280,5276
5287,5280
5276,5280
5276,5288
5276,5272
5245,5265
5245,5240
5245,5249
5249,5230
5249,5266
5249,5245
5282,5289
5282,5290
5282,5275
5289,5291
5289,5282
5289,5292
5290,5282
5290,5293
5290,5279
5294,5288
5294,5295
5294,5296
5288,5294
5288,5297
5288,5276
5295,5294
5295,5298
5295,5299
5296,5294
5296,5300
5296,5301
5302,2045
5302,2037
5302,5303
5302,5304
2045,2041
2045,5302
2045,5305
2037,5302
2037,2034
2037,5306
5303,5307
5303,5308
5303,5302
5304,5302
5309,5267
5309,5229
5309,5300
5267,5281
5267,5309
5267,5263
5229,5309
5229,5225
5229,5266
5300,5296
5300,5309
5300,5310
5277,5311
5277,5278
5277,5272
5268,5264
5268,5283
5268,5274
5268,5312
5281,5267
5281,5313
5281,5274
5266,5249
5266,5263
5266,5229
5312,5268
5279,5273
5279,5290
5279,5314
5314,5315
5314,5316
5314,5279
4166,5317
4166,5318
4166,4163
2035,5319
2035,2033
2035,5320
5319,5321
5319,2035
5319,5322
5320,5322
5320,5322
5320,2035
5321,5323
5321,5319
5321,2022
5322,5320
5322,5320
5322,5319
5324,5325
5324,5326
5324,5327
5325,5328
5325,5324
5325,5329
5326,5324
5326,5330
5326,5331
5327,5332
5327,5324
5327,5333
1286,1282
1286,5334
1286,1281
1282,1286
1282,1278
1282,1016
5334,5335
5334,1286
5334,5336
5334,5337
5338,5339
5338,5338
5338,5338
5339,5285
5339,5338
5339,5340
5332,5327
5332,5341
5332,5342
5341,5343
5341,5332
5341,5344
5342,5345
5342,5332
5342,5346
1035,5239
1035,1030
1035,5347
5347,5348
5347,5349
5347,1035
2044,2041
2044,5350
2044,5351
2042,2040
2042,5348
2042,1027
2042,1026
2043,5349
2043,2040
2043,5350
1031,5352
1031,1024
1031,5353
5340,5339
1041,5354
1041,5355
1041,1037
5354,5356
5354,5357
5354,1041
5355,5358
5355,1041
5355,5359
5348,2042
5348,5347
5348,5360
5349,2043
5349,5250
5349,5347
5323,5361
5323,5321
5323,5362
5323,2031
5361,5363
5361,5323
5361,5364
5362,5323
5362,2018
5362,5365
2031,2028
2031,5366
2031,5323
5305,2045
1991,5363
1991,5367
1991,1967
5285,5339
5285,5283
5285,5368
2029,2026
1026,1030
1026,2042
1026,1021
5369,5370
5369,5371
5369,5372
5370,5369
5370,5373
5370,5374
5371,5369
5371,5307
5371,5375
5372,5376
5372,5369
5372,5377
5372,5378
1482,1478
1482,5379
1482,5380
5381,5382
5381,5383
5381,5384
5382,5385
5382,5381
5382,5386
5383,5381
5383,5387
5383,5388
5384,5381
5384,5389
5384,5390
2036,5391
2036,2033
2036,5392
5393,5394
5393,5395
5393,5396
5394,5393
5394,5397
5394,5398
5395,5393
5395,5399
5395,5343
5396,5400
5396,5401
5396,5393
5389,5384
5389,5402
5389,5403
5402,5389
5402,5404
5402,5403
5403,5405
5403,5389
5403,5406
5403,5402
1486,5407
1486,5408
1486,5328
1486,1480
5407,1486
5407,5409
5407,5410
5408,5411
5408,5412
5408,1486
5328,5325
5328,1486
5328,5413
2018,5362
2018,2005
2018,5414
5415,5416
5415,1262
5415,5417
5415,5418
5416,5415
5416,5419
5416,5420
1262,5415
1262,1258
1262,1258
5417,5415
5417,5421
5417,5422
5418,5423
5418,5415
5418,5424
5366,5425
5366,2031
5366,5426
5352,5427
5352,1031
5352,5428
5353,1031
1263,1259
1263,5429
1263,5430
1264,5431
1264,5432
1264,1259
5350,2044
5350,5433
5350,2043
5433,5350
5433,5434
5433,5435
1485,5436
1485,1480
1485,5437
1487,5438
1487,5439
1487,1480
5440,5441
5440,5442
5440,5443
5441,5440
5441,5444
5441,5445
5442,5440
5442,5446
5442,5447
5443,5440
5443,5448
5443,5449
5450,5451
5450,5452
5450,5310
5451,5450
5451,5391
5451,5453
5452,5454
5452,5450
5452,5455
5310,5450
5310,5234
5310,5300
5250,5248
5250,5349
5250,5456
5411,5379
5411,5408
5411,5457
5412,5408
5458,5459
5458,5460
5458,5461
5458,5462
5459,5458
5459,5463
5459,5464
5460,5458
5461,5465
5461,5466
5461,5458
5462,5458
5467,5468
5468,5467
5468,5469
5468,5470
5471,5472
5471,5473
5471,5474
5472,5471
5472,5475
5472,653
5473,5471
5474,613
5474,652
5474,5471
660,5476
660,657
660,5477
5476,660
5477,5478
5477,5479
5477,660
5480,5481
5480,5482
5480,5483
5481,5480
5481,5484
5481,5485
5482,5486
5482,5487
5482,5488
5482,5480
5483,5489
5483,5480
5483,5488
665,5490
665,659
665,5491
5490,5492
5490,665
5490,5479
5491,5466
5491,665
5491,5493
5494,5495
5495,5494
5495,5496
5495,5497
5498,655
5498,624
5498,5499
655,5498
655,5500
655,650
624,5498
624,5501
624,619
5499,652
5499,5502
5499,5503
5499,5498
5504,1471
5504,5505
5504,5506
1471,5507
1471,5504
1471,212
5505,5508
5505,5504
5505,5509
5506,5504
5506,5510
5506,5511
633,5512
633,628
633,662
5512,5513
5512,633
5512,5514
662,5515
662,658
662,633
5516,5515
5516,5478
5516,5517
5516,5518
5515,5516
5515,662
5515,5519
5515,5520
5478,5477
5478,5516
5478,5521
5517,5516
5518,5516
5522,5523
5522,5524
5522,5525
5522,5526
5522,5527
5523,5522
5523,5528
5523,5529
5523,5530
5524,5522
5524,5531
5524,5532
5524,5528
5524,5533
5525,5522
5525,5534
5526,5529
5526,5522
5527,5535
632,5536
632,628
632,629
5537,5538
5537,5539
5537,5469
5538,5540
5538,5537
5538,5541
5539,5537
5539,5542
5539,5543
5469,5470
5469,5537
5469,5468
5544,5545
5544,653
5544,613
5545,5544
653,5472
653,5544
653,649
613,608
613,5474
613,5544
5546,5547
5546,5548
5546,5549
5547,5550
5547,5546
5547,5551
5548,5546
5548,623
5548,5552
5549,5551
5549,5493
5549,5546
5553,5554
5553,5555
5553,5556
5554,5557
5554,5553
5554,5558
5555,5559
5555,5553
5555,5560
5556,5561
5556,654
5556,5553
5551,5547
5551,5549
5551,5562
5562,5563
5562,5564
5562,5551
5470,5469
5470,5468
5470,5565
5565,5566
5565,5567
5565,5470
5466,5461
5466,5491
5466,664
5493,5549
5493,5568
5493,5491
5484,5569
5484,5570
5484,5481
5569,5571
5569,5484
5569,5572
5570,5484
5570,5573
5570,5574
5492,5490
5479,5564
5479,5477
5479,5490
5507,1471
5575,5576
5575,208
5575,5577
5576,5578
5576,5575
5576,5579
208,5580
208,5581
208,5575
208,205
5577,5575
5577,5580
5577,5582
5583,5584
5583,5585
5583,5586
5584,5587
5584,5583
5584,5588
5585,5508
5585,663
5585,5583
5585,5589
5586,5583
5586,5513
5586,5590
5586,5591
652,5499
652,5592
652,5474
652,649
5593,5594
5594,5595
5594,5593
5594,623
5510,209
5510,5506
5510,5596
209,5589
209,5510
209,205
5596,5510
5596,211
5596,211
663,5585
663,664
663,658
5486,5482
5486,5597
5486,5598
5487,5482
5487,5599
5487,5600
5488,5601
5488,5482
5488,5483
5602,5557
5557,5602
5557,5554
5557,5603
623,5594
623,5548
623,618
5552,5604
5552,5568
5552,5548
622,5501
622,618
622,5605
5501,624
5501,622
5501,5503
5605,622
5561,5556
654,5556
654,650
654,5606
654,5559
664,663
664,659
664,5466
664,5581
5581,5578
5581,5589
5581,208
5581,664
1475,5607
1475,1468
1475,5608
5609,5610
5609,5611
5609,5612
5609,5613
5610,5609
5610,5614
5610,5615
5611,5616
5611,5609
5611,5617
5612,5618
5612,5609
5612,5615
5612,5619
5613,5620
5613,5621
5613,5609
5613,5532
5568,5622
5568,5493
5568,5552
5622,5623
5622,5568
5622,5624
211,206
211,5596
211,5596
5625,5626
5625,5627
5625,5628
5626,5629
5626,5625
5626,5630
5627,5625
5627,5631
5627,5632
5628,5625
5500,655
5500,625
5500,5633
5508,5585
5508,5634
5508,5505
5589,5581
5589,209
5589,5585
5618,5635
5618,5612
5618,5636
5615,5636
5615,5612
5615,5610
5619,5612
5619,5617
5619,5616
5619,5637
1472,212
5595,5594
5595,5465
5595,5638
5634,5639
5634,5508
5634,5640
5641,5542
5641,5639
5641,5642
5542,5539
5542,5641
5542,5543
5639,5641
5639,5634
5639,5640
5642,5643
5642,5641
5642,5644
5642,5543
5550,5645
5550,5547
5550,5646
634,629
634,5647
634,5648
5647,5649
5647,634
5647,631
5648,5650
5648,5651
5648,634
821,819
821,5652
821,5653
822,5654
822,819
822,5655
5656,5657
5656,5658
5656,5659
5657,5656
5657,5660
5657,5661
5658,5656
5658,5662
5658,5663
5659,5656
5659,5654
5659,5664
5578,5576
5578,5665
5578,5581
5665,5666
5665,5578
5665,5667
625,5668
625,619
625,5500
620,5669
620,617
620,5670
621,617
621,5671
621,5582
5643,5642
5643,5672
5672,630
5672,5673
5672,5643
5645,5550
5645,5563
5645,5674
5646,5550
5646,5675
5646,5676
3932,5677
3932,3869
3932,5678
5677,3932
5677,5679
5677,5679
5678,5680
5678,3932
5678,5681
3953,5682
3953,3947
3953,5683
5682,3953
5682,5684
5682,5685
5683,3953
5683,5686
5683,5686
5687,5681
5687,5688
5687,5689
5681,5690
5681,5687
5681,5678
5688,5687
5688,5691
5688,5692
5689,5687
5689,5693
5689,5693
5694,5695
5694,5696
5694,5697
5695,5698
5695,5699
5695,5694
5695,5700
5696,5694
5696,5697
5696,5701
5697,5696
5697,5702
5697,5694
5703,5690
5703,5698
5703,5704
5690,5705
5690,5681
5690,5703
5698,5704
5698,5695
5698,5703
5704,5698
5704,5703
5704,5706
5707,5708
5707,5693
5707,5709
5708,5710
5708,5707
5708,5711
5693,5689
5693,5689
5693,5707
5709,5712
5709,5713
5709,5707
5714,5715
5714,5716
5714,5717
5715,5714
5715,5718
5715,5718
5716,5719
5716,5720
5716,5714
5716,3911
5717,5714
5717,5721
5717,5722
5723,5724
5723,5725
5723,5726
5723,5727
5724,5723
5724,5719
5724,5725
5725,5723
5725,5728
5725,5724
5726,5723
5727,5723
3955,3948
3955,5729
3955,5730
3956,5731
3956,5729
3956,3948
642,5732
642,643
642,637
642,5733
643,637
643,642
643,647
5734,5692
5734,5735
5734,5736
5692,5734
5692,5688
5692,5706
5735,5734
5735,5700
5735,5737
5735,5706
5736,5737
5736,5734
5736,5738
5713,5709
5713,5739
5713,5740
5739,5741
5739,5741
5739,5713
5740,3950
5740,3950
5740,5713
5730,5742
5730,5743
5730,3955
5742,5744
5742,5730
5742,5745
5743,5746
5743,5747
5743,5730
5701,5748
5701,5696
5701,5699
5718,5715
5718,5715
5718,5749
5691,5688
5691,5685
5691,5741
5410,5750
5410,5407
5410,5751
5750,5410
5750,5752
5750,1490
5751,5753
5751,5754
5751,5410
5710,5708
5710,5755
5710,5755
5755,4068
5755,5710
5755,5710
5686,5683
5686,5683
5686,5756
5756,5757
5756,5686
5756,5758
3870,5679
3870,5759
3870,3864
5760,5761
5760,5762
5760,5728
5761,5760
5761,5763
5761,5749
5762,5764
5762,5760
5762,5765
5728,5766
5728,5725
5728,5760
5767,5768
5767,5769
5767,5770
5767,5771
5767,5772
5768,5773
5768,5774
5768,5767
5768,5775
5769,5767
5769,5776
5769,5777
5770,5778
5770,5767
5770,5772
5771,5779
5771,5780
5771,5767
5772,5777
5772,5767
5772,5770
5763,5761
5763,5720
5763,5720
5749,5781
5749,5718
5749,5761
5782,4051
5782,5757
5782,5783
4051,5782
4051,5757
4051,3954
5757,5782
5757,5756
5757,4051
5783,5784
5783,5785
5783,5782
5702,5786
5702,5787
5702,5697
5786,5702
5786,5788
5786,5787
5787,5786
5787,5702
5787,5784
5680,5678
5680,5789
5680,5789
5789,5711
5789,5680
5789,5680
5685,5691
5685,5790
5685,5682
5790,5685
5790,5738
5790,5791
5712,5709
5712,5792
5712,5792
5684,5682
5684,5793
5684,5793
5719,5716
5719,5705
5719,5724
5720,5716
5720,5763
5720,5763
3911,4061
3911,5716
3911,3905
5700,5735
5700,5788
5700,5695
5737,5736
5737,5735
5737,5794
5706,5735
5706,5692
5706,5704
5731,3956
5731,5795
5731,5796
5729,3955
5729,5797
5729,3956
5792,3949
5792,5712
5792,5712
3949,4068
3949,3945
3949,5792
1260,5798
1260,1257
1260,5799
1261,1267
1261,5800
1261,1257
5699,5695
5699,5801
5699,5701
5801,5766
5801,5699
5801,5705
5766,5728
5766,5801
5766,5802
5705,5719
5705,5690
5705,5801
5705,3933
5784,5783
5784,5785
5784,5787
5785,5784
5785,5803
5785,5783
3951,4053
3951,3946
3951,5804
3952,5805
3952,5806
3952,3946
5793,5758
5793,5684
5793,5684
5758,5803
5758,5793
5758,5756
671,5807
671,5808
671,667
5807,671
5807,5809
5807,5810
5808,671
5808,5809
5808,5811
5746,4039
5746,5743
5746,5797
4039,5746
4039,4038
4039,5812
5797,5813
5797,5729
5797,5746
5711,5789
5711,5708
5711,5759
5759,5814
5759,3870
5759,5711
5738,5790
5738,5794
5738,5736
5794,5791
5794,5738
5794,5737
5815,5791
5815,5803
5815,5788
5791,5815
5791,5794
5791,5790
5803,5785
5803,5758
5803,5815
5788,5815
5788,5700
5788,5786
4052,4053
4052,5776
4052,4050
4052,5816
4053,3951
4053,4052
4053,4050
5776,4052
5776,5769
5776,5804
5816,5817
5816,5818
5816,4052
3933,5705
3933,3869
3933,4061
5795,5731
5795,5819
5795,5820
5819,5795
5819,5821
5819,5822
5820,5823
5820,5795
5820,5824
5679,3870
5679,5677
5679,5677
5741,5739
5741,5739
5741,5691
5825,5826
5825,5827
5825,5828
5826,5829
5826,5827
5826,5825
5827,5826
5827,5830
5827,5825
5827,5831
5828,5832
5828,5833
5828,5825
5744,5742
4068,4067
4068,3949
4068,5755
5814,5759
5814,4069
5814,4069
5764,5765
5764,5762
5764,5834
5765,5764
5765,5762
5765,5835
5834,5836
5834,5802
5834,5764
3918,5837
3918,3914
5796,5731
5796,5838
5796,5839
5840,5841
5840,5842
5840,5186
5841,5843
5841,5840
5841,5844
5842,5845
5842,5188
5842,5840
5186,5182
5186,5846
5186,5840
5187,5183
5187,5847
5187,5848
5188,5184
5188,5183
5188,5842
5849,5850
5849,5843
5849,5845
5850,5849
5850,5851
5850,5852
5843,5841
5843,5849
5843,5853
5845,5842
5845,5849
5845,5851
3076,5854
3076,2447
3076,5855
5854,5856
5854,3076
5854,5857
5854,5858
5855,3076
5855,5859
5855,5860
5855,5857
5861,5862
5861,5146
5861,5863
5862,5861
5862,5864
5862,5865
5146,5866
5146,5145
5146,5861
5863,5861
5867,5868
5867,5869
5867,5846
5868,5870
5868,5867
5868,5871
5869,5867
5869,5872
5869,5873
5846,5874
5846,5867
5846,5186
5185,5875
5185,5182
5185,5876
5185,5877
5875,5878
5875,5185
5875,5879
5876,5880
5876,5185
5876,5881
5877,5882
5877,5882
5877,5185
5870,5880
5870,5868
5870,5873
5880,5876
5880,5870
5880,5881
5873,5870
5873,5869
5873,5883
5851,5850
5851,5884
5851,5845
5884,5885
5884,3084
5884,5851
5856,5854
5856,5886
5856,5887
5886,5888
5886,5857
5886,5856
5887,5889
5887,5890
5887,5856
5891,2444
2444,2441
2444,5891
2444,5892
5892,2444
5892,5893
5892,5864
2445,5894
2445,2441
2445,5895
5847,5187
5847,5894
5847,5896
5848,5848
5848,5848
5848,5187
5897,5898
5897,5899
5897,5900
5898,5901
5898,5897
5898,5902
5899,5897
5899,5903
5899,1428
5900,1435
5900,1427
5900,5897
5904,5905
5904,5906
5904,5903
5905,5907
5905,51
5905,5904
5906,5904
5906,5908
5906,5909
5903,5899
5903,1441
5903,5904
5903,5910
1440,1438
1440,1441
1440,47
1426,1438
1426,1423
1426,1428
1441,1440
1441,5903
1441,1438
5911,5912
5911,5913
5911,5914
5912,5915
5912,5911
5912,5914
5913,5911
5913,1458
5913,5916
5914,5912
5914,5911
5914,1461
5914,5917
1435,1427
1435,5915
1435,5900
1435,1431
1427,1423
1427,1435
1427,5900
5915,1435
5915,5912
5915,5918
1428,1426
1428,5899
1428,1423
5919,5920
5919,5921
5919,1459
5920,5922
5920,5919
5920,5923
5921,5919
5921,5917
5921,5924
1459,1461
1459,1456
1459,5919
1453,1454
1453,1452
1453,1451
1454,1453
1454,49
1454,1452
1461,1459
1461,5914
1461,1457
5910,5908
5910,5925
5910,5903
1460,1456
1460,5926
1460,5922
5926,1460
5926,5927
5926,5928
5926,5929
5922,5920
5922,1460
5922,5929
5917,5921
5917,5930
5917,5914
5930,5917
5930,5901
5930,5931
5932,5933
5932,5934
5932,5935
5933,5936
5933,5932
5933,5937
5934,5938
5934,5932
5934,5939
5935,5940
5935,5941
5935,5932
5942,5943
5942,5944
5942,5945
5943,5946
5943,5947
5943,5942
5944,5939
5944,5942
5944,5948
5945,5949
5945,5950
5945,5942
5951,5952
5951,5953
5951,5954
5951,5955
5952,5951
5952,5947
5952,5956
5953,5957
5953,5951
5954,5958
5954,5959
5954,5951
5955,5957
5955,5951
5955,5960
5961,5962
5961,5963
5961,5964
5962,5961
5962,5965
5962,5966
5963,5961
5963,5967
5963,5968
5964,5961
5964,5969
5964,5970
4107,5971
4107,5972
4107,3912
5971,4107
5971,5973
5971,5974
5972,5975
5972,4107
5972,5976
5977,4714
5977,5974
5977,3938
5977,5978
4714,5977
4714,4710
4714,4001
5974,5979
5974,5977
5974,5971
5974,181
3938,5978
3938,5977
5978,176
5978,5977
5948,5980
5948,5944
5948,5981
5980,5948
5980,5982
5980,5983
5981,5948
5940,5935
5940,5984
5940,5985
5984,5986
5984,5987
5984,5940
5985,5940
5985,5950
5985,5988
5989,5988
5989,5990
5989,5991
5988,5989
5988,5992
5988,5985
5990,5993
5990,5989
5990,5994
5991,5989
5939,5944
5939,5934
5939,5995
5995,5939
799,5996
799,5996
799,793
5996,799
5996,799
5996,5997
5957,5955
5957,5960
5957,5998
5960,2183
5960,5955
5960,5999
5979,5974
5979,6000
5979,3939
181,174
181,5974
6001,6002
6001,6003
6001,6004
6002,6001
6003,6005
6003,6001
6003,6006
6004,6007
6004,6001
6004,6008
5947,6009
5947,5943
5947,5952
6009,5947
6009,6010
6009,6011
4001,6012
4001,3996
4001,4714
5956,6013
5956,6014
6015,6016
6015,5976
6015,6017
6016,6018
6016,6015
6016,193
5976,6019
5976,6015
5976,5972
6017,177
5998,5992
5998,5957
5998,6020
5975,5972
5975,6021
5975,6006
6021,6019
6021,5975
6021,6022
6006,5975
6006,6003
6006,6023
5992,5998
5992,5988
5992,6024
6024,5992
6024,5993
6024,6025
2184,6026
2184,2179
2184,6027
6026,5982
6026,2184
6026,6028
6027,2184
798,793
192,183
192,6029
192,6030
193,6017
193,183
193,6016
6031,6032
6031,5997
6031,6033
6032,6034
6032,6031
6032,6035
5997,6036
5997,6031
5997,5996
6033,6031
5982,5980
5982,6026
5982,6011
6011,6009
6011,5982
6011,6037
5893,5892
5893,6038
5893,6039
5864,6040
5864,5862
5864,5892
6041,6042
6041,6043
6041,6044
6042,6045
6042,6041
6042,6046
6043,6047
6043,6048
6043,6041
6044,6045
6044,6041
6044,6049
6050,6051
6050,3465
6050,6052
6051,6050
6051,6053
6051,3460
3465,6050
3465,3464
3465,6054
6052,6050
6052,6055
6052,6054
6056,6057
6057,6056
6057,6058
6057,6059
6060,6061
6060,6062
6060,6063
6061,6060
6061,2797
6061,6064
6061,6065
6062,6060
6063,6066
6063,6067
6063,6060
5200,5195
2334,5195
2334,6068
2334,2330
2478,6068
2478,2476
2478,6069
2479,2476
6070,6071
6070,2361
6070,6072
6071,6070
6071,2370
6071,6073
2361,6070
2361,2358
2361,6074
6072,6075
6072,6076
6072,6070
2487,6077
2487,6078
2487,2483
6077,2487
6077,6079
6077,6080
6078,2487
6078,6081
6078,6082
6083,6084
6084,6083
6084,6085
6084,6086
6087,6088
6087,6089
6087,3078
6088,6087
6089,6090
6089,6091
6089,6087
3078,6092
3078,6087
3078,3074
2332,2480
2332,2326
2332,6093
6094,2489
6094,6095
6094,6096
2489,2484
2489,6094
2489,6097
6095,6094
6095,6098
6095,6099
6096,6100
6096,6094
6096,6101
6102,2446
6102,6103
6102,6104
2446,2442
2446,6102
2446,6105
6103,6102
6103,6055
6103,6106
6104,6107
6104,6108
6104,6102
5196,5192
5196,5878
5196,6109
5878,5875
5878,5196
5878,5882
6109,5196
6109,6110
6109,6111
6112,5858
6112,6113
6112,6053
5858,6053
5858,6053
5858,6112
5858,5854
6113,6114
6113,6115
6113,6112
6053,5858
6053,5858
6053,6112
6053,6051
6039,6106
6039,5893
6039,6116
6106,6039
6106,6117
6106,6103
6116,5866
6116,6039
6116,5068
6105,2446
5844,6118
5844,5874
5844,5841
6119,6120
6119,6121
6119,6122
6120,6123
6120,6119
6120,6124
6121,6123
6121,6125
6121,6126
6121,6119
6122,6127
6122,6128
6122,6119
6129,6075
6075,6072
6075,6129
6075,6130
2360,6131
2360,2359
2360,2357
2338,6085
2338,2335
2338,6132
6085,6133
6085,6084
6085,2338
6132,6134
6132,2338
6132,6135
6132,6136
6117,6137
6117,6138
6117,6106
2468,2867
2468,2463
2468,3468
2488,3524
2488,2483
2488,6139
2321,6140
2321,2315
2321,2318
6123,6121
6123,6120
6123,2317
6123,6141
6125,6121
6126,2333
6126,6121
6126,6142
6114,6113
6114,6107
6114,6143
6114,6144
6107,6114
6107,6104
6107,6145
6143,6114
6144,6114
6146,2801
6146,6137
6146,6147
2801,6146
2801,6148
2801,2462
6137,6149
6137,6146
6137,6117
6147,2802
6147,6150
6147,6146
6151,6152
6151,6153
6151,6154
6152,6151
6152,6155
6152,6156
6153,6156
6153,6151
6153,2372
6154,2372
6154,6157
6154,6151
6068,2334
6068,2478
6068,6158
6159,6082
6082,6159
6082,6160
6082,6078
6124,6161
6124,6128
6124,6120
2317,6162
2317,2313
2317,6123
6141,6163
6141,6164
6141,6165
6141,6123
6054,3465
6054,6052
6054,2461
2461,6166
2461,2457
2461,6054
5189,5184
6167,6168
6167,5885
6167,6169
6168,6167
6168,5885
6168,6170
5885,5884
5885,6167
5885,6168
6169,6090
6169,6171
6169,6167
6166,6055
6166,2461
6166,6172
5895,2445
6138,6117
6162,6161
6162,2317
6162,6173
5894,5847
5894,2445
5894,6174
5199,6175
5199,6176
5199,5194
6140,6177
6140,6178
6140,2321
6177,6140
6177,2318
6177,6179
6177,6161
6178,6140
6178,6179
6178,6180
5197,5193
6086,6084
3084,3081
3084,6181
3084,5884
6081,6080
6081,6182
6081,6078
6176,6183
6176,5199
6176,6184
6183,6176
6183,6175
6183,6185
6184,5198
6184,6186
6184,6187
6184,6176
6188,6189
6188,6190
6188,6191
6189,6192
6189,6188
6189,6193
6190,6194
6190,6188
6190,6048
6191,6188
6191,6195
6191,6046
6196,6197
6196,6198
6196,6110
6197,6196
6197,6199
6197,6200
6198,6196
6198,6201
6198,6202
6110,6109
6110,6196
6110,6203
6182,6081
6160,6082
6149,6137
2333,6126
2333,6142
2333,2330
6161,6162
6161,6124
6161,6177
6055,6166
6055,6103
6055,6052
3468,6204
3468,3466
3468,2468
6076,6072
5896,5847
6205,6206
6205,6207
6205,6208
6206,6209
6206,6205
6206,6210
6207,6211
6207,6205
6207,6212
6208,6205
6208,6213
6208,6214
6215,6216
6215,6217
6215,6218
6216,6215
6216,6219
6216,6220
6217,6221
6217,6215
6217,6222
6218,6215
6218,6223
6218,6220
6224,6225
6224,6226
6224,6227
6225,6228
6225,6228
6225,6224
6226,6224
6227,6224
831,826
831,6229
831,6230
6229,6231
6229,831
6229,6232
6230,6233
6230,831
6230,6234
6235,6236
6235,6237
6235,4222
6236,6235
6236,6238
6236,6239
6237,6235
4222,829
4222,6235
4222,6240
3843,3842
3843,507
3843,6241
3743,3842
3743,3739
3743,6242
4543,6243
4543,507
4543,6244
3844,3826
3827,6245
3827,3671
3827,3674
6242,6246
6242,6247
6242,3743
4778,6248
4778,4776
4778,4777
4779,4805
4779,6249
4779,4776
4892,4888
4892,4874
4892,6250
4858,6251
4858,4855
4858,4881
6251,6252
6251,4858
6251,4882
4881,4858
4881,4857
4881,4880
5004,4824
5004,5001
5004,6253
4824,5004
4824,4821
4824,6253
6253,4824
6253,4825
6253,5004
4738,4734
4738,4799
4738,6254
4739,6255
4739,4734
4739,6254
6255,4739
6255,6256
6255,6257
6255,6258
6256,6259
6256,6255
6256,6260
6257,6255
6257,6261
6257,6260
6258,6255
6262,4737
6262,6263
6262,6259
6262,6264
4737,6262
4737,4733
4737,4739
6263,6262
6263,6264
6263,6265
6259,6262
6259,6256
6259,6266
6264,6266
6264,6263
6264,6262
4736,4889
4736,4733
4736,4741
6267,6268
6267,6269
6267,6270
6268,6267
6268,3959
6268,6271
6269,6267
6269,6272
6269,6273
6270,5817
6270,6267
6270,6274
4002,4712
4002,3996
4002,6275
4002,6276
6012,6275
6012,4001
6012,6277
5817,5816
5817,6270
5817,6278
5817,6279
6278,5817
6278,5818
6278,6280
6278,6281
6279,5817
6279,6274
3999,3995
3999,6282
3999,6283
6282,6284
6282,3999
6282,6285
6283,3999
6283,6286
6283,6287
3997,3994
3997,6276
3997,6288
3998,6289
3998,3994
3998,6287
6290,6291
6291,6290
6291,6289
6291,6292
6286,6283
4000,6293
4000,6272
4000,3995
6294,6295
6294,6296
6294,171
6295,6294
6295,6297
6295,6298
6296,6299
6296,6294
6296,6300
171,6294
171,167
171,6301
6302,6299
6302,6299
6302,6000
6299,6302
6299,6302
6299,6296
6000,5979
6000,6303
6000,6302
6304,6305
6304,6306
6304,6307
6305,6308
6305,6304
6305,6297
6306,6304
6306,6309
6306,6310
6307,6311
6307,6312
6307,6304
5973,5971
5973,6313
5973,6303
5973,6314
6300,6315
6300,6296
6300,6316
6315,6300
6315,6316
6315,6303
6316,6300
6316,6315
6316,6317
6303,6000
6303,5973
6303,6315
6308,6305
6308,6318
6308,6319
6318,6313
6318,6308
6318,6297
6319,6320
6319,6308
6319,6321
6313,6318
6313,5973
6313,6322
6322,6323
6322,6313
6322,6324
6317,6316
188,6325
188,185
188,6326
6325,6327
6325,188
6325,6328
6326,6329
6326,188
6326,6330
6331,6332
6331,6333
6331,6333
6332,6334
6332,6331
6332,6327
6333,6335
6333,6331
6333,6331
6334,6336
6334,6332
6334,6337
6327,6332
6327,6330
6327,6325
6335,6333
6335,6338
6335,6339
6328,6340
6328,6341
6328,6342
6328,6325
3992,6343
3992,3930
3992,6344
3993,4007
3993,3930
3993,6345
6343,6346
6343,3992
6343,6347
6346,6343
6347,6348
6347,6349
6347,6343
4948,6350
4948,6351
4948,4944
6350,4948
6351,6352
6351,6353
6351,4948
6354,4994
4994,4984
4994,6354
4994,6355
6355,4994
4973,4970
4973,6356
4973,6357
6356,4973
6356,6358
6356,6359
6357,6360
6357,6360
6357,4973
1908,1945
1908,6361
1908,1901
6361,6362
6361,6363
6361,1908
6163,6141
6163,6364
6163,2316
6164,6141
6164,6365
6164,6366
6165,6367
6165,6368
6165,6141
6369,6370
6369,6371
6369,6372
6370,6369
6370,6373
6370,6373
6371,6374
6371,6369
6371,6375
6372,6376
6372,6375
6372,6369
6363,6377
6363,6361
6377,6378
6379,6380
6380,6381
6380,6379
6380,6382
6383,6384
6383,6385
6383,6386
6384,6387
6384,6383
6384,6388
6385,6389
6385,6390
6385,6383
6386,6391
6386,6392
6386,6383
6378,6393
6378,6394
6393,6395
6393,6363
6394,6396
6394,6378
6394,6397
6398,1199
1199,6398
1199,1631
1199,1195
6389,6391
6389,6399
6389,6385
6390,6399
6390,6385
6390,6400
6397,6377
6397,6394
1947,6401
1947,6402
6401,6403
6401,6404
6402,6404
6402,6405
6402,1947
6406,6400
6400,6407
6400,6406
6400,6408
6400,6390
6409,1670
1670,6410
1670,6409
1670,6411
1670,1669
6381,6380
6381,6412
6381,6413
6412,6414
6412,6381
6412,6415
6413,6381
6413,6416
6413,6417
6418,6419
6418,6420
6418,6421
6419,6418
6419,6422
6419,6423
6420,6424
6420,6418
6420,6425
6420,6426
6421,6427
6421,6418
6421,6428
6421,6429
6430,6382
6382,6430
6382,6380
6382,6431
6407,6432
6407,6400
6407,6388
6432,6407
6388,6407
6388,6417
6388,6384
6433,6434
6433,6435
6433,6436
6434,6433
6434,6437
6434,6438
6435,6433
6435,6439
6435,6440
6436,6441
6436,6442
6436,6433
1557,1632
1557,6443
1557,1197
1632,1625
1632,1557
1632,6444
6443,1557
6443,6445
6443,6446
1157,6447
1157,6448
1157,1155
6447,1157
6447,6449
6447,1499
6448,1157
6448,993
6448,6450
6449,6447
6449,1840
6449,6451
1499,6447
1499,1495
1499,6452
6453,6454
6453,1498
6453,6455
6454,6456
6454,6457
6454,6453
1498,6453
1498,1495
1498,6458
6455,1840
6455,6453
6455,6459
6374,6371
6403,6460
6403,6461
6404,6461
6404,6402
6404,6401
6410,1670
6411,1670
5753,5751
5753,6462
5753,6463
6462,5753
6462,6464
6462,6465
6463,6466
6463,6467
6463,5753
6446,1631
6446,6468
6446,6443
6446,6445
1631,6446
1631,1199
1631,1624
6468,6446
6468,6469
6468,6470
6445,6443
6445,6471
6445,6446
1946,6472
1946,1944
1946,6473
5241,5317
5241,5238
5241,5284
5317,4166
5317,5241
5317,6474
6475,6476
6475,6477
6475,6478
6476,6475
6476,6479
6476,6480
6476,6477
6477,6481
6477,6475
6477,6476
6478,138
6478,6475
6478,6482
6414,6412
6414,6483
6414,6484
6415,6485
6415,6412
6415,6486
2316,2313
2316,2314
2316,6163
2319,2314
2320,6134
2320,6487
2320,2314
6488,6489
6488,6490
6488,6491
6489,6488
6489,6416
6489,6492
6490,6493
6490,6494
6490,6488
6491,6488
6491,6495
6491,6493
6485,6415
6373,6370
6373,6370
6373,6496
6395,6393
6395,6497
6395,6498
6499,6493
6493,6499
6493,6490
6493,6491
6408,6483
6408,6483
6408,6400
6483,6414
6483,6408
6483,6408
5286,5259
5286,5284
5286,6500
6501,6399
6399,6501
6399,6390
6399,6389
1016,1012
1016,1282
1017,6502
1017,6503
1017,1013
6504,6505
6504,6506
6504,6507
6504,6508
6505,6504
6505,6428
6505,6509
6506,6504
6506,6510
6507,6504
6507,6510
6507,5059
6508,6511
6508,6504
6508,6512
6417,6413
6417,6388
6417,6513
6428,6421
6428,6505
6428,6514
6509,6515
6509,6512
6509,6516
6517,6518
6517,6519
6517,6520
6517,6521
6518,6521
6518,6522
6519,6517
6519,6523
6519,6524
6519,6525
6520,6517
6520,6526
6521,6527
6521,6518
6521,6528
6460,6397
6460,6396
6461,6396
6461,6404
6461,6403
4168,4164
4168,6529
4168,6530
6529,6531
6529,5318
6529,4168
6530,6532
6530,6533
6530,4168
6530,6534
6396,6394
6396,6461
6396,6460
6472,1946
6472,6535
6472,1933
6535,6536
6535,6537
6535,6472
1933,1905
1933,5053
1933,6472
1840,6449
1840,1835
1840,6455
5137,5133
6538,3401
3401,6539
3401,6538
3401,3397
6540,6541
6540,6542
6540,6543
6541,3541
6541,6540
6541,6544
6542,6540
6543,6540
6539,3401
6539,6545
6539,591
6545,3404
6545,6539
6545,6546
591,6539
591,588
591,6547
5136,5133
5136,589
5136,6548
5138,5133
6500,6549
6500,5286
6500,6550
6500,6551
6549,6500
6550,6500
6551,6500
49,6552
49,60
49,1454
49,43
6552,6553
6552,49
6552,48
60,55
60,49
60,61
6553,6554
6553,6552
6553,48
48,43
48,6552
48,6553
61,55
61,6555
61,60
6555,61
6555,6556
6555,6557
5259,5254
5259,5286
5259,6558
6554,6553
6554,335
6554,6556
335,6554
335,330
335,6556
6556,6555
6556,335
6556,6554
6559,3069
6559,3086
6559,3086
3069,3067
3069,6559
3069,6560
3086,3073
3086,6559
3086,6559
6561,2949
2949,6562
2949,2831
2949,6561
2946,251
2946,6563
2946,6564
6563,2946
6564,2944
6564,6565
6564,2946
2802,2805
2802,6147
6566,6567
6567,6568
6567,6566
6567,6569
2998,2921
2998,2997
2998,6570
2999,2997
6560,6571
6560,3069
6560,6572
6573,6574
6573,6575
6573,260
6574,6573
6575,6573
260,255
260,6573
260,253
2789,6576
2789,2861
2789,2786
6576,2789
3470,2386
3470,6577
3470,6578
6579,5061
6579,6580
6579,6581
5061,6579
5061,2697
5061,6580
6580,6579
6580,5061
6580,6582
6581,6579
6581,6581
6581,6581
6583,256
6583,6584
6583,6585
256,6583
256,253
256,6586
6584,6583
6585,6587
6585,6588
6585,6583
2121,2119
2121,6589
2121,6590
2121,5036
6589,6591
6589,2121
6589,6592
6590,6593
6590,6594
6590,2121
5036,5032
5036,2121
5036,6595
3047,6596
3047,6596
3047,2475
6582,6580
5060,2697
5060,3058
5060,6597
2939,2807
2939,6598
2939,6599
2796,6600
2796,2792
2796,2860
6600,2796
6601,6565
6601,2123
6601,2979
6565,6601
6565,6564
6565,2979
2123,2120
2123,6601
2123,2940
2979,6601
2979,2974
2979,6565
3055,3049
3055,6602
3055,6603
2866,2861
6604,6605
6604,6606
6604,6064
6605,6604
6606,6604
6064,6607
6064,6604
6064,6061
3058,5060
3058,3054
6596,3047
6596,3047
6596,6608
6608,2381
6608,2390
6608,6596
6609,6607
6607,6609
6607,6064
6607,6610
299,6611
299,296
299,6612
1995,1992
1995,6613
1995,6614
1996,1988
1996,1992
1996,6614
2016,2012
2016,2008
2016,6615
2017,2012
2017,6616
2017,6617
291,284
291,279
3026,3023
1957,1971
1957,1954
1957,6618
292,5107
292,296
1973,6619
1973,6620
1973,1970
1974,6621
1974,1976
1975,6622
1975,1970
1975,6623
69,1409
69,6624
69,64
1409,69
1409,1398
1409,1405
6624,1419
6624,69
6624,6625
6626,6627
6626,5908
6626,6628
6627,6626
6627,6629
6627,5902
5908,5910
5908,6626
5908,5906
6628,6630
6628,6626
6628,6631
57,54
57,1450
57,6625
6630,6628
6630,5931
6630,6629
5931,5924
5931,6630
5931,5930
6629,6630
6629,6627
6629,5901
5923,5924
5923,6631
5923,5920
5924,5923
5924,5931
5924,5921
6631,5923
6631,6628
6631,5929
1397,1393
6625,1443
6625,57
6625,6624
1443,6625
1443,1420
1443,1447
5925,5910
1419,6624
1419,1410
1419,1415
5929,5922
5929,6631
5929,5926
1410,1405
1410,1419
1410,1406
5902,6627
5902,6632
5902,5898
6633,6634
6633,6635
6633,6636
6634,6637
6634,6633
6634,6636
6635,6633
6635,4287
6635,6638
6636,6633
6636,6639
6636,6634
4286,4281
4286,6640
4286,6641
4287,6635
4287,6642
4287,4281
6643,6644
6643,6640
6643,4395
6644,6643
6644,6645
6644,6646
6644,6647
6640,4286
6640,6643
6640,6648
4395,6643
4395,4393
4395,6649
6650,6651
6650,6652
6650,6653
6650,6654
6651,6655
6651,6650
6651,6656
6652,6650
6652,6657
6652,6654
6653,6650
6653,6658
6653,6656
6654,6650
6654,6652
6654,6659
6660,4523
6660,6661
6660,6662
4523,6660
4523,6663
4523,4514
6661,6660
6662,6660
373,6664
373,6665
373,370
6664,6666
6664,4687
6664,373
6664,6667
6665,1383
6665,6668
6665,373
4324,4320
4324,4258
4324,6669
4520,4518
729,5662
729,726
729,4258
731,726
731,724
4687,6668
4687,6664
4687,4685
4687,6670
6668,4687
6668,382
6668,6665
6670,383
6670,382
6670,4687
202,6671
202,197
202,4518
6671,202
4374,6672
4374,6673
4490,548
4490,4488
4490,4519
548,544
548,4490
548,550
4688,4685
6666,6664
6667,372
6667,6664
6667,6674
5662,5658
5662,729
5662,6675
6675,6676
6675,5662
6675,6677
4205,6678
4205,6679
6678,4205
6678,6680
6679,4205
6679,6681
382,378
382,6668
382,6670
149,4311
149,525
4522,538
670,667
670,675
670,6682
6683,6684
6683,6685
6683,6686
6683,6687
6684,6688
6684,6683
6684,6689
6685,6689
6685,6683
6685,6690
6685,6691
6686,5489
6686,6683
6686,6692
6687,6691
6687,6693
6687,6692
6687,6683
6689,6685
6689,6684
6689,6694
6689,6695
6694,6696
6694,6697
6694,6689
6695,6688
6695,6696
6695,6698
6695,6689
6699,6697
6699,6700
6699,6701
6697,6694
6697,6701
6697,6699
6700,6702
6700,6699
6700,6703
6701,6697
6701,6699
6701,6690
6690,6701
6690,6685
6690,6704
5809,6705
5809,5808
5809,5807
5809,5811
6705,6706
6705,5809
6705,5810
6705,6707
5811,5809
5811,6708
5811,5808
6691,6687
6691,6709
6691,6704
6691,6685
6710,6711
6710,6712
6710,6713
6711,6714
6711,6710
6711,6715
6712,6716
6712,6717
6712,6710
6712,6718
6713,6710
6713,6715
6713,6719
6720,6721
6720,6131
6720,6722
6721,6720
6721,6723
6721,6155
6131,6720
6131,2360
6131,6722
6722,6720
6722,6131
6722,6723
6723,6721
6723,6724
6723,6722
1635,1559
1555,1559
1555,1196
1555,1236
106,102
6725,6726
6725,6727
6725,6728
6725,6729
6726,6730
6726,6725
6726,6731
6726,6732
6727,6733
6727,6725
6727,6734
6728,6732
6728,6735
6728,6725
6729,6725
6729,6736
6729,6737
6738,6739
6738,6740
6738,6741
6738,6742
6739,6743
6739,6744
6739,6745
6739,6738
6740,1719
6740,6746
6740,6738
6741,6744
6741,6747
6741,6738
6741,6746
6742,1719
6742,6748
6742,6738
6749,6750
6749,6751
6749,6752
6750,6753
6750,6749
6750,6754
6751,6755
6751,6756
6751,6749
6752,6757
6752,6758
6752,6749
6753,6759
6753,6760
6753,6761
6753,6750
6754,6758
6754,6760
6754,6750
6762,6763
6762,6764
6762,6765
6763,6762
6763,6766
6763,6767
6764,6762
6764,6768
6764,6769
6765,6770
6765,6771
6765,6762
6761,6772
6761,6730
6761,6731
6761,6753
6772,6773
6772,6774
6772,6761
6730,6760
6730,6726
6730,6761
6730,6775
6731,6736
6731,6761
6731,6773
6731,6726
6773,6776
6773,6772
6773,6731
6774,6772
6774,6759
6774,6777
6778,6769
6778,6768
6778,6779
6769,6780
6769,6764
6769,6778
6768,6781
6768,6778
6768,6764
6779,6782
6779,6778
6779,6783
6784,6785
6784,6757
6784,6786
6785,6787
6785,6784
6785,6758
6757,6752
6757,6755
6757,6784
6786,6788
6786,6784
6786,6789
6758,6752
6758,6754
6758,6785
6790,6791
6790,6792
6790,6793
6790,6766
6791,6790
6791,6733
6791,6794
6792,6790
6792,6795
6792,6796
6793,6797
6793,6797
6793,6790
6766,6763
6766,6790
6766,6798
6775,6732
6775,6799
6775,6730
6775,6744
6732,6728
6732,6775
6732,6726
6732,6800
6799,6760
6799,6801
6799,6775
6799,6787
6744,6775
6744,6741
6744,6739
6744,6801
6760,6754
6760,6730
6760,6753
6760,6799
6746,6740
6746,6741
6746,6802
6802,6803
6802,6804
6802,6746
6776,6773
6776,6805
6776,6806
6807,6808
6807,6809
6807,6810
6807,6782
6808,6811
6808,6807
6808,6812
6809,6781
6809,6813
6809,6807
6810,6814
6810,6807
6810,6767
6782,6779
6782,6812
6782,6807
1719,6742
1719,6740
1719,1713
6748,6742
6748,6815
6748,6743
6735,6815
6735,6728
6735,6816
6801,6799
6801,6817
6801,6744
6801,6818
6756,6819
6756,6751
6756,6820
6819,6756
6819,6755
6819,1744
6820,6759
6820,6756
6820,1742
6736,6729
6736,6805
6736,6821
6736,6731
6805,6736
6805,6776
6805,6822
6821,6823
6821,6736
6821,6737
6821,6822
6818,6824
6818,6801
6818,6787
6824,6818
6824,6825
6824,6826
6787,6799
6787,6785
6787,6818
6800,6732
6800,6827
6800,6828
6755,6751
6755,6757
6755,6819
6781,6809
6781,6771
6781,6768
6771,6781
6771,6829
6771,6765
6830,6831
6830,6797
6830,6832
6831,6830
6831,6833
6831,6834
6797,6830
6797,6793
6797,6793
6832,6835
6832,6834
6832,6830
6806,6776
6806,6836
6806,6783
6825,6824
6825,6817
6825,6747
6826,6837
6826,6804
6826,6824
6826,6789
6759,6774
6759,6820
6759,6753
6743,6748
6743,6739
6743,6838
6745,6839
6745,6739
6745,6838
6817,6801
6817,6825
6817,6747
6747,6817
6747,6741
6747,6825
6837,6840
6837,6826
6837,6841
6804,6826
6804,6802
6804,1754
6789,6841
6789,6786
6789,6826
6780,6769
6767,6842
6767,6763
6767,6810
6815,6748
6815,6735
6815,6843
2022,5321
2022,2020
2022,2020
6844,3085
3085,6844
3085,3081
3085,6845
6846,6847
6846,6848
6846,6849
6847,6846
6847,6850
6847,6851
6848,6846
6848,6852
6848,6853
6849,6846
6849,6854
6849,6855
6533,6856
6533,6530
6533,5357
6856,6857
6856,6533
6856,6858
5357,6533
5357,5354
5357,5359
5356,5354
5356,6859
5356,6860
5358,5431
5358,5355
5358,6861
5431,1264
5431,5358
5431,6862
6861,6850
6861,5358
6861,6863
6532,6853
6532,6530
6532,6864
6534,6865
6534,6530
6534,6866
6852,6867
6852,6868
6852,6848
6853,6532
6853,6848
6853,6851
6859,5356
6860,5356
1841,1839
1841,6869
1841,1835
1841,6870
1839,1841
1839,1834
1839,6871
6869,1841
6869,6872
6869,6873
6870,6874
6870,6875
6870,1841
6876,6877
6876,6878
6876,6879
6877,6880
6877,6876
6877,6881
6878,6882
6878,6883
6878,6876
6879,6884
6879,6880
6879,6876
6882,6884
6882,6878
6882,6885
6883,6886
6883,6878
6883,6887
6884,6882
6884,6888
6884,6879
6880,6877
6880,6879
6880,6889
6888,6884
6888,1504
6888,6890
6886,6883
6886,6885
6886,6891
6885,6892
6885,6886
6885,6893
6885,6882
6891,6887
6891,6894
6891,6886
6894,6895
6894,6896
6894,6891
6895,6894
6895,6881
6895,6887
6896,6897
6896,6894
6896,6898
6889,6898
6889,6880
6889,6897
6457,6899
6457,6454
6457,6872
6899,6900
6899,6457
6899,6901
6872,6869
6872,6457
6872,6902
6897,6881
6897,6896
6897,6889
6881,6897
6881,6877
6881,6895
6898,6889
6898,6456
6898,6896
6456,6454
6456,6898
6456,6903
1838,1834
1838,6871
1838,6904
6905,6906
6906,6905
6906,6907
6906,6484
6908,6907
6907,6906
6907,6909
6907,6908
6907,6910
2803,2466
2803,6911
2803,2798
2804,2458
6512,6912
6512,6509
6512,6508
6912,6512
6912,6516
6912,6913
6912,6914
6912,6511
6515,6509
6515,6496
6515,6915
6496,6515
6496,6916
6496,6373
6915,6515
6915,6917
6915,6918
6484,6910
6484,6414
6484,6906
2722,6919
2722,2717
2722,2841
6920,6921
6920,6922
6920,6909
6921,6923
6921,6920
6921,6924
6922,6925
6922,6920
6922,6926
6909,6907
6909,6927
6909,6920
6910,6928
6910,6484
6910,6907
3070,3067
3070,6572
3070,6929
3071,3067
3071,6930
6927,6909
6927,6931
6927,6932
6516,6912
6516,6918
6933,6934
6934,6933
6934,6935
6934,6936
6937,6938
6937,6939
6937,6940
6938,6937
6938,6941
6938,6942
6939,6937
6940,6943
6940,6941
6940,6937
6944,6945
6944,6936
6944,6946
6945,6944
6936,6947
6936,6944
6936,6934
6946,6948
6946,6949
6946,6944
6950,6951
6950,6952
6950,6953
6951,6950
6952,6954
6952,6955
6952,6950
6953,6950
6953,6956
6953,6957
6947,6936
6958,6959
6958,6960
6958,6961
6959,6958
6959,6962
6960,6963
6960,6964
6961,6958
6961,6965
6966,6967
6966,6968
6966,6969
6967,6966
6967,6970
6967,6971
6968,6966
6968,6972
6968,6973
6969,6974
6969,6975
6969,6966
6935,6976
6935,6977
6935,6934
6935,6978
6935,6979
6963,6965
6963,6960
6963,6961
6964,6960
6964,6980
6964,6981
6962,6982
6962,6959
6962,6983
6984,6985
6984,6986
6984,6987
6984,6988
6985,6984
6985,6989
6985,6990
6986,6991
6986,6990
6986,6984
6987,6988
6987,6984
6987,6992
6987,6993
6988,6994
6988,6987
6988,6995
6988,6984
1158,1136
1158,6996
6997,6998
6997,6999
6997,7000
6998,6997
6998,7001
6998,7002
6999,7003
6999,6997
6999,7004
7000,7005
7000,6997
7000,7006
7001,6998
7001,7007
7001,7008
7007,7009
7007,7010
7007,7010
7007,7001
7008,7011
7008,7009
7008,7001
7012,7013
7012,7014
7012,7015
7013,7012
7013,7016
7013,7017
7014,7012
7014,7018
7014,7009
7015,7019
7015,7012
7015,7020
7021,7022
7021,7023
7021,7024
7022,7021
7022,7025
7022,7026
7023,7027
7023,7005
7023,7021
7024,7028
7024,7021
7020,2052
7020,7015
7029,7030
7029,7031
7029,7032
7030,7029
7030,7033
7030,7034
7031,7029
7032,7035
7032,7035
7032,7029
7036,1189
7036,1250
7036,1248
1189,1183
1189,7036
1189,7037
1250,7036
1250,7038
1250,1245
1248,7033
1248,7036
1248,1244
7039,1188
7039,7040
7039,7041
1188,7039
1188,1182
1188,7042
7040,7043
7040,7039
7040,7044
7041,7039
7041,7045
7041,7044
614,609
614,7046
614,7047
614,7048
615,7049
615,7050
615,609
7051,7052
7051,7053
7051,7054
7052,7055
7052,7051
7052,7056
7053,7051
7053,7057
7053,7058
7054,7051
5582,621
5582,5577
5582,5603
5603,5557
5603,5582
5603,7059
1489,1488
1489,5752
1489,210
5752,5750
5752,7058
5752,1489
210,205
210,1489
210,5580
7058,7053
7058,5752
7058,7060
7060,6464
7060,7061
7060,7062
7060,7058
7048,7059
7048,7063
7048,614
7059,7064
7059,7048
7059,5603
7063,7046
7063,7065
7063,7048
7064,7059
7064,7065
7064,7066
611,7067
611,607
611,7068
7067,611
7068,7069
7068,7070
7068,611
7071,7072
7071,7073
7071,7074
7072,7065
7072,7071
7072,7075
7073,7076
7073,7071
7073,7077
7074,7071
7074,7075
7074,7078
341,4148
347,7079
7079,7080
7079,338
7081,7046
7046,7081
7046,614
7046,7063
7049,615
7050,615
7050,7082
7050,7083
1075,1076
1075,1071
1075,7084
1076,1075
1076,1078
1076,7085
1076,1071
1068,1077
1068,7086
1080,7087
1080,1073
1080,1085
7088,7089
7088,7087
7088,1081
7089,7088
7089,7090
7089,7087
7087,7088
7087,1080
7087,7089
1081,1074
1081,7091
1081,7088
1088,1069
2971,2122
2971,7092
2971,7093
2124,6601
2124,7094
2124,2120
7095,87
87,2694
87,2423
87,7095
2389,2391
2389,7096
2829,2826
2829,2822
2829,7097
5563,5674
5563,5562
5563,5645
5564,5562
5564,5479
5564,7098
7099,7100
7099,7101
7100,7099
7100,7055
7100,7102
7101,7103
7101,7104
7101,7105
612,7106
612,608
612,7107
7106,7108
7106,612
7106,7109
7107,7110
7107,612
7107,7111
630,7112
630,5672
630,627
7112,7113
7112,630
7112,631
266,258
266,2102
266,259
6150,6147
6150,2937
6150,6065
7114,7115
7114,7116
7114,7117
7115,7114
7115,7118
7115,7119
7116,7120
7116,7114
7116,7121
7117,7122
7117,7123
7117,7124
7117,7114
7113,7112
7113,7125
7113,5649
631,627
631,7112
631,5647
2937,7126
2937,6150
2938,2806
2390,2385
7047,614
2921,2077
2921,2998
2921,7127
7120,7128
7120,7116
7120,7129
7121,7116
7121,7130
7121,7131
5592,652
5592,7132
5592,7133
2096,2122
2096,7134
6577,2816
6577,3470
6577,7135
6578,2381
6578,2379
6578,2720
2935,2805
2935,6569
2935,7136
2936,2831
2936,2807
88,85
88,2423
88,91
2944,7137
2944,2941
2944,6564
5121,298
5121,7138
5121,297
5107,299
5107,5108
6100,6079
6100,6096
6100,7139
6101,6096
6079,6077
6079,6100
6079,6080
6080,6081
6080,6077
6080,6079
7140,7141
7140,7142
7140,7143
7140,7144
7141,7145
7141,7140
7141,7146
7141,6527
7142,7140
7143,7147
7143,7144
7143,7140
7144,7148
7144,7143
7144,7149
7144,7140
7145,7141
7145,7150
7145,7151
7146,7152
7146,7141
7146,7153
6527,6521
6527,6524
6527,7154
6527,7141
7155,7156
7155,7157
7155,7158
7156,7159
7156,7155
7156,7160
7156,7154
7157,7161
7157,7162
7157,7155
7158,7160
7158,7155
7158,2130
1483,7163
1483,1479
1483,1469
7163,1483
1469,1483
1469,1466
1469,7164
7165,5607
5607,7165
5607,7166
5607,1475
5608,1475
7166,213
7166,5607
7166,7167
5604,7168
5604,7168
5604,5552
7168,5604
7168,5604
7168,5465
5465,5595
5465,5461
5465,7168
5502,640
5502,5499
5502,7169
5502,7170
5503,5501
5503,5499
5503,7171
7171,5503
7171,7172
7171,7173
7174,7175
7174,646
7174,7176
7174,5637
7175,7174
7175,7177
7175,7178
646,639
646,7179
646,7174
646,7180
7176,7181
7176,7178
7176,7174
5637,7182
5637,5619
5637,7174
5637,7183
6494,6490
6494,7184
6494,7185
6513,6417
6513,6416
6513,6387
459,7186
459,7187
459,456
7186,7188
7186,459
7186,7189
7187,459
7187,7190
7187,7191
7187,7192
6387,6384
6387,6513
6387,1907
7193,7194
7193,7195
7193,7196
7194,7193
7194,7195
7194,7197
7195,7193
7195,7194
7195,7198
7196,7199
7196,7193
7196,7200
6495,7201
6495,7184
6495,6491
7201,6495
7201,6431
7201,7202
7184,6494
7184,7203
7184,6495
1907,6392
1907,6387
1907,1901
6392,1907
6392,6386
6392,7204
7199,7205
7199,7206
7199,7196
7200,7196
7200,7207
7200,7208
7203,6497
7203,7184
7203,7209
7203,7207
7203,7210
7209,7208
7209,7208
7209,7203
7208,7209
7208,7209
7208,7200
6391,6389
6391,6386
6391,7211
7212,6486
7212,6479
7212,6928
6486,6431
6486,7212
6486,6415
6479,7213
6479,6476
6479,7212
6479,6480
6928,6910
6928,7214
6928,7212
7197,7215
7197,7194
7197,7216
7215,7217
7215,7197
7215,7218
7216,6537
7216,7217
7216,7197
7206,7199
7206,7217
7206,6405
7217,7215
7217,7206
7217,7216
6405,6402
6405,6473
6405,7206
6537,6535
6537,7216
6537,7198
7198,7219
7198,7195
7198,6537
6416,6413
6416,6513
6416,6489
7190,7187
7190,7220
7190,7221
7191,1009
7191,7187
7191,7222
7192,7223
7192,1004
7192,7187
7210,7203
7188,7186
7188,7222
7188,7224
7189,7225
7189,7226
7189,7186
6497,6498
6497,7203
6497,6395
7207,7200
7207,7227
7207,7203
460,456
460,7220
460,7228
6536,6535
6536,7229
6536,7230
6431,7201
6431,6486
6431,6382
7202,7201
7205,7231
7205,7199
7205,7232
7233,7234
7233,7235
7234,7236
7234,7233
7234,7237
7235,7233
7235,7238
7235,7239
7240,7241
7240,7242
7240,7243
7241,7240
7241,7244
7241,7245
7242,7246
7242,7245
7242,7240
7242,7247
7243,7248
7243,7249
7250,1904
7250,7251
7250,7252
1904,7250
1904,1899
1904,7253
7251,7254
7251,7255
7251,7250
7252,7256
7252,7257
7238,7235
7239,7258
7239,7235
7239,7259
7239,7260
7248,7261
7248,7262
7261,4133
7261,7248
7261,7263
7262,7248
7262,7264
7262,4145
7246,7242
7245,7242
7245,7241
7245,7265
7247,7242
7247,7266
7247,7265
4151,7266
4151,4144
4151,7264
7266,4151
7266,7267
7266,7247
7264,7262
7264,4151
7264,7244
7268,7269
7268,7259
7269,7268
7259,7238
7259,7270
7259,7239
7271,7272
7271,7273
7271,7274
7272,7275
7272,7276
7272,7271
7273,7277
7273,7271
7273,7278
7273,7279
7274,7277
7274,7280
7274,7271
7281,7282
7281,7283
7281,7284
7282,7281
7282,7285
7282,7286
7283,7281
7283,7254
7283,7287
7284,7281
7284,7288
7284,7287
7289,7236
7289,7290
7289,7291
7236,7234
7236,7289
7236,7291
7290,7238
7290,7289
7291,1882
7291,7289
7291,7236
340,2126
340,2131
340,7292
1914,1925
1914,1911
1914,7293
7293,1914
5881,6059
5881,5880
5881,5876
6059,6057
6059,5881
6059,5883
6059,7294
6058,7295
6058,6057
6058,7296
6610,7297
6610,7298
6610,6607
6610,7299
5260,5254
6558,5259
7300,7301
7301,7302
7301,7300
7301,7303
7304,7305
7304,7306
7304,7307
7305,7304
7305,7308
7305,7308
7306,7304
7307,7309
7307,7310
7307,7304
7303,1047
7303,7311
7303,7301
1047,1040
1047,7303
1047,7312
7311,7303
7311,1033
5297,5288
7313,7314
7314,7313
7314,7315
7314,7316
7317,7318
7317,7319
7317,7320
7318,7321
7318,7317
7318,7322
7319,7317
7319,7322
7319,7323
7320,3516
7320,7324
7320,7317
7323,7315
7323,7325
7323,7319
7315,7323
7315,7314
7315,7326
7325,7323
7326,7315
7321,7327
7321,7318
7321,7328
7322,7328
7322,7319
7322,7318
7329,7327
7327,7329
7327,7321
7327,7328
7316,7314
7316,7330
7316,7331
7330,7332
7330,7316
7330,7333
7332,7330
7333,7330
7328,7322
7328,7327
7328,7321
5779,7334
5779,7334
5779,5771
5780,5771
5780,7335
6274,7336
7336,170
7336,172
7336,168
7337,7338
7337,7339
7337,7340
7338,7340
7338,7337
7338,7341
7339,7342
7339,7343
7339,7337
7340,7338
7340,7344
7340,7337
180,178
180,192
180,7345
7346,164
7346,7347
164,7346
164,163
7347,7348
5837,4835
5837,4836
5837,7349
4740,7350
4740,4735
4740,7351
7350,4740
7350,7352
7350,7353
7350,7354
7351,4740
7351,7355
7351,7356
7357,6279
7357,6274
7357,5816
7335,7357
7358,6250
7358,7359
7358,7360
6250,7360
6250,7358
6250,4892
7359,7361
7359,7358
7359,7362
7360,7344
7360,6250
7360,7358
7352,7350
7352,7363
7352,7364
7353,7350
7353,7365
7353,4741
7354,7350
7344,7341
7344,7360
7344,7340
7341,7366
7341,7344
7341,7338
7366,4834
7366,7341
7366,7343
172,7367
7367,7346
7367,7347
7367,6310
7368,3922
7368,3922
7368,4834
3922,7368
3922,7368
3922,3916
4834,7368
4834,7366
4834,3921
6310,6306
6310,7369
7348,5780
7348,7335
7370,7371
7370,146
7371,7372
7371,7370
7371,7373
7374,7375
7374,7376
7374,7377
7375,7374
7376,7374
7377,7374
7377,7378
7377,7379
7378,7380
7378,7381
7378,7377
7379,7382
7379,7377
7379,7383
7383,7379
7383,6014
7383,7384
6014,7385
6014,7383
6014,5956
6014,7386
7384,7383
7382,7379
7382,7387
7382,7388
7385,7389
7385,6014
7385,7390
7386,7391
7386,6014
7386,7392
6013,5956
6013,7393
6013,5959
7393,7394
7393,7395
7393,6013
5959,7396
5959,6013
5959,5954
7391,7386
7391,7397
7391,7390
7397,7398
7397,7391
7397,7399
7390,7391
7390,2185
7390,7385
7380,7378
7381,7378
7381,7400
7401,7402
7402,7403
7402,7401
7402,7404
7405,7406
7405,7407
7405,7408
7406,7405
7406,7409
7406,7410
7407,7405
7407,7411
7407,7408
7408,7412
7408,7407
7408,7405
4772,4770
4772,7413
4772,4781
4772,7414
7413,4771
7413,4772
7413,7415
4781,4777
4781,6248
4781,4772
7414,7410
7414,4772
7414,7416
7417,4771
4771,7418
4771,4770
4771,7417
4771,7413
7418,7409
7418,4771
7418,7415
7409,7406
7409,7418
7409,7419
7415,7418
7415,7410
7415,7413
7412,7403
7412,7408
7412,7420
7412,7411
7403,7402
7403,7412
7403,7416
7420,7412
7411,7412
7411,7407
7411,7416
7416,6248
7416,7414
7416,7403
7416,7411
6248,4778
6248,4781
6248,7416
7419,4749
7419,7421
7419,7409
7422,7423
7422,7424
7422,7425
7423,7422
7423,7426
7424,7427
7424,7422
7424,7428
7425,7429
7425,7430
7425,7428
7025,7022
7025,7431
7025,7432
7026,7426
7026,7022
7026,7433
7434,7435
7434,7436
7434,7437
7435,7434
7435,7438
7435,7439
7436,7434
7436,7440
7436,7437
7436,7438
7437,7434
7437,7436
7437,7441
7437,7442
7443,7444
7443,7445
7444,7446
7444,7443
7445,7447
7445,7443
7445,7448
7431,7025
241,7449
241,237
241,303
7449,241
247,248
247,245
247,305
2995,7450
2995,7451
2995,2993
2125,7450
2125,305
2125,7452
7453,7454
7453,7455
7454,7453
7454,7456
7454,7455
7455,7457
7455,7453
7455,7454
7458,7459
7458,4186
7458,1575
7458,4187
7459,7458
7459,1554
7459,110
7459,7460
4186,7461
4186,7462
4186,7458
4186,4183
1575,4193
1575,7458
1575,1570
4187,4193
4187,4183
4187,7458
7456,7454
7456,7462
7456,7463
7457,7464
7457,7455
7457,7463
7392,7465
7392,7466
7392,7386
960,957
1536,7467
1536,1530
1536,7468
1537,7469
1537,7470
1537,1530
1537,7471
7467,1536
7467,7472
7467,7473
7468,1536
7468,7474
7468,1534
7472,7475
7472,7467
7472,7476
7473,7477
7473,7478
7473,7467
7475,7472
7475,7476
7475,7479
7476,7472
7476,7475
7476,7471
7479,7480
7479,7481
7479,7475
7471,7482
7471,1537
7471,7476
7474,7468
1534,1529
1534,7483
1534,7468
1534,7484
7483,7485
7483,1534
7483,7486
7484,7487
7484,7488
7484,1534
1533,7489
1533,1529
1533,7490
1531,1528
1531,7491
1531,7489
7491,7492
7491,1531
7491,7493
7489,1533
7489,7494
7489,1531
7492,7491
7492,7495
7492,7496
7495,7492
7495,7497
7495,7494
7496,7498
7496,7499
7496,7492
7498,7496
7498,5821
7498,7500
7499,7501
7499,7496
7499,7502
7497,7495
7494,5822
7494,7489
7494,7495
7501,7499
7503,7504
7503,7469
7503,7505
7504,7506
7504,7503
7504,7507
7469,1537
7469,7503
7469,7508
7505,1524
7505,7503
7505,7509
7505,7510
7506,7511
7506,7504
7506,7512
7507,7504
7507,7513
7507,7513
7513,7514
7513,7507
7513,7507
7515,5774
7515,1526
7515,5773
7515,6309
5774,7516
5774,7515
5774,5768
1526,7515
1526,1523
1526,162
5773,7334
5773,5768
5773,7515
6309,7515
6309,6306
6309,7517
7518,7519
7518,7520
7518,160
7519,7518
7519,6320
7519,7521
7520,7518
7520,7522
7520,7523
7520,7524
160,7525
160,7518
160,157
7526,7521
7521,6321
7521,7526
7521,7519
5242,5238
996,7527
996,7528
996,994
4076,7529
4076,4072
4076,7530
4077,7531
4077,7532
4077,4072
7533,7534
7533,7535
7533,4397
7534,7533
7534,7536
7534,7537
7535,7531
7535,7533
7535,7538
4397,7533
4397,4394
4397,7539
7531,4077
7531,7535
7531,7540
7540,7531
7540,7541
7540,7539
7542,7373
7373,7372
7373,7542
7373,7371
7372,7373
7372,7543
7372,7371
7543,7372
7543,7544
7543,7545
7536,7534
7537,7534
7546,3821
7546,3820
3821,7547
4550,7548
7548,7549
7548,3577
323,319
323,7550
323,7551
323,7552
324,319
324,7553
324,7554
325,7555
325,4454
325,319
325,7554
7549,3574
7549,3579
3579,3574
3579,3573
7547,4545
7547,7556
7556,4552
7556,4547
3580,77
3580,7557
3580,73
77,3368
7557,3599
7557,7558
3368,7546
4552,4550
7559,7560
7559,7561
7559,7562
7560,7563
7560,7561
7560,7559
7561,7560
7561,7563
7561,7564
7561,7565
7561,7566
7562,7566
7562,7559
7562,2289
2231,7567
2231,7568
2231,7569
2234,2255
2234,2228
2235,7570
2235,2228
2235,2229
2235,7571
7572,7573
7572,7574
7572,7565
7573,7575
7573,7566
7573,7576
7574,7572
7574,7577
7574,7576
7574,7578
7565,7564
7565,7572
7565,7561
7579,7580
7580,7579
7580,7581
7580,2247
7582,7583
7582,7584
7582,7585
7583,7586
7583,7586
7584,7582
7584,7587
7584,7588
7584,2206
7585,7589
7585,7590
7585,7582
7591,7592
7591,7593
7591,7594
7592,7595
7592,7596
7593,7597
7593,7591
7593,7598
7594,7599
7594,7600
7594,7591
7596,7595
7596,7600
7596,7601
7595,7596
7595,7602
7595,7601
7595,7592
7600,7596
7600,7594
7600,7603
7601,7604
7601,7595
2245,7605
2245,7606
2245,2144
2245,2243
7605,2245
7605,7607
7605,7608
7606,7605
7606,7609
2144,2140
2144,2245
2144,7610
7607,7611
7607,7611
7608,7612
7608,7605
7608,7609
7613,7614
7613,7614
7613,2304
7613,7615
7614,7616
7614,7613
7614,7613
2304,2302
2304,2295
2304,7613
2304,7617
7615,7613
7618,7582
7618,7587
7618,7619
7587,7588
7587,7584
7587,7618
7619,7590
7619,7620
7619,7618
7619,7621
7575,7622
7575,7623
7566,7562
7566,7573
7566,7561
7576,7622
7576,7574
7576,7573
7624,7625
7624,7626
7624,7627
7625,7624
7625,7628
7625,2296
7625,7629
7626,7630
7626,7624
7626,7631
7627,2294
7627,7631
2294,7632
2294,7633
2294,2291
7631,7634
7631,7626
7635,7636
7635,7637
7636,7637
7636,7638
7637,2299
7638,2299
7638,7636
7638,7639
2299,7638
2299,2293
7639,7640
7639,7641
7639,7638
7642,7643
7642,7571
7642,7644
7643,7642
7643,7645
7643,7646
7571,7642
7571,7647
7571,2235
7644,2234
7644,7642
7644,2255
1362,7559
1362,2284
1362,1360
6917,6915
7588,7648
7588,7587
7588,7584
6918,7649
6918,6516
6918,6915
7620,7604
7620,7619
7620,7650
7604,7651
7604,7603
7604,7620
7650,7620
7650,2287
7650,7652
7651,7653
7651,7653
7603,7604
7603,7600
7603,7621
7603,7654
2287,7650
2287,2283
2287,7597
2287,1365
7652,7650
7652,7655
7652,1365
7633,2279
7633,1363
7633,2294
1363,1357
1363,7634
1363,7633
7656,7657
7656,7658
7656,7659
7657,2288
7657,7656
7657,7660
7658,7661
7658,7656
7659,7662
7659,2285
7659,7656
7659,7622
7655,7663
7655,7589
7655,7652
7655,7590
1365,7652
1365,1357
1365,7630
1365,2287
7664,7665
7664,7666
7664,7667
7665,7668
7665,7664
7665,7669
7666,7664
7667,7670
7667,7664
7667,7671
2193,7672
2193,2189
2193,7673
2271,7674
2271,7675
2271,2269
2199,2269
2199,2198
2199,2196
2199,7578
7674,7572
7675,2273
7675,2271
7675,7563
7675,7564
7676,7677
7676,2232
7676,7678
7676,7679
7677,7680
7677,7681
7677,7676
2232,2236
2232,2227
2232,7676
7678,2239
7678,2240
7678,7676
7679,7682
7679,7676
7679,7663
2288,2283
2288,7657
2288,7660
2288,7597
7634,1363
7634,7633
7630,7626
7630,7671
7630,1365
7671,7667
7671,7630
7671,7683
7660,2285
7660,2288
7660,7657
7660,2286
7597,7593
7597,2287
7597,2288
2295,7684
2295,2291
2295,2304
2295,7685
2296,7625
2296,2291
2296,7617
2206,2209
2206,7686
2206,7584
2206,2202
2209,7687
2209,2206
2209,7688
2209,7689
2209,7686
2209,2204
7686,7648
7686,2209
7686,2206
7684,2295
7685,2295
7685,2298
7685,7690
7691,549
7691,7692
7691,7693
549,7691
549,4512
549,544
7692,7691
7692,7694
7692,7695
7693,7696
7693,7691
7693,7697
4219,4464
4219,4465
4219,4216
4510,7698
4510,4509
4510,7699
7698,4469
7698,4510
7698,7700
7699,7701
7699,7702
7699,4510
7700,7703
7700,4469
7700,7698
7703,7702
7703,7700
7703,7694
4469,4465
4469,7698
4469,7700
7694,7704
7694,7692
7694,4513
7694,7703
7695,7702
7695,7692
7695,7701
7704,7697
7704,7694
7704,7705
4513,7694
4513,1388
4513,4500
4468,4463
4468,4498
4468,4464
4512,547
4512,549
4512,7701
7701,7699
7701,7695
7701,4512
7702,7695
7702,7703
7702,7699
7696,7693
7696,7706
7696,7697
7706,7707
7706,7696
7706,7705
7697,7704
7697,7693
7697,7696
4482,4480
4482,4493
4482,4493
375,203
1382,384
1382,1388
1382,1385
1388,4513
1388,1382
1388,1385
421,414
1704,7045
1704,1680
1704,7708
7045,7041
7045,1704
7045,7709
7708,7710
7708,7711
7708,1704
7712,7713
7712,7714
7712,7715
7713,7712
7713,7711
7713,7716
7714,7717
7714,7712
7714,7718
7715,7712
7715,7717
7715,7719
7717,7714
7717,7715
7717,7718
7719,7715
1504,6888
1504,6458
1504,6890
6890,7720
6890,6888
6890,1504
1174,1170
1174,7427
1174,7721
7427,7722
7427,7424
7427,1174
7721,1174
7720,7723
7720,7724
7720,6890
1725,6803
1725,1718
1725,1723
1726,7725
1726,1723
1726,1747
7726,7727
7726,7728
7726,7729
7727,7730
7727,7726
7727,7731
7728,7726
7728,7732
7728,7447
7729,7733
7729,7726
7729,7734
7446,7444
7446,7735
7446,7723
7735,7446
7735,7736
7735,7737
7723,7446
7723,7720
7723,7738
7739,7003
7003,7740
7003,7739
7003,6999
7005,7002
7005,7000
7005,7023
7006,7000
7740,7003
7740,7741
7740,7742
7009,7743
7009,7014
7009,7007
7009,7008
7743,7009
7742,7740
7011,7008
7011,7019
7011,7744
7018,7745
7018,7017
7018,7014
7746,7747
7746,7748
7746,7749
7747,7746
7747,7750
7747,7751
7748,7746
7748,7752
7748,7753
7748,7754
7749,7755
7749,7746
7749,7752
7749,7756
2071,2069
1590,1589
7432,7757
7432,7025
7432,7429
7758,7448
7448,7758
7448,7759
7448,7445
7759,7448
7447,7445
7447,7728
7447,7760
7761,7762
7761,7763
7761,7764
7761,7765
7762,7766
7762,7767
7762,7761
7763,7761
7764,7768
7764,7767
7764,7761
7765,7766
7765,7769
7765,7761
7766,7765
7766,7770
7766,7762
7769,7770
7769,7765
7769,7771
7769,7772
7767,7762
7767,7773
7767,7764
7773,7774
7773,7767
7773,357
7770,7769
7770,7775
7770,7766
7771,7775
7771,7769
7771,7776
7772,7777
7772,7769
7775,7771
7775,7778
7775,7770
7776,7779
7776,7771
7774,7773
7774,7780
7774,7781
357,1779
357,7773
357,351
7778,7782
7778,7775
7778,7783
7782,7784
7782,7785
7782,7778
7783,7786
7783,7778
7780,7774
7780,7787
7780,7788
7787,7780
7787,7784
7787,7789
7788,7790
7788,7780
7788,7791
7784,7787
7784,7782
7784,7789
7789,7787
7789,7784
7789,7792
7793,7794
7793,7795
7793,7796
7794,7797
7794,7793
7794,7798
7795,7799
7795,7800
7795,7793
7796,7801
7796,7802
7796,7793
7785,7782
7785,7803
7785,2133
7803,7804
7803,7805
7803,7785
2133,364
2133,7792
2133,7785
7790,7806
7790,7788
7790,7807
7806,7790
7807,7792
7807,7781
7807,7790
7801,7808
7801,7798
7801,7796
7802,7809
7802,7810
7802,7796
7797,7794
7798,7811
7798,7801
7798,7794
7811,7812
7811,7798
7811,7813
7812,366
7812,7811
7812,7814
7813,7814
7813,7811
7815,7808
7815,7816
7815,7817
7808,7801
7808,7815
7808,7818
7816,7815
7816,366
7816,7819
7817,362
7817,7820
7817,7815
366,7816
366,7812
366,361
366,7821
7814,7822
7814,7812
7819,7823
7819,7816
7819,7824
7821,7822
7821,366
7821,7825
7823,7819
7822,1799
7822,7821
7825,7821
7826,7827
7826,4615
7826,7828
7827,7826
7827,7829
7827,7830
4615,4608
4615,7831
4615,7829
4615,7826
7828,7832
7828,7833
7828,7826
7834,7835
7834,7836
7834,7837
7835,4622
7835,7834
7835,7838
7836,7834
7836,7839
7836,7839
7837,7840
7837,7834
7837,4361
7837,7841
851,4392
851,847
851,852
4392,809
4392,851
852,851
852,7842
852,847
7832,7828
7832,7833
7832,7843
7832,7844
7833,7828
7833,7832
7833,7845
4614,4608
4614,7842
4614,7846
7842,4614
7842,7846
7842,852
4360,4386
4360,4355
4360,7847
4361,7840
4361,7837
4361,4355
809,7848
7849,7850
7849,7851
7849,7852
7849,4435
7850,4102
7850,7849
7850,7853
7851,7852
7851,7853
7851,7854
7851,7849
7852,7851
7852,7849
7852,7854
4435,3900
4435,4046
4435,7849
4102,7850
4102,4100
4102,3900
3900,4102
3900,4435
3900,3895
7855,7856
7855,7857
7855,7858
7856,7855
7856,555
7856,554
7857,7855
7858,7859
7858,554
7858,7855
7853,7851
7853,7860
7853,7861
7853,7850
7862,7863
7862,1803
7862,7864
7863,7862
7863,7865
7863,7866
1803,7867
1803,1801
1803,7862
1803,7868
7864,7862
6981,7869
6981,6959
7869,7870
7869,7871
7869,6981
7870,7869
7870,7872
7870,7873
7872,7874
7872,7870
7872,7875
7873,6980
7873,7876
7873,7870
6991,6986
7877,7878
7878,7877
7878,7879
7878,7880
6613,1995
6613,7881
6613,7882
7881,6613
7881,7883
7881,7882
7882,7884
7882,7881
7882,6613
7884,7885
7884,7882
7884,7883
7883,7881
7883,7886
7883,7884
7885,7887
7885,7884
7885,7886
7886,7883
7886,7888
7886,7885
7887,7885
7887,7888
7887,7889
7888,7886
7888,2008
7888,7887
2008,1999
2008,7888
2008,2016
2008,6621
7890,7891
7891,7892
7891,7890
7891,7893
7891,7894
476,474
476,7895
7895,476
7895,7896
449,7897
449,446
449,7898
450,1089
450,446
450,7899
1060,1055
1060,7900
1060,7901
992,989
992,7902
993,989
993,7903
993,6448
1136,1158
1136,7904
1136,1132
6996,1158
6996,1135
6996,1156
1135,6996
1135,1153
1135,1132
1153,1135
1153,1109
1153,7905
1253,7906
1253,1251
1253,7907
1254,7908
1254,1251
1254,1939
1254,2264
7730,7727
7730,7909
7730,7429
7731,7910
7731,7911
7912,7913
7912,7914
7912,7915
7913,7912
7913,7916
7914,7917
7914,7912
7914,7918
7915,7919
7915,7920
7915,7912
7908,1254
7908,7921
7908,7922
2264,433
2264,1254
2264,1255
433,430
433,7923
433,2264
434,7924
434,7925
434,430
7926,7927
7926,7928
7927,7929
7927,7926
7927,7930
7928,7931
7928,7932
7933,7934
7933,7935
7933,7919
7933,7936
7934,7937
7934,7933
7934,7938
7935,7933
7935,7939
7935,7940
7919,7941
7919,7933
7919,7915
7936,7942
7936,7943
7936,7933
7936,7944
486,1783
486,1784
1783,7945
1784,488
1784,1780
488,7946
7946,7947
7946,7948
7949,7950
7949,7951
7949,7442
7950,7949
7950,7952
7950,7953
7951,7954
7951,7949
7951,7955
7442,7949
7442,7955
7442,7437
7945,7956
7945,7957
7958,7959
7958,7960
7958,7943
7958,7961
7959,7962
7959,7958
7959,7963
7960,7964
7960,7958
7960,7965
7943,7958
7943,7936
7943,7966
7961,7967
7961,7968
7969,7964
7969,7800
7969,7970
7969,7971
7964,7969
7964,7960
7964,7972
7800,7969
7800,7795
7800,7810
7970,7973
7970,7974
7971,7975
7971,7969
7971,7976
7799,7795
7799,7977
7799,7978
6526,7979
6526,6517
6526,7980
7979,6526
7979,7981
7979,7982
7979,7983
7980,7984
7980,6526
7980,7985
7986,7987
7986,7868
7987,7988
7987,7986
7987,7978
7868,7813
7868,1803
362,359
362,7817
362,7989
7989,7990
7989,362
7989,7991
7992,7993
7993,7994
7993,7995
7996,7997
7996,7994
7997,7998
7997,7995
7994,7999
7994,7996
7994,8000
1645,1646
1645,1640
8001,8002
8001,1643
8001,8003
8001,1642
8002,8003
8002,8004
8002,8001
1643,1644
1643,1639
1643,8001
8003,8002
8003,8001
8003,1587
1642,8001
1642,8005
1642,1638
469,466
469,8006
475,7896
475,7895
2048,472
2048,8000
8000,7994
8000,2048
8000,8007
482,8008
482,478
482,8009
1492,480
1492,1493
1492,8010
1493,8011
1493,481
1493,1492
8011,8012
8011,1493
8011,8013
1828,1829
1828,1825
1828,471
1832,1829
1832,8014
1832,471
954,950
954,1092
954,8015
1548,1543
1548,1236
1548,8016
1587,8017
1587,8003
1587,418
1234,1230
1234,417
1234,8018
1588,1585
1588,1659
1588,8019
6904,1838
6904,8020
6904,1827
8020,8021
8020,6904
8020,6871
1827,8022
1827,6904
1827,1824
1676,8023
1676,1674
1676,8024
1677,8025
1677,8026
6458,8027
6458,1504
6458,1498
8028,4130
8028,4134
8028,8028
8028,8028
4130,8028
4130,8029
4130,4127
4134,8028
4134,4129
4134,8030
1209,1203
1209,1222
1209,8031
1224,1735
1224,1222
1224,7043
1735,1176
1735,1224
7043,7040
7043,8032
7043,1224
6892,6885
6892,8033
6892,1701
6893,6885
6893,8034
6893,8035
1718,1725
1718,1713
1718,8036
6803,1752
6803,1725
6803,6802
2068,8037
2068,2062
2068,8038
8037,2068
8037,8039
8037,8040
8038,352
8038,2068
8038,8041
7917,7914
7917,8042
7917,8043
8042,7917
8042,7918
8042,8044
8043,8044
8043,8045
8043,7917
8044,8046
8044,8043
8044,7925
8044,8042
8045,7925
8045,8047
8045,8043
8045,7440
7440,7436
7440,7924
7440,8048
7440,8049
7440,8045
7924,7440
7924,434
7924,8050
8048,8051
8048,7440
8048,8052
8049,8047
8049,7441
8049,7440
8053,8054
8053,6438
8053,8051
8054,1127
8054,8053
8054,8055
6438,8056
6438,8053
6438,6434
8051,8057
8051,8048
8051,8053
7750,8058
7750,7747
7750,7751
7751,8059
7751,7747
7751,7750
8060,8057
8060,6437
8060,8061
8057,8060
8057,8051
8057,8058
6437,8062
6437,6434
6437,7152
6437,8060
8061,8060
8062,6437
8062,6525
8062,8063
7152,6442
7152,7146
7152,8064
7152,6437
8065,8066
8065,8067
8065,8068
8066,8065
8066,8069
8066,8070
8067,8065
8067,8071
8067,8072
8068,8065
8068,8073
8068,8074
8075,6976
6976,6935
6976,8076
8076,8077
8076,6976
8076,8078
6978,8079
6978,8080
6978,6935
6979,8081
6979,6935
6442,7152
6442,6436
6442,8082
8082,6442
8082,8083
8082,8084
8064,7152
8064,8085
8064,7153
8064,8086
8083,8082
8083,8084
8083,8086
8084,8083
8084,8082
8087,6970
8087,8088
8087,8089
6970,6967
6970,8087
6970,8090
8088,8091
8088,5012
8088,8087
8089,353
8089,8079
8089,8087
8081,8092
8081,8093
6972,6979
8092,8094
8092,8095
8094,8093
8094,8096
8095,8097
8095,6948
8095,8092
8095,7894
6974,6969
6974,7893
6974,8098
6975,8099
6975,6969
6975,8100
8101,8099
8101,8100
8099,8096
8099,6975
8100,8102
8103,8104
8103,8105
8104,8106
8104,8107
8105,6942
8105,8108
8105,8103
7894,8109
7894,8096
7894,7891
7894,8095
8109,8110
8109,7894
8109,7892
8096,7893
8096,7894
8096,8099
8096,8094
7893,8096
7893,7891
7893,6974
8107,6965
8107,8111
6965,6963
6965,8107
6965,6961
8111,8112
8111,8113
7892,7891
7892,8114
7892,8109
8114,8115
8114,8116
8114,7892
2130,8084
2130,8117
2130,2127
2130,7158
2130,7160
8117,8118
8117,2130
8117,8119
7160,7158
7160,7156
7160,8120
7160,2130
7871,7869
7871,6982
7871,8121
6982,7871
6982,6962
6982,8122
8121,7871
8121,8122
8121,8123
8122,8121
8122,6982
8122,8124
8123,8121
8123,8125
8123,8126
8123,8124
6983,8127
6983,6962
6983,8128
8124,8129
8124,8123
8124,8122
8127,6983
8127,8130
8127,8112
8130,8127
8130,8131
8130,8116
8112,8127
8112,8132
8128,8129
8128,6983
8128,8133
8134,139
8134,8131
8134,8135
139,8136
139,8134
139,131
8131,8137
8131,8134
8131,8130
8135,8138
8135,8137
8135,6992
8135,8134
1176,1731
1176,1171
7426,7423
7426,7026
7426,8139
8140,8141
8140,8142
8140,8143
8141,8140
8141,8144
8141,6816
8142,8140
8142,6733
8142,8145
8142,8146
8143,8147
8143,6795
8143,8140
6843,8144
6843,8144
6843,6815
8148,8149
8148,8150
8149,8151
8149,8148
8149,8152
8150,8153
8150,8154
8155,8156
8155,8157
8155,8158
8155,8159
8156,8160
8156,8155
8156,8161
8157,8155
8157,8162
8157,8163
8158,8164
8158,8165
8159,8155
8159,8166
8159,8167
7985,7980
7985,8168
7985,8169
8168,8170
8168,7985
8168,7865
8169,7984
8169,8171
8169,7985
7865,8172
7865,7863
7865,8168
8172,7865
8172,7867
8172,8173
7867,8172
7867,1803
7867,7879
7879,7878
7879,7867
7879,8174
7880,8175
7880,7878
7880,8176
8176,8177
8176,1802
8176,7880
8177,8176
8177,8178
8177,8179
1802,8176
1802,1801
1802,8180
8102,6968
8102,6972
8181,8178
8181,8182
8181,8183
8178,8177
8178,8181
8178,8184
8182,8181
8182,8185
8182,8186
8183,8187
8183,8188
8183,8181
8106,1797
8106,8104
8106,6980
8189,8190
8189,8185
8189,8191
8190,6989
8190,8189
8190,8192
8185,8182
8185,8186
8185,8189
8191,8193
8191,8194
8191,8189
7161,7157
7161,8195
7161,8196
7161,8197
8195,7161
8195,8196
8195,8198
8196,8199
8196,8200
8196,6522
8197,7161
8197,7162
8197,8201
8197,134
6989,6985
6989,8190
6989,8202
6989,8203
6989,8204
8202,8203
8202,8205
8202,6989
8203,8202
8203,8206
8203,8207
8203,6989
8204,8208
8204,8205
8204,6989
8204,8209
8058,7750
8058,8210
8058,8057
8211,8212
8211,8213
8211,8214
8212,8211
8212,8213
8212,8214
8213,8211
8213,8187
8213,8212
8214,8215
8214,8211
8214,8212
8187,8213
8187,8183
8187,8216
8188,8183
8188,8208
8188,8217
8173,8172
7909,7730
7909,7028
7909,8218
7429,7425
7429,7733
7429,7730
7429,7432
8219,7745
7745,7018
7745,8219
7745,8220
8220,483
8220,7745
7017,7018
7017,8221
7017,7013
8221,8222
8221,7017
8221,8223
7710,7708
7711,8224
7711,7713
7711,7708
8017,8004
8017,8225
8017,1587
7941,7919
7941,8226
7941,8226
8226,8227
8226,7941
8226,7941
8228,8229
8228,8230
8228,1791
8229,8228
8229,1794
8229,8231
8230,8228
1791,1787
1791,8232
1791,8228
1794,8229
1794,8233
1794,1788
8231,8171
8231,8229
8231,8234
7147,7143
7148,7144
7149,7144
8235,8236
8236,8235
8236,8237
8236,7286
7254,7251
7254,7283
7254,8238
7255,8239
7255,7251
7255,7287
8239,7255
2073,2070
2073,2055
2073,8240
2074,2070
2065,2061
2063,2060
1550,1544
1550,6444
1550,8241
6444,8242
6444,1550
6444,1632
8241,1550
1549,1544
1549,8243
1549,1625
8242,1558
8242,6444
8242,1556
7947,8244
8244,7926
8244,8245
4197,4190
8246,8247
8246,8248
8246,8249
8247,1160
8247,8246
8247,8250
8248,8251
8248,8246
8248,8252
8249,8246
8249,8253
8249,8254
148,8255
148,8256
148,147
8255,8257
8255,148
8255,8258
8256,8259
8256,148
8256,8260
7410,7406
7410,7414
7410,7415
4749,4745
4749,8261
4749,7419
7421,7419
7421,4809
7421,8262
2223,2221
8263,2218
2218,2222
2218,8263
6271,8264
6271,8265
6271,6268
8264,3959
8264,6271
8264,8266
8265,8267
8265,8268
8265,6271
8265,4897
8266,8264
8266,8268
8266,3960
8268,8269
8268,8265
8268,8266
3960,8270
3960,3920
3960,8266
3959,3920
3959,8264
3959,6268
6289,6291
6289,3998
6289,6288
6287,6283
6287,3998
6287,6285
4848,6273
4848,8271
4848,4844
6273,4848
6273,6269
6273,4847
8271,4848
8271,6272
8271,8272
6272,6269
6272,8271
6272,4000
4845,8273
4845,6288
4845,4842
4846,6285
4846,6293
4846,4842
4847,4894
4847,6273
4847,4843
6285,4846
6285,6282
6285,6287
6293,4000
6293,8272
6293,4846
8272,8274
8272,6293
8272,8271
4061,3906
4061,3911
4061,3933
6288,4845
6288,3997
6288,6289
8274,8272
8275,8276
8275,8277
8275,8278
8276,8279
8276,8280
8276,8275
8277,8281
8277,8278
8277,8275
8278,8277
8278,8282
8278,8275
8278,8283
8284,8285
8284,8286
8284,8287
8285,8284
8285,8287
8285,8288
8286,8284
8286,6266
8286,8288
8287,8285
8287,8289
8287,8284
6252,8290
6252,6251
6252,4859
8290,8291
8290,6252
8290,8292
4859,6252
4859,4856
4859,4864
4829,8293
4829,8289
4829,4823
8293,4867
8293,4829
8293,8294
8289,8295
8289,4829
8289,8287
6265,4891
6265,6263
6265,4827
8295,8289
8295,8296
8295,8297
8288,8285
8288,8286
8288,8296
8296,8295
8296,8297
8296,8298
8296,8288
4867,8299
4867,8293
4867,4864
8299,4867
8299,8300
8299,8294
8300,8299
8300,8301
8300,8298
8294,8297
8294,8299
8294,8293
8297,8296
8297,8294
8297,8295
8298,8296
8298,8301
8298,8300
6266,6264
6266,8286
6266,6259
8301,8281
8301,8298
8301,8300
8281,8277
8281,8301
8281,8302
5002,4899
5002,5000
5002,8303
5003,5000
5003,8303
5003,8304
4866,8305
4866,4863
4866,4828
4828,4823
4828,4866
4828,4863
8303,5003
8303,8306
8303,5002
8306,8303
8306,8307
8306,8308
4830,8305
4830,4823
4830,8309
8305,4830
8305,4866
8305,8310
8309,8310
8309,4830
8309,4825
4899,5002
4899,4898
4899,8307
4825,6253
4825,4821
4825,8311
4825,8309
4868,4865
4868,8291
4868,8312
4869,4865
4869,8312
4869,8304
4883,4898
4883,4884
4883,4879
8304,8308
8304,4869
8304,5003
8308,8292
8308,8304
8308,8306
8308,8312
4882,4880
4882,6251
4882,4879
8291,4868
8291,8290
8291,8292
8292,8290
8292,8308
8292,8291
8310,8309
8310,8305
8310,8311
8302,8281
8302,8282
8302,8313
8282,8302
8282,8278
8282,8313
8283,8313
8283,6260
8283,8278
6260,6256
6260,8283
6260,6257
8314,8315
8314,8316
8314,8317
8315,8314
8316,8314
8317,8318
8317,8319
8317,8314
8317,8320
8313,8283
8313,8282
8313,8302
8318,6254
8318,8317
8318,8321
8318,8322
8319,8317
8319,8322
8319,8323
8320,8317
4799,4738
4799,4795
4799,4798
4799,8324
6254,4738
6254,8318
6254,8325
8326,469
8326,8006
8006,8327
7995,8326
8327,475
8327,7992
3577,3573
3577,8328
3577,3578
3578,3573
3578,8329
3578,3571
165,8330
165,159
165,162
161,165
161,8331
161,159
8332,8333
8332,8332
8332,8332
8333,8332
8333,8330
8333,8330
8334,8335
8334,8336
8334,8337
8335,8338
8335,8334
8335,8339
8336,8339
8336,8340
8336,8334
8337,8341
8337,8334
8337,8342
8337,8343
8344,8345
8344,8343
8344,8346
8345,8341
8345,8344
8345,8347
8343,8344
8343,8348
8343,8337
8346,8349
8346,8344
8346,8350
8342,8351
8342,8352
8342,8337
8351,8347
8351,8342
8351,8341
8351,8353
8352,8353
8352,8338
8352,8342
8354,8355
8355,8356
8355,8354
8355,8357
8358,8359
8358,8360
8358,7525
8359,8361
8359,8360
8359,8358
8360,8362
8360,8359
8360,8358
7525,8363
7525,8364
7525,160
7525,8358
8349,8346
8349,8365
8349,8366
8350,8367
8350,8368
8350,8346
8365,8369
8365,8349
8365,8370
8369,8365
8369,8371
8369,8371
8370,8372
8370,8365
8370,8373
8364,8374
8364,8371
8364,7525
8374,8364
8374,8375
8374,8372
8371,8369
8371,8369
8371,8364
8363,7525
8363,8376
8363,8377
6375,8378
6375,6372
6375,6371
8378,6375
8378,8378
8378,8378
6511,6508
6511,8379
6511,6506
8380,8381
8381,8382
8381,8379
8381,8380
8379,8383
8379,8381
8379,6511
8383,8379
8383,8384
8383,8385
8386,8387
8387,8388
8387,8386
8387,8382
8382,8389
8382,8381
8382,8387
8390,8391
8390,8392
8390,8393
8391,8390
8392,8393
8392,8394
8392,8390
8393,8392
8393,8395
8393,8390
8384,8383
8385,8383
8388,8396
8388,8387
8388,8397
8396,8398
8396,8388
8396,8399
8397,8400
8397,8388
8397,8399
8389,8382
8398,8401
8398,8394
8398,8396
8399,8397
8399,8396
8399,8402
8401,8398
8401,8403
8401,8404
8394,8405
8394,8392
8394,8398
8395,8406
8395,8393
8395,8407
8405,8394
8406,8395
8408,8409
8408,8410
8408,8411
8409,8412
8409,7229
8409,8408
8410,8408
8410,5056
8410,8413
8411,7230
8411,8408
8411,8414
6612,5108
6612,299
6612,6187
5108,6186
5108,6612
5108,5105
6187,8415
6187,6184
6187,6612
6186,6184
6186,6183
6186,6185
1797,8106
1797,8416
1797,8417
1797,8418
1797,1795
6980,7873
6980,6964
6980,8106
7874,7872
7874,8194
7874,8419
7875,8420
7875,7876
7875,7872
8421,8422
8421,8194
8421,8193
8422,8423
8422,8421
8422,8424
8194,8421
8194,7874
8194,8191
8193,8424
8193,8191
8193,8421
8425,8423
8425,6993
8425,8126
8423,8422
8423,8425
8423,6993
6993,8423
6993,8425
6993,8424
6993,8426
6993,6987
8126,8427
8126,8123
8126,8425
6994,6988
6994,8428
6994,8429
6995,8430
6995,8431
6995,6988
2205,8432
2205,2202
2205,2203
8433,8434
8433,8435
8433,8436
8434,8433
8434,4136
8434,8437
8435,8433
8435,8437
8436,2208
8436,8433
2208,7662
2208,8436
2208,2204
8432,2215
8432,2205
8432,2213
2215,8432
2215,2211
7577,4139
7577,4138
7577,8438
7577,7574
7578,7574
7578,2198
7578,2199
2285,7623
2285,7659
2285,2282
2285,7660
2286,8439
2286,7660
2286,2282
7628,8440
7628,7625
7628,8441
7629,8441
7629,7617
7629,7625
7617,2304
7617,7629
7617,2296
7616,8442
7616,7614
7616,8443
8442,8444
8442,7616
8442,8445
8442,8446
8443,8447
8443,2305
2297,1943
2297,2292
2297,8448
1943,2297
1943,1939
1943,8445
8448,8449
8448,2297
8448,8450
2298,8451
2298,7685
2298,8452
2298,2292
8453,8454
8454,8455
8454,8456
8454,8453
8455,8457
8455,8458
8457,6425
8457,8459
8458,8460
8458,2266
8458,8455
8456,8461
8456,8459
8456,8454
8461,8462
8461,6424
8461,8456
8459,8456
6425,6376
6425,8457
6425,6420
8462,8461
8462,8463
8462,6424
6424,8461
6424,6420
6424,8462
6376,6372
6376,6425
6376,8464
5580,208
5580,210
5580,5577
5638,8465
5638,5666
5638,5595
8465,5632
8465,5638
8465,8466
5666,5638
5666,5665
5666,8467
8468,6865
8468,8469
8468,8470
6865,6866
6865,6534
6865,8468
8469,8471
8469,8472
8469,8468
8470,8468
8470,8473
8470,8472
6857,8474
6857,6856
6857,6866
8474,6857
8474,8473
8474,6866
6866,6865
6866,6857
6866,6534
6866,8474
8471,5244
8471,8469
8471,6531
5244,8471
5244,8472
5244,1032
6531,6529
6531,8475
6531,8471
6531,8476
8477,8478
8477,8479
8477,5536
8478,8477
8478,8480
8478,8481
8479,8477
8479,8482
8479,8480
8479,5650
5536,632
5536,8483
5536,8477
5521,8484
5521,8481
5521,5478
8480,8478
8480,8485
8480,8479
8480,8486
8481,5521
8481,8486
8481,8478
8482,8487
8482,8488
8482,8479
5650,8483
5650,5648
5650,8479
8485,8489
8485,8487
8485,8480
8486,8481
8486,5496
8486,8480
8486,5497
8487,8485
8487,8482
8487,8490
8488,8482
8488,8491
8488,7125
8484,5521
8484,7128
8484,8492
5496,5495
5496,8489
5496,8486
5497,5495
5497,8486
5497,7128
8489,5496
8489,8485
8489,7119
7128,8484
7128,7120
7128,5497
8493,8494
8494,8493
8494,8495
8494,8496
8495,8497
8495,8494
8495,8498
8497,8495
8497,8499
8497,8500
8498,8495
8499,7131
8499,8497
8499,8501
8500,8497
8500,8502
8500,8503
7130,8504
7130,8505
7130,7121
7131,8506
7131,8499
7131,7121
8506,7131
8506,8507
8506,8508
8509,8510
8509,8511
8509,1052
8510,8512
8510,8509
8510,8513
8511,8514
8511,8509
8511,8515
1052,8509
1052,1049
1052,8516
8517,8518
8518,8519
8518,8517
8518,8520
8514,8511
8514,8521
8514,8522
8515,8521
8515,8511
8515,8523
8524,8519
8519,8525
8519,8518
8519,8524
8519,8521
8525,8519
8525,8526
8525,8527
8525,8528
8521,8515
8521,8526
8521,8514
8521,8519
8523,8526
8523,8515
8523,8529
8528,4446
8528,8525
8528,8530
4446,8528
4446,4461
4446,4443
8530,8531
8530,8520
8530,8528
4452,8532
4452,4449
4452,4451
4453,8533
4453,8534
4453,8535
8526,8523
8526,8527
8526,8521
8526,8525
8527,8536
8527,8526
8527,8529
8527,8525
8529,8537
8529,8527
8529,8523
8537,8529
8537,8538
8537,8539
3991,3963
3991,3971
3991,3990
3990,3963
3990,6030
3990,3991
3990,7345
4091,8540
4091,3971
4091,8541
4860,8542
4860,4034
4860,8543
6249,4779
6249,8544
6249,8545
7831,7843
7831,8546
7831,4615
7843,7831
7843,7832
7843,7844
8546,7831
8546,8547
8546,8548
7829,4615
7829,7840
7829,7827
8547,8546
8547,8549
8547,8548
8549,8550
8549,8551
8549,8547
8548,7846
8548,8547
8548,8546
8550,8552
8550,8549
8550,8553
8551,8554
8551,8549
8551,842
7846,8548
7846,7842
7846,4614
5674,7172
5674,5563
5674,5645
1959,302
1959,303
1959,1961
1962,1961
1962,6620
1962,8555
1963,8556
1963,1961
1963,8557
6619,8558
6619,1973
6619,6622
6620,1962
6620,1973
6620,8559
8560,8561
8560,8562
8560,3089
8561,8560
8561,8563
8561,8564
8562,8565
8562,8566
8562,8560
3089,905
3089,8563
3089,8560
8567,8565
8567,8557
8567,8568
8565,8562
8565,8567
8565,8566
8557,8567
8557,8569
8557,1963
8568,8570
8568,8567
8568,8571
1033,1029
1033,7311
1033,8572
1034,1029
8556,8573
8556,1963
8556,8574
3088,8575
3088,905
8570,8568
8570,8576
8570,8571
8571,8577
8571,8570
8571,8568
8569,8557
8569,8576
8569,8578
8563,8579
8563,3089
8563,8561
8563,3087
8564,8561
8564,8580
8564,8579
8576,8581
8576,8569
8576,8570
5243,5239
8577,8580
8577,8571
8577,8581
8579,3087
8579,8563
8579,8564
3087,8579
3087,8563
3087,8582
3087,904
8578,8581
8578,8583
8578,8584
8578,8569
8580,8564
8580,8577
8580,8566
8558,8559
8558,6619
8558,8585
8558,8586
6622,1975
6622,6619
6622,1970
8566,8562
8566,8565
8566,8580
8559,8587
8559,8558
8559,6620
8585,8588
8585,8589
8585,8558
8585,8590
8586,8588
8586,8587
8586,8558
8581,8576
8581,8578
8581,8577
8573,8555
8573,8556
8573,8574
8555,8573
8555,8587
8555,1962
8574,8583
8574,8573
8574,8556
8587,8555
8587,8559
8587,8586
8583,8574
8583,8578
8583,8584
8584,8583
8584,8578
8584,8582
8584,8591
8588,8585
8588,8586
8588,3416
8588,8592
8582,8593
8582,8584
8582,3087
8591,8584
8591,8594
8591,8592
8595,8596
8595,6623
8595,8597
8596,8595
8596,8590
8596,8589
6623,8590
6623,1975
6623,8595
8597,8598
8597,8595
8597,8599
8589,3416
8589,8585
8589,8596
8590,6623
8590,8585
8590,6622
3416,3412
3416,8589
3416,8588
8592,8594
8592,8591
8592,8588
8594,8592
8594,8593
8594,8600
8594,8591
8593,8582
8593,8594
8593,8601
8600,8601
8600,3415
8600,8594
8601,8600
8601,8593
8601,3415
3415,3412
3415,8601
3415,8600
3116,3112
3116,3238
3116,8602
3117,8603
3117,8604
3117,3112
3118,3112
3118,3238
3118,3119
8603,8605
8603,8605
8603,3117
8604,3117
8604,8606
8604,8607
5044,3138
5044,8608
5044,8609
5043,8610
5043,3138
5043,3136
8608,5044
8608,8605
8608,8606
8605,8608
8605,8603
8605,8603
8606,8608
8606,8604
8606,8609
8609,5044
8609,8606
8609,8610
8607,3129
8607,8602
8607,8604
3291,3281
3291,3283
3291,3237
3274,3272
3274,3289
3274,3281
8610,3130
8610,5043
8610,8609
3130,8610
3130,3136
3130,3125
3214,3222
3214,3211
3214,3283
3129,3125
3129,8607
3129,3132
5829,5826
5829,8611
5829,5830
8612,8613
8612,8614
8612,6008
8613,8612
8613,8615
8613,8616
8614,8617
8614,8618
8614,8612
6008,8619
6008,6004
6008,8612
8617,8620
8617,8621
8617,8614
8620,8622
8620,8623
8620,8617
8621,8624
8621,8617
8621,8623
8618,8625
8618,6314
8618,8614
8626,8625
8626,8625
8626,8627
8625,8626
8625,8626
8625,8618
8627,8626
6314,5973
6314,8628
6314,8618
8628,6324
8628,6324
8628,6314
6324,6322
6324,8628
6324,8628
3541,3537
3541,6541
3541,3544
6544,6541
673,668
673,8629
673,8630
8629,8631
8629,673
8629,8632
8630,8633
8630,8631
8630,673
672,668
672,8634
672,8635
674,668
674,676
674,669
8631,8629
8631,8630
8631,8636
8632,8637
8632,8629
8632,8636
5098,8638
5098,8639
5098,8640
5098,5063
8638,5098
8639,5098
8640,5098
8641,8642
8641,8643
8642,8644
8642,5026
8642,8641
8643,8645
8643,8646
8647,8643
8647,8641
306,8648
306,8649
8648,8650
8648,5117
8649,8647
8649,8651
8645,8652
8645,8653
8646,8651
8646,8647
8651,8654
8651,306
8654,304
8654,242
8653,8655
8653,1952
8655,8656
8655,8653
8655,8657
439,1913
439,8658
439,436
1913,439
1913,1910
1913,8659
8658,8660
8658,439
8658,8661
8660,7276
8660,8662
8660,8658
7276,7272
7276,8660
7276,8663
8662,1856
8662,8660
8662,1848
8659,1913
8659,441
8659,8664
441,8659
441,8665
441,437
8664,8659
1846,1844
1846,8666
1846,1863
1848,8662
1848,1844
1848,8667
8668,8669
8668,8670
8668,8671
8669,346
8669,8672
8669,8668
8670,1879
8670,8668
8670,8673
8671,8674
8671,8668
804,802
804,8675
804,8676
804,8677
805,8678
805,802
805,8679
5205,5202
5205,8680
5205,8681
5206,5214
5206,5202
5206,8682
8683,8684
8683,8685
8683,8686
8684,8687
8684,8687
8684,8683
8685,8683
8685,8688
8685,8686
8686,8683
8686,8689
8686,8685
8690,8691
8690,5217
8690,8682
8690,8008
8691,8690
8691,8692
8691,8693
5217,5214
5217,8690
5217,8694
5217,8695
8682,5206
8682,8690
8682,8696
8008,8690
8008,482
8008,8697
8698,8699
8698,8700
8698,8701
8699,8702
8699,8698
8699,8703
8700,8698
8701,8698
3798,3794
3798,8704
8705,8706
8706,8707
8706,8708
8709,8704
8709,8710
8704,8711
8710,3793
8710,3798
8707,8712
8708,4202
8708,4206
8712,8713
8712,8714
4206,6678
4206,8707
5119,8715
5119,8650
1955,8716
1955,8652
8716,8651
8652,8716
8652,8646
8611,5829
8611,8717
8611,8718
8717,8719
8717,8611
8717,8720
8718,6955
8718,8721
8718,8611
8722,8599
8722,8723
8722,8724
8599,8722
8599,8725
8599,8597
8599,8726
8723,8727
8723,8728
8723,8729
8724,8729
8724,8729
8724,8722
8730,8731
8730,8732
8731,8730
8731,8732
8731,8733
8732,8734
8727,8723
8727,8735
8727,8726
8728,8736
8728,8737
8729,8724
8729,8724
8729,8723
4947,8730
4947,4949
4949,4947
4949,8738
4949,8739
8740,8741
8740,8742
8741,8740
8741,8743
8741,8744
8742,8737
8742,8736
8736,8742
8736,8740
8737,8745
8737,8746
8735,8728
8735,8745
8735,8727
8745,8747
8745,8735
8745,8748
8749,8735
8749,8750
8750,8751
8750,8726
8750,8725
8746,8752
8746,8753
8754,8749
8754,8755
8754,8756
8755,583
8755,8754
8756,8757
8756,8757
8756,8754
8747,8755
8747,8749
8748,8758
8748,8745
583,580
583,8757
583,8754
8757,583
8757,8756
8757,8756
8508,8759
8508,8506
8508,8496
8759,8508
8759,7124
8759,5673
8496,8494
8496,8760
4083,8761
4083,4081
4083,4080
8758,8746
8758,8762
5531,8763
5531,5524
5531,8764
5532,5613
5532,5524
5532,8763
5528,8765
5528,5523
5528,8766
5528,5524
5533,5620
190,187
190,3968
190,8767
8767,8768
8767,190
8767,8769
8770,8771
8770,400
8771,400
8771,399
400,4964
400,396
8772,8773
8772,8774
8773,8775
8773,6708
8774,5534
8774,8772
8774,5525
5534,8776
5534,5535
5534,8774
8776,8771
8776,8777
5535,8776
5535,5534
5535,8778
8777,8779
399,8774
399,8772
399,8776
8780,399
8780,402
402,397
402,8780
402,398
4964,8781
4964,4922
403,8782
403,4966
8781,4917
8781,4915
8762,8783
8762,8784
8783,8785
8784,8785
8784,8786
8787,8780
8782,8787
8782,402
4966,4965
4966,8788
4966,8789
4966,403
4915,4912
4915,4920
5927,8790
5927,8791
5928,5926
5928,8792
5928,8791
8793,8794
8793,4433
8793,8795
8794,8796
8794,5909
8794,8793
8794,8797
4433,4429
4433,8793
4433,4445
8795,8798
8795,5907
8795,8793
8799,8800
8799,4106
8800,8801
8800,8802
4106,8799
4106,4103
4106,8802
8803,8804
8803,8805
8804,8806
8804,8797
8804,8807
8804,8803
8805,8808
8805,8809
4917,8810
4917,4912
8810,4916
8810,8811
8810,8812
8813,8814
8813,8815
8814,4460
8814,8803
8815,8816
8815,8814
8815,8817
8815,8818
8796,8806
8796,8794
8796,8819
5909,8794
5909,5906
5909,8819
8797,8796
8797,8804
8797,8794
8806,8804
8806,8820
8806,8796
8806,8821
8819,8822
8819,5909
8790,8823
8790,8824
8823,8825
8823,8826
8824,8826
8824,8633
8824,8827
8822,8790
8822,5926
8828,8822
8828,8823
8825,4905
8825,8829
8826,4904
8826,8830
8826,8824
8807,8804
8807,8799
8807,314
8820,8807
8820,8806
8820,314
8821,8806
8821,8828
8633,8630
8633,8788
8788,4966
8788,8787
4904,8830
4904,1300
8830,8826
8830,8825
314,8820
314,310
314,8807
314,8831
4905,8832
4905,8833
8829,8828
8829,8821
8832,8829
8832,8834
8833,1288
8833,8835
8831,8820
8831,314
8834,8836
8834,8831
8835,1293
8835,8833
8835,8837
1290,8832
1290,8838
8838,8839
8838,1290
8838,8840
8841,8842
8841,8843
8841,8844
8842,8841
8842,8845
8842,8846
8843,8841
8843,8847
8843,8848
8844,8849
8844,8841
8844,8850
8839,8845
8839,8838
8839,8851
8840,8852
8840,8853
8840,8838
8744,8854
8744,8855
8744,8741
8854,8856
8854,8744
8854,8857
8855,8858
8855,8859
8855,8744
8859,5311
8859,8860
8859,8855
5311,8859
5311,8857
5311,5277
8860,8861
8860,8859
8860,8862
7553,324
7553,332
7553,8863
332,329
332,7553
332,322
8863,334
8863,7553
8520,8864
8520,8530
8520,8518
8520,8865
8864,8520
8864,8866
8864,8522
8865,8520
4445,4433
4445,4443
4445,50
50,8867
50,44
50,4445
8868,8869
8868,8870
8868,8871
8869,1003
8869,8868
8869,8872
8870,8873
8870,8874
8870,8868
8871,7213
8871,8875
8871,8868
138,8876
138,6478
138,131
6482,8877
6482,6480
6482,6478
8444,8442
8444,8878
8444,8879
8445,7690
8445,8880
8445,1943
8445,8442
8446,8881
8446,8447
8446,8442
8446,8882
5668,625
5668,5633
5668,5560
5673,8760
5673,8759
5673,5672
8883,8884
8883,8885
8883,8886
8884,8887
8884,8883
8884,8888
8885,8883
8885,8889
8885,8888
8886,8760
8886,8883
8886,8890
8887,8502
8887,8884
8887,8503
8888,8884
8888,8891
8888,8885
8888,8892
7124,8759
7124,7117
7124,5530
8507,8506
8507,8893
8507,8894
8895,8896
8895,8897
8895,8898
8896,8895
8896,6692
8896,5489
8897,8899
8897,8895
8897,8898
8897,6693
8898,8900
8898,8897
8898,8895
6692,8896
6692,6687
6692,6686
39,33
39,5275
39,40
5278,5273
5278,5277
5278,8901
5573,5570
5573,8902
5573,8903
5574,8904
5574,8905
5574,5570
8906,5571
8906,8907
8906,8908
5571,8906
5571,5569
5571,8909
8907,8637
8907,8906
8907,8910
8908,8911
8908,8910
8908,8906
8637,8632
8637,8907
8637,5489
8910,8908
8910,8636
8910,8907
8636,8910
8636,8632
8636,8631
8911,8792
8911,8908
8911,8912
8792,8911
8792,8904
8792,5928
8904,5574
8904,8913
8904,8792
8914,8915
8914,4105
8914,8916
8915,8914
8915,8917
8915,8918
4105,8914
4105,4103
4105,8919
8916,8914
4458,4048
4458,8917
4458,8920
4459,8921
4459,8922
4459,4048
6954,6952
6954,8923
6954,8924
6955,6952
6955,8718
6955,8675
8925,8926
8925,7078
8925,8927
8926,8925
8926,8928
8926,8929
7078,8930
7078,8925
7078,7074
8927,8925
8929,8931
8929,8926
8929,8932
8931,8929
8931,8933
8931,8934
8932,8935
8932,8929
8932,8936
6957,8937
6957,6953
6957,6956
8937,6957
8937,5830
8937,8938
6956,8939
6956,6953
6956,6957
7133,5592
7133,8940
7133,8940
7133,8941
8940,7133
8940,7133
8940,8934
8940,8942
8941,8943
8941,7133
8941,8942
8941,8942
7132,5592
7132,8944
7132,8945
640,8946
640,636
640,5502
8946,8947
8946,640
8946,641
8935,8944
8935,8948
8935,8932
8944,8945
8944,7132
8944,8935
8948,8949
8948,8935
5832,5828
5832,8738
5832,8739
5833,8739
5833,4944
8738,5832
8738,8731
5882,5877
5882,5877
5882,5878
8950,6602
8950,8951
8950,8952
6602,3055
6602,8950
6602,8953
8951,8950
8951,8954
8952,8955
8952,8950
8956,8955
8955,8952
8955,8956
8955,8957
2485,8958
2485,2482
2485,8959
8958,8960
8958,2485
8958,8961
8959,8962
8959,8963
8959,2485
8962,8959
8963,8964
8963,8965
8963,8959
4339,8966
4339,4336
4339,8967
4340,8968
4340,4336
4340,8969
8970,8971
8970,8972
8970,8966
8970,8967
8971,8973
8971,8970
8971,8974
8972,8970
8972,8975
8966,4339
8966,8970
8966,8974
8967,8970
8967,4339
8967,8976
7508,8977
7508,8978
7508,7469
7500,7498
7500,8979
7500,8980
8979,1532
8979,7493
8979,7500
8980,8981
8980,8982
8980,7500
1532,8979
1532,1528
1532,7470
7493,8983
7493,7491
7493,8979
5821,7498
5821,5819
5821,8982
8984,8985
8984,5824
8984,8986
8985,8984
8985,5813
8985,8987
8985,5824
5824,8984
5824,8988
5824,5820
5824,8985
8986,8984
8986,8987
8986,8989
5823,5820
5823,5813
5823,8990
5813,8985
5813,5823
5813,5797
5813,5812
8990,5823
8990,5822
8990,8991
5812,4039
5812,5813
5812,7490
7490,1533
7490,5812
7490,8991
8991,8992
8991,8990
8991,7490
7488,8993
7488,7484
7488,8994
8993,7488
8993,8995
8993,8996
8993,8997
8994,8998
8994,7488
8994,7487
8995,8993
8995,8999
8995,8997
8996,8993
8997,8995
8997,8993
8997,4033
4029,4032
4029,3887
4029,7487
4032,8998
4032,4029
4032,3889
7487,4029
7487,7484
7487,8994
8998,8999
8998,4032
8998,8994
8999,8998
8999,4033
8999,8995
9000,9001
9000,9002
9000,9003
9001,9004
9001,9000
9002,9005
9002,9000
9002,9006
9003,9007
9003,9008
9003,9000
9007,9009
9007,9003
9007,9010
9008,9011
9008,9003
9008,9012
9011,9008
9013,9014
9014,9015
9014,9016
9014,9013
9017,9016
9016,9017
9016,9014
9016,7324
4109,3866
4109,9018
4109,9019
9018,4108
9018,9020
9018,4109
9019,9020
9019,9021
9019,4109
9022,9023
9022,9024
9022,9025
9023,2340
9023,9022
9023,2345
9024,1626
9024,9026
9024,9022
9025,9027
9025,9022
9025,9028
9025,2345
1626,9024
1626,1622
1626,1628
1628,9028
1628,1623
1628,1626
6134,9029
6134,2320
6134,6132
6135,6132
6136,6132
2340,2344
2340,9023
2340,2336
9029,9030
9029,6134
9029,9031
1125,1122
1126,1122
9032,9015
9032,9015
9032,9033
9015,9032
9015,9032
9015,9014
9033,9034
9033,9032
9033,9035
9035,9036
9035,9034
9035,9033
9036,9037
9036,9038
9036,9035
9034,9033
9034,9035
9034,3532
3532,9034
3532,3530
3532,3057
9039,9040
9039,6929
9040,9039
9040,9041
6929,6930
6929,3070
6929,9039
9042,3065
3065,9042
3065,9043
3065,3061
602,596
602,3378
602,3389
3237,3287
3237,3225
3237,3239
3237,3291
3422,3279
3422,3277
3422,9044
3279,3422
3279,3275
3279,3273
9044,9045
9044,3422
9044,9046
3275,3272
3275,3279
3275,9045
3289,3287
3289,3274
3289,9047
3288,3261
3288,3287
3288,9047
9045,3275
9045,9048
9045,9044
9045,9047
3837,3833
3837,3829
3837,3838
8430,9049
8430,6995
8430,9050
8430,9051
8430,8206
9049,8430
9049,8429
9049,9052
9050,8430
9051,9053
9051,9054
9051,8430
8206,9055
8206,8430
8206,8203
9056,9057
9056,2609
9056,3004
9057,9056
9057,9058
9057,9059
2609,9056
2609,2607
2609,9059
3004,3001
3004,9060
3004,9056
1376,9061
1376,1373
1376,9062
9061,1376
9061,1379
9061,9063
9061,9064
9062,1376
6487,2319
6487,2320
4193,4187
4193,1575
4193,1573
8166,9065
8166,9066
8166,8159
9065,8166
9065,9067
9065,9066
9065,1740
9066,9065
9066,8166
9066,9068
9069,9070
9070,1984
9070,9069
9070,9071
8656,8655
8656,1977
8656,9072
1977,8656
1977,1971
1977,1986
1977,9072
9072,8656
9072,9073
9072,8657
9072,1977
9067,9065
9067,9074
9067,9075
1740,1739
1740,9065
1740,1737
1982,9076
1982,1980
1982,9077
1983,1981
1983,1980
1983,1985
1983,9078
1984,9070
1984,1980
1984,9079
9080,7309
7309,7307
7309,9081
7309,9080
9079,9082
9079,9077
9079,1984
7310,1014
7310,7307
7310,5336
1986,9083
1986,1979
1986,1977
1986,9084
9083,1986
9083,9076
9083,9085
9084,9073
9084,9085
9084,9086
9084,1986
9087,9088
9087,9089
9087,9090
9088,9091
9088,9087
9088,9092
9089,9087
9089,9068
9089,9093
9090,9087
9090,9094
9090,9092
8167,9095
8167,8159
8167,9096
9097,9081
9097,9081
9097,1015
9081,9097
9081,9097
9081,7309
1015,7103
1015,7104
1015,9097
9068,9094
9068,9089
9068,1165
9068,9066
9094,9098
9094,9090
9094,9068
9098,9094
9076,9083
9076,1982
9076,9077
9085,9086
9085,9083
9085,9084
8115,8114
8115,8110
8116,8132
8116,8130
8116,8114
6992,6987
6992,8135
6992,9099
8429,9049
8429,9100
8429,6994
9100,8429
9100,9101
9100,9054
464,458
464,9102
464,7226
464,9103
461,9104
461,458
461,457
9054,9051
9054,9100
9054,9105
9105,9106
9105,9054
9105,9053
8138,9107
8138,9099
8138,8135
8137,8133
8137,8131
8137,8135
9102,464
9102,9108
9102,6926
7226,464
7226,7189
7226,9109
9103,464
6926,6923
6926,9102
6926,6922
6923,6926
6923,6921
6923,9110
6925,9111
6925,6922
6925,9112
6924,6921
6924,9113
6924,9114
9111,6925
1985,5426
1985,1981
1985,1983
5426,1985
5426,9115
5426,5366
2198,2199
2198,7578
2198,2196
2289,2284
2289,7623
2289,7562
7623,2285
7623,2289
7623,7575
7563,7560
7563,7561
7563,7675
9116,9117
9116,9118
9116,9119
9117,9116
9117,9118
9117,9120
9118,4327
9118,9116
9118,9121
9119,9116
9119,9122
4327,4262
4327,9123
4327,9118
9121,9124
9125,1770
9125,9126
9125,9127
9126,9128
9126,9125
9126,9129
9126,9130
9127,9130
9127,9131
9127,9125
6127,6045
6127,6049
6127,6122
6045,6127
6045,6042
6045,6044
6049,6127
6049,9132
6049,6044
9133,17
9133,9134
9133,9135
17,9133
17,12
17,9136
9134,2159
9134,9133
9134,9137
9134,9138
9135,9138
9135,14
9135,9133
9139,9140
9139,7387
9139,9141
9140,9139
9140,9142
9140,9143
7387,9144
7387,9139
7387,7382
9141,9139
9141,2185
9141,9145
9,9146
9,18
9,3
2157,2154
2157,9138
2157,9147
2157,9148
2158,2171
2158,2154
2158,2169
2158,9149
2159,9134
2159,2154
2159,9137
9149,9150
9149,2158
9149,2173
9149,9137
9149,9151
9138,9135
9138,2157
9138,9134
9147,2157
9147,9152
9148,14
9148,2157
9153,9154
9153,9155
9153,9156
9153,9157
9154,9153
9154,9158
9154,1094
9155,9159
9155,9160
9155,9153
9156,9161
9156,9153
9156,9162
9157,9163
9157,975
9157,9153
9164,9165
9164,9166
9164,9167
9165,9168
9165,9164
9165,9169
9165,9170
9165,9171
9166,9172
9166,9173
9166,9164
9167,9174
9167,9164
9167,9168
9175,9168
9175,9176
9175,9177
9175,9169
9168,9175
9168,9167
9168,9165
9176,9175
9176,953
9176,9162
9176,1065
9177,1066
9177,9175
9177,9174
9169,9175
9169,9161
9169,9165
9158,9162
9158,9178
9158,9154
9162,9176
9162,9158
9162,9178
9162,9156
9178,8015
9178,9158
9178,1094
9178,9162
9161,9169
9161,9156
9161,9179
9174,9167
9174,9177
9174,9180
9174,9181
8015,953
8015,9178
8015,954
953,9176
953,949
953,8015
953,1065
9182,9183
9182,9184
9182,9185
9183,1086
9183,9182
9183,9186
9184,9187
9184,9182
9184,9188
9185,9182
9185,8251
9185,9189
9190,1151
9190,9191
9190,9192
1151,9190
1151,9193
1151,1145
9191,1140
9191,9193
9191,9190
9192,9194
9192,9195
9192,9190
9196,9195
9196,7085
9196,1082
9195,9196
9195,9192
9195,9194
7085,9197
7085,9196
7085,1076
1082,9196
1082,1141
1082,1074
9180,1146
9180,9174
9180,9198
9181,9199
9181,9199
9181,9174
9200,1149
1149,1146
1149,9200
1149,1144
1149,9201
1066,9202
1066,9177
1066,1058
1065,1058
1065,9176
1065,953
9170,9203
9170,9165
9170,9204
9171,9205
9171,9206
9171,9165
1067,9202
1067,1061
1067,9207
9202,1067
9202,1064
9202,1066
9207,1067
9207,9208
9207,1147
1064,9202
1064,1061
1064,1058
307,8648
307,5115
9030,9029
9030,9209
9030,9210
9031,9029
1580,1577
1233,9211
1233,1235
1233,1229
1232,9211
1232,1228
1232,1229
1185,1180
9212,9213
9212,9214
9212,120
9212,6180
9213,9212
9213,9214
9213,6192
9213,125
9214,9212
9214,9213
9214,9215
9214,9215
120,125
120,113
120,9212
6180,9215
6180,9212
6180,6178
833,826
833,9216
1815,1814
1815,4176
1815,7998
4191,4176
4191,9217
4192,9218
4192,9219
4192,4176
4192,8225
8225,8014
8225,4192
8225,9220
8225,8017
8014,8225
8014,1832
8014,9221
9220,8004
9220,8225
9220,9219
9218,9222
9218,4192
9218,9223
9219,4192
9219,8007
9219,9220
1829,1832
1829,1828
1829,1826
1829,1825
9217,4191
9217,9224
8004,9220
8004,8017
8004,8002
8004,9225
958,959
958,964
958,956
9172,9166
9172,9226
9172,9204
9173,9166
9227,9228
9227,9229
9227,966
9228,9227
9228,9229
9228,9230
9228,9226
9229,9227
9229,9228
9229,977
966,9227
966,964
966,962
9230,9228
9226,9172
9226,9204
9226,9228
5216,5215
5216,5223
5216,5212
5222,5220
5222,9231
5222,9232
5222,9233
5223,5220
5223,5216
5223,9232
2046,5221
2046,470
2046,5219
1681,1703
1681,1679
1681,1627
1627,1622
1627,1703
1627,1681
1703,1630
1703,1627
1703,1681
975,971
975,9157
975,973
451,447
451,980
451,454
454,9234
454,451
454,9235
454,448
8694,8695
8694,9234
8694,5217
8695,8694
8695,9232
8695,5217
8695,9236
9234,454
9234,8694
9234,9236
6618,1957
5307,5371
5307,5303
5307,9237
5375,5371
5375,9237
5375,5373
9238,9239
9239,9238
9239,9240
9239,9241
9237,5307
9237,9241
9237,5375
9241,9237
9241,9242
9241,9239
5373,5375
5373,5370
5373,9242
9242,5373
9242,9240
9242,9241
4753,4752
4753,9243
4753,9244
9243,4813
9243,9245
9243,4753
9244,4753
9244,9246
9244,9246
9247,9248
9247,9249
9247,9250
9248,9246
9248,9247
9248,4754
9249,9251
9249,9252
9249,9253
9249,9247
9250,9254
9250,9247
9250,4754
9250,9255
4813,9243
4813,4663
4813,9256
9256,4813
9256,9257
9256,4814
9256,9245
9258,9259
9258,9253
9258,9260
9258,9261
9259,9258
9259,9262
9259,9263
9259,9264
9253,9258
9253,9265
9253,9260
9253,9249
9260,9266
9260,9258
9260,9253
9261,9258
9261,4666
9261,9267
9268,9269
9268,9270
9268,9271
9269,9268
9269,8323
9269,9272
9270,9268
9270,9273
9270,9272
9271,9274
9271,9268
9271,9275
9254,9250
9254,9276
9254,9277
9254,4754
9276,9254
9277,9254
4754,9254
4754,9248
4754,4752
4754,9250
9266,9278
9266,9260
9266,9262
9278,9257
9278,9266
9278,9279
9262,9263
9262,9259
9262,9266
8321,8318
8321,6261
8321,9280
8322,8318
8322,8319
8322,8325
8322,9281
8323,8319
8323,9269
8323,9282
9282,4796
9282,8323
9282,9272
9257,9283
9257,9256
9257,9278
9283,9257
9283,9284
9283,4814
9263,9284
9263,9284
9263,9262
9263,9259
9264,9259
9265,9253
9265,9252
9265,9279
9252,9249
9252,9285
9252,9265
9279,9265
9279,9278
9279,9245
8279,9286
8279,8276
8279,8280
8280,8279
8280,9274
8280,8276
9286,8279
9286,9287
9286,9287
9287,9280
9287,9286
9287,9286
6492,6489
9288,1010
1010,9288
1010,1002
1010,1001
1002,9289
1002,1010
1002,9290
1002,998
9289,9291
9289,1002
9289,9292
9290,1002
9290,9293
9290,9294
9295,6913
6913,9295
6913,6912
6913,9296
8615,8613
8615,7522
8615,9297
8616,9298
8616,8613
8616,9299
9298,8616
9299,8616
3939,167
3939,5979
3950,3945
3950,5740
3950,5740
6297,6295
6297,6318
6297,6305
9300,9301
9301,9302
9301,9300
9301,9303
3569,3566
3569,9304
3569,9305
3570,3566
3570,9306
3570,9307
9308,9309
9308,9310
9309,9308
9310,9308
9310,9311
9310,9312
9311,9313
9311,9310
9311,9314
9313,9311
9314,9315
9314,9311
9314,9316
9306,3570
9307,3570
3586,3583
3586,9302
3586,9317
9318,9319
9318,9320
9318,9321
9319,9318
9319,9322
9319,9320
9320,9318
9320,9319
9321,9318
9321,9323
9322,9319
51,45
51,5905
51,9324
9324,51
9324,9324
9324,9324
1406,1414
1406,1402
1406,1410
1406,1407
1407,1406
1407,1422
1407,1402
9325,9326
9326,9325
9326,9327
9326,9328
7554,9329
7554,325
7554,324
9330,9331
9330,9332
9330,9333
9331,9334
9331,9330
9331,224
9332,9335
9332,9336
9332,9330
9333,9337
9333,9330
9333,9338
7555,325
7555,9339
4454,1051
4454,9340
4454,325
7550,323
7550,5291
7550,9341
7551,9342
7551,9343
7551,323
7552,7555
7552,323
9344,9345
9345,9344
9345,9346
9347,9346
9346,9348
9346,9347
9346,9345
9315,9349
9315,9314
9315,9350
9349,9315
9350,9315
9350,9351
9350,9352
8030,4134
2236,2232
2236,2238
2236,2229
2233,7567
2233,9353
2233,2227
9354,9355
9354,9356
9355,9354
9355,9357
9355,9358
9356,9359
9356,9354
9356,9357
1380,1378
1380,9360
1380,9361
9360,1380
9360,9064
9360,9361
9361,9063
9361,1380
9361,9360
7462,4186
7462,7456
1371,1369
1371,9362
110,1381
110,1369
110,104
110,7459
7461,4186
7461,9363
7461,9364
9365,9366
9366,9367
9366,9368
9368,4916
9368,9367
4916,4912
4916,8810
4916,9368
9367,9369
9367,8811
4991,9370
9370,4911
9370,9366
2248,7647
2248,2244
2248,9371
7647,7570
7647,7571
7647,2248
9371,7646
9371,9372
9371,2248
2273,7675
2273,2271
2273,2270
9373,2310
9373,9142
2310,9373
2310,2308
2310,9143
2310,2307
9142,9140
9142,9373
14,9135
14,9148
14,10
9137,9149
9137,9134
9137,2159
9137,9150
9150,9149
9150,9136
9150,9137
2173,4
2173,2171
2173,9149
9151,9149
9152,9147
9152,2164
2164,9152
2164,2156
2164,2165
2164,2165
2165,2164
2165,2164
2165,2156
5938,5934
5941,5935
5941,9374
5941,9375
9376,9377
9376,9378
9376,5937
9377,9376
9377,9379
9377,9380
9378,9381
9378,7399
9378,9376
5937,9376
5937,9382
5937,9383
5937,5933
9384,9374
9374,5941
9374,9384
9374,9385
9374,9386
9381,9378
9381,9387
9381,9388
9381,9389
7399,9390
7399,9378
7399,7397
9379,9377
9380,9377
9387,9381
9387,9391
9387,9392
9387,9393
9388,9381
9389,9381
9390,7399
5950,9394
5950,5985
5950,5945
5986,5984
5986,9395
5986,9396
9395,5986
9396,5986
7398,7397
7398,9397
7398,9398
5987,9399
5987,5984
5987,9400
9391,7466
9391,9401
9391,9387
9392,9387
9393,9387
9397,7398
9398,7398
9402,7466
7466,9402
7466,7392
7466,9391
9401,9391
9401,9399
9401,9403
2185,9141
2185,2180
2185,7390
2185,2309
2309,2307
2309,9143
2309,2186
2309,2185
7465,7392
7640,7639
7640,1366
7640,9404
7640,9405
7641,1359
7641,9406
9107,8138
9107,9407
9407,137
9407,9107
8428,6994
8428,9408
9408,9107
9408,9409
9408,9099
9410,9411
9410,9412
9410,3857
9411,9413
9411,9410
9411,9414
9411,9415
9412,9416
9412,9410
9412,9417
3857,9418
3857,3853
3857,9410
8447,8446
8447,9419
8447,2305
9419,9420
9419,9421
2305,2302
2305,8447
2305,8443
8881,8446
8881,9422
8881,8444
9422,9423
9422,8881
9422,9424
1872,9425
1872,9426
1872,1868
9425,9427
9425,1872
9425,9428
9426,9428
9426,1872
9426,1889
1881,9429
1881,1871
1881,1877
6914,9296
6914,8402
6914,6912
9430,9431
9430,5059
9430,5057
9430,9432
9431,9433
9431,9430
9431,9432
5059,9430
5059,6507
5059,5052
5057,5047
5057,5050
9432,9431
9432,9434
9432,9430
9432,9435
5056,5050
5056,8410
5056,7229
7229,8409
7229,6536
7229,5056
9436,9437
9436,9438
9436,9439
9437,9436
9437,9440
9437,9441
9437,9442
9438,9436
9438,9441
9438,9443
9439,9442
9439,9444
9439,9436
8412,8409
9442,9439
9442,9445
9442,9437
9444,9446
9444,9439
9444,7230
9440,9437
9440,9447
9440,9448
9447,9440
9448,9449
9448,9450
9448,9440
9448,9451
9452,9446
9446,9452
9446,9444
9446,9445
352,9453
352,349
352,8038
353,8089
353,9454
353,349
5805,9455
5805,3952
5805,9456
5806,9457
5806,8982
5806,3952
7511,9457
7511,7506
7511,9458
9457,7511
9457,5806
9457,9459
9458,9460
9458,7511
9458,8981
7482,7471
8982,8980
8982,5821
8982,5806
7470,1537
7470,7514
7470,1532
7514,7470
7514,8981
7514,7513
8981,7514
8981,8980
8981,9458
5822,7494
5822,5819
5822,8990
5748,5836
5748,5701
5748,9461
9462,794
9462,9463
9462,9464
794,9462
794,791
794,9464
9463,9465
9463,9462
9463,9466
9464,9467
9464,9462
9464,794
6005,9468
6005,9469
6005,6003
8619,6008
189,193
189,6018
6018,9470
6018,6016
6018,6015
9470,9471
9470,6018
9470,9472
6029,186
6029,6030
6030,3990
6030,192
6030,6029
8624,8621
8623,8621
8623,8620
8623,7523
7523,6323
7523,7520
7523,8623
8622,8620
8330,8333
8330,8333
8330,165
162,158
162,7517
162,1526
163,7369
163,158
163,156
7517,7347
7517,6309
7369,163
7369,157
1524,7505
1524,1522
1524,1522
7509,9455
7509,7505
7509,7512
7510,9473
7510,8978
7510,7505
9455,5805
9455,7509
9455,9459
9456,5805
9456,7516
9456,9474
9475,5423
9475,9476
5423,9475
5423,5418
5423,9477
9476,9478
9476,1284
9479,9480
9479,9481
9479,7288
9480,9482
9480,9479
9480,9483
9481,9479
9481,8674
9481,9483
7288,7285
7288,7284
7288,9479
8674,345
8674,347
8674,9481
9483,9481
9483,9484
9483,9480
965,962
965,977
965,963
977,972
977,9229
977,965
9485,967
9485,968
9485,9486
967,9485
967,9487
967,959
968,963
968,9485
968,8013
9486,9488
9486,9485
9486,9489
9490,9491
9490,9492
9490,9492
9491,9493
9491,9493
9491,9490
9492,9494
9492,9490
9492,9490
9493,9495
9493,9491
9493,9491
9494,9492
9494,9496
9494,9495
9496,9494
9496,9497
9496,9498
9496,9499
9495,9493
9495,9500
9495,9494
8013,1099
8013,968
8013,8011
9500,9495
9487,967
9488,9486
9489,9501
9489,8012
9489,9486
7590,7619
7590,7585
7590,7655
9502,7663
9502,9503
9502,7668
7663,7655
7663,9502
7663,7679
9503,7669
9503,9502
9503,7668
7668,7665
7668,9502
7668,9503
7570,7647
7570,9504
7570,2235
9504,7570
9504,2247
9504,2216
9505,9506
9505,9507
9505,9508
9506,9509
9506,9505
9506,9510
9506,9511
9507,9512
9507,9512
9507,9505
9508,9505
9508,9513
9513,9508
9513,9514
9513,9511
9514,9513
9514,5208
9511,9515
9511,9506
9511,9513
9516,5208
9516,9517
9516,9515
5208,9516
5208,9514
5208,5204
9517,9516
9515,9511
9515,9516
9515,9518
9509,9506
9509,9518
9509,9519
9510,9519
9510,9506
9510,9520
9518,9521
9518,9509
9518,9515
9519,9510
9519,9522
9519,9509
9521,9518
9523,9520
9520,9523
9520,9510
9520,9512
8680,5205
8680,9524
8680,8696
8681,5205
9524,8680
9524,9525
9524,9526
8696,8682
8696,9527
8696,8680
9522,9519
9522,9497
9522,8689
9525,9524
9525,9528
9525,9529
9528,9525
9528,8687
9528,9530
9529,9525
4150,4147
1661,1656
1104,9531
1104,1103
1104,9532
9531,1104
9532,1099
9532,1104
9532,1101
9533,8878
9533,9534
9533,9535
8878,8444
8878,9536
8878,9533
9534,9533
9534,9537
9534,9536
9535,9538
9535,9423
9535,9533
9423,9535
9423,9422
9423,9538
9538,9535
9538,9539
9538,9540
9538,9423
4486,4481
537,7370
537,146
8257,9541
8257,9542
8257,8255
8258,8255
9543,4282
9543,9544
9543,8259
4282,9543
4282,4279
4282,9545
9544,9546
9544,9543
9544,4283
8259,8256
8259,9547
8259,9543
779,9548
779,776
779,9549
780,780
780,780
780,776
8973,8971
9550,9551
9550,9552
9550,9553
9550,9554
9551,9550
9551,9555
9551,9556
9552,9557
9552,9553
9552,9550
9553,9550
9553,9552
9553,9558
9554,9550
9557,9552
9557,9559
9557,9560
9557,9561
9558,9562
9558,9553
9558,9563
15,16
15,2257
15,11
16,15
16,9564
16,11
9565,9566
9565,9565
9565,9565
9566,9565
9566,9471
9566,9567
9471,9566
9471,9568
9471,9470
9568,9471
9568,5968
9568,9569
9472,9470
6323,7523
6323,6322
6323,6320
6320,6319
6320,7519
6320,6323
6321,9570
6321,7521
6321,6319
9570,6311
9570,6321
9570,9571
6311,6307
6311,9570
6311,9572
9572,6311
4895,7343
4895,3957
4895,9573
3958,9574
3958,3919
3958,9575
9460,9458
7477,7473
7477,9576
7477,9577
7478,9577
7478,9578
7478,7473
4712,4709
4712,8273
4712,4002
8273,4845
8273,6276
8273,4712
4062,3822
4549,9579
4549,4546
4549,9580
9579,9581
9579,9582
9579,4549
9580,9583
9580,9584
9580,9585
9580,4549
3057,3530
3057,3053
3057,3532
2852,2810
2852,2788
2852,9586
2810,2852
2810,2809
2810,2787
9586,2852
2743,2742
2743,2765
2743,2740
2742,2743
2742,2579
2742,2740
2513,2510
2513,9587
2513,2508
2514,2510
2514,9588
2514,2688
2688,2687
2688,9589
2688,2514
9589,9590
9589,2688
9589,9591
2661,2657
2661,2678
2661,9592
9593,9594
9593,9595
9594,9593
9594,9596
9594,9597
9595,84
2678,9598
2678,2661
2678,2669
9592,2661
9598,2678
2532,2531
2532,2539
2532,2529
2677,2669
2631,2619
1553,9599
1553,107
1553,1546
9599,1553
9599,9600
9599,9027
107,103
107,1553
107,9601
1173,1170
1173,9602
1173,9603
9604,9605
9604,122
9605,9604
9605,9606
9605,9607
122,114
122,9604
122,9608
5058,5052
5058,9609
5058,1941
5055,5049
5055,5051
5055,9610
9611,9129
9611,9612
9611,9613
9129,9611
9129,9613
9129,9126
9612,9614
9612,9604
9613,9611
9613,9615
9613,9129
9606,9605
9606,8644
9606,9611
8644,9606
8644,8642
8644,5026
5026,1769
5026,8644
5026,8642
7220,460
7220,7190
7220,9616
9616,7220
9616,9617
6481,6477
6481,7099
9144,7387
9618,9619
9618,9620
9618,9621
9619,9618
9619,9622
9620,9618
9620,9623
9620,9624
9621,9625
9621,9618
9621,9626
4996,928
4987,4910
9627,9628
9627,4088
9627,9629
9628,9627
9628,9630
9628,9267
4088,3989
4088,9627
4088,9631
9629,9632
9629,9627
9629,6345
9629,9633
392,9634
392,388
392,9635
9634,4792
9634,9636
9634,392
9635,9637
9635,9638
9635,392
371,369
372,9639
372,369
372,6667
4723,4686
4723,4759
4723,9640
4773,4646
4774,4695
3647,3649
3647,3697
3647,3641
3697,3647
3697,3649
3697,3693
3978,3979
3978,3974
3978,4700
3979,3978
3979,4962
3979,3974
4700,4698
4700,3978
4700,9641
4701,4632
4701,9642
4701,4698
9643,7127
7127,2921
7127,9643
7127,9644
9644,7127
9645,2980
2980,9645
2980,2975
2980,9646
2102,266
2102,2100
2102,9647
5062,3095
7451,2995
7450,2995
7450,2125
7450,9648
1470,9649
1470,1466
1470,5439
5438,1487
5438,9650
5438,9651
5439,1470
5439,1487
5439,9649
9649,9652
9649,1470
9649,5439
9652,9649
9652,9653
9652,1473
9653,9654
9653,9652
9653,9655
1473,9652
1473,1467
1473,5599
1474,5599
1474,9656
1474,1467
5599,1474
5599,5487
5599,1473
9656,5597
9656,5540
9656,1474
5597,5486
5597,9656
5597,9657
5540,9656
5540,5538
5540,9658
9659,5485
9659,5600
9659,1275
5485,9660
5485,5481
5485,9659
5600,9654
5600,5487
5600,9659
1275,1269
1275,9659
1275,9654
9654,5600
9654,9653
9654,1275
5606,654
5606,5558
5606,651
5558,651
5558,5554
5558,5606
651,5558
651,610
651,5606
5559,5633
5559,5555
5559,654
5633,5559
5633,5668
5633,5500
5560,5669
5560,5555
5560,5668
5299,9661
5299,9662
5299,5295
9661,5299
9661,9663
9661,9664
9662,9665
9662,5299
9662,9663
3249,5131
3249,3411
3249,8598
3249,3244
9666,9667
9666,4044
9666,8918
9667,9668
9667,9666
9667,9669
4044,4041
4044,9666
4044,9670
4044,4436
8918,9671
8918,9670
8918,9666
8918,8915
9670,8918
9670,4044
9670,8920
4436,4046
4436,3898
4436,4044
9668,9672
9668,9667
9668,9671
9672,9668
9672,9673
9672,9674
9671,4086
9671,9668
9671,8918
3238,3116
3238,3232
3238,3118
6617,9665
6617,2017
6617,9675
9665,6617
9665,9662
9665,9676
9675,9677
9675,6617
9675,9678
6616,2017
9679,9680
9679,9681
9679,9682
9680,9679
9680,9683
9680,9684
9681,9679
9681,9685
9681,9686
9681,9687
9682,6854
9682,6855
9682,9679
8598,8597
8598,8596
8598,3249
9688,9685
9688,9689
9688,9690
9685,5387
9685,9688
9685,9681
9689,9688
9689,9691
9689,9687
9690,9688
9690,9692
9690,9693
5387,5383
5387,9685
5387,5390
5388,9693
5388,9694
5388,5383
9693,5388
9693,9690
9693,9695
9694,5388
8502,8500
8502,8887
8502,9696
8503,8500
8503,9697
8503,6702
8503,8887
3400,3397
47,1440
47,42
47,1439
8532,9698
8532,4452
9698,9699
9698,8532
9698,9700
4434,4430
4434,4430
4434,4429
4430,4427
4430,4434
4430,4434
9701,9702
9701,9703
9702,9704
9702,9421
9702,9703
9703,9705
9703,9702
9703,9706
4115,8437
4115,9707
4115,4112
8437,4115
8437,8435
8437,8434
9707,4115
2207,7599
2207,2204
2207,9708
7599,2207
7599,7687
7599,7594
9708,9709
9708,2207
9708,9710
7687,7654
7687,7599
7687,2209
7654,7687
7654,7688
7654,7603
9122,9121
9122,8705
4231,4226
4231,9711
4231,4262
4232,4226
6681,9712
6681,6679
9712,6681
9712,814
9712,9713
8711,8705
8711,9714
9714,9122
9714,9119
9418,3857
9418,9715
9418,9716
4096,9717
4096,4026
4096,9718
4097,4026
4097,9719
4097,4940
7257,7252
9720,9721
9721,9722
9721,9720
9721,1087
7998,9224
9224,465
9224,9217
8007,1816
8007,9219
8007,1810
7265,7245
7265,7244
7265,7247
7244,7265
7244,7241
7244,7264
9539,9538
9539,9723
9539,9724
9723,9725
9723,9539
9723,9726
9724,9539
9724,9540
9724,9727
3497,9728
3497,9729
9730,9731
9731,9732
9731,9733
7648,7686
7648,7588
7648,7689
9709,9708
9709,7661
9709,7598
9710,9708
7670,7667
7670,9734
7670,9735
7564,7674
7564,7675
7564,7565
7280,9736
7280,9737
7280,7274
9736,7280
9736,7275
9736,9738
9737,9738
9737,2194
9737,7280
9738,9739
9738,9737
9738,9740
9738,9736
2194,9740
2194,9737
2194,440
7275,9736
7275,7272
7275,9739
9739,9738
9739,9741
9739,7275
9740,9741
9740,2194
9740,9738
9741,9740
9741,9739
9741,9742
9742,9741
8663,7279
8663,9743
8663,7276
4152,7267
4152,4144
4152,9744
8449,8448
8449,7672
8449,9745
7672,8449
7672,2193
7672,9746
9745,9747
9745,8449
9745,9748
8882,8446
8882,9749
7516,5774
7516,9456
7516,9750
7334,5773
7334,5779
7334,5779
9751,6281
9751,6280
6281,9751
6281,9752
6281,9753
6281,6278
6280,6270
6280,6278
9754,9755
9755,9754
9755,5778
9755,5804
9756,7342
9756,9757
9756,9758
7342,9756
7342,7339
7342,9573
9757,9756
9757,9759
9757,9760
9758,9761
9758,9756
9758,9759
9760,7365
9760,7363
9760,9757
7365,9760
7365,7362
7365,7353
7363,7352
7363,9762
7363,9760
4826,4822
4826,4887
4826,9763
4891,6265
4891,4889
4891,4737
4827,4822
4827,7362
4827,6265
7362,7365
7362,7359
7362,4827
4876,9764
4877,9765
9764,9766
9764,4831
9767,4873
9767,4888
9768,9767
9768,4887
4730,9768
4730,9769
9769,4730
9769,9770
9769,9770
9765,9771
9765,4876
9771,9766
9771,153
9766,4667
9766,9764
9772,9767
9772,4875
9773,9772
9773,9768
4731,9773
9774,4731
155,5748
155,9461
9461,9775
9776,9774
9776,4707
4707,9774
4707,4706
9775,9776
9775,9777
9777,9778
9777,9779
5836,5834
5836,5748
5836,5802
5802,5766
5802,5836
5802,5834
5835,5781
5835,9780
5835,5765
5781,9780
5781,5749
5781,5835
9780,5781
9780,5835
9780,9779
4069,4067
4069,5814
4069,5814
9323,9781
1141,1138
1141,1082
1141,9194
1127,1123
1127,8054
1127,9782
8055,8054
795,5970
795,791
795,9783
5968,9784
5968,9568
5968,5963
9784,9785
9784,5968
9784,9786
9784,9569
8768,8767
8769,9787
8769,8767
8769,9788
1812,4188
1812,4189
4185,4189
4185,4175
1810,1809
1810,1644
1810,1808
9789,9790
9789,9791
9789,9792
9790,9793
9790,9789
9790,9794
9791,9789
9791,9795
9791,8688
9792,8688
9792,9789
9792,9796
9236,9233
9236,9235
9236,9234
9236,8695
3034,3039
3034,9797
3034,3031
3207,3204
3207,2612
3207,3302
3193,3196
3193,3187
3193,9798
7213,6479
7213,8871
7213,7214
7214,6928
7214,6931
7214,7213
6480,8873
6480,6479
6480,6482
6480,6476
7219,9450
7219,7198
7219,9445
9450,8402
9450,7219
9450,9448
9445,9442
9445,7219
9445,9446
7185,6494
7757,7024
7757,7432
7028,7909
7028,7024
7028,9799
7724,9800
7724,7720
7724,9801
6525,8062
6525,6524
6525,6523
6525,6519
8063,8062
6523,6525
6523,6519
6523,7981
6524,6525
6524,6519
6524,6527
8719,8717
8719,9802
8719,9803
9802,8949
9802,9804
9803,9805
9803,9719
9803,8719
8416,9806
8416,1797
8416,9807
8417,1797
8418,9808
8418,1798
8418,1797
9099,9408
9099,8428
9099,6992
443,438
444,1937
444,2265
444,438
9809,1940
9809,1929
9809,9810
1940,9811
1940,1937
1940,9809
1929,9812
1929,9809
1929,1926
9810,9813
9810,9809
9810,1928
6427,6421
9433,9431
9433,9814
9433,9815
9814,9435
9814,9443
9814,9433
9814,9816
9815,8413
9815,9816
9815,9433
7230,9444
7230,6536
7230,8411
8414,8411
8414,9816
8414,8413
8097,8095
8097,9817
6948,6946
6948,6941
6948,8095
6948,9818
9484,9483
9484,9482
9484,9819
334,9820
334,8863
334,330
1053,9821
1053,8863
9821,1053
9821,9329
9821,9329
2051,1115
2051,9822
2051,9823
2051,2050
1502,1497
1502,9822
1502,1115
7918,7922
7918,8042
7921,7908
7922,7918
7922,7908
7922,9824
7438,8052
7438,7435
7438,9825
7438,7436
7439,9826
7439,9825
7439,7755
7439,7435
9826,7439
9826,7955
9826,9827
9826,9828
9825,7439
9825,7438
9825,7752
7755,7749
7755,7439
7755,7983
7752,7748
7752,9825
7752,7749
7756,7983
7756,7981
7756,9829
7756,7749
7981,7756
7981,7979
7981,6523
7982,7984
7982,7979
7982,9828
7983,7756
7983,7979
7983,7755
7984,7982
7984,8169
7984,7980
1855,9830
1855,9831
1855,1851
9830,1855
9830,9832
9830,9831
9831,9429
9831,1855
9831,9830
9429,9831
9429,1881
9429,9833
6522,7161
6522,8196
6522,6528
6528,6522
6528,7154
6528,7157
8199,9834
8200,8216
8200,8209
8200,8196
8198,8195
8198,8207
8198,8209
8198,8205
7162,9835
7162,8197
7162,9836
8201,8195
8201,8197
8201,9837
134,9836
134,128
134,8197
9409,9408
9409,9101
9409,9838
132,9839
132,128
132,129
133,128
133,9840
133,9841
137,9838
137,130
137,9407
137,8136
9838,137
9838,9409
9838,9840
8136,139
8136,9407
8136,137
135,129
135,9842
135,9842
135,9843
135,9843
9842,135
9842,135
9842,9844
9843,135
9843,135
9843,9839
9832,9830
9832,9845
9832,1879
9833,9846
9833,1853
9833,9429
345,8674
345,8671
345,343
8733,5832
8733,9847
8733,8731
8760,5673
8760,8886
8760,9848
4159,390
4159,4156
4159,386
390,387
390,4159
390,386
1283,9849
1283,1279
1283,9850
1284,1280
1284,1277
5379,1482
5379,5411
5379,1490
1490,1488
1490,5750
1490,5379
9658,9851
9658,9852
9658,5540
5449,9853
5449,5385
5449,9854
5449,5443
9853,5444
9853,5449
9853,9855
5385,5382
5385,5449
5385,9856
9854,9857
9854,9858
9854,5449
9657,9859
9657,5597
9657,9860
9852,9859
9852,9658
9852,9861
9859,9852
9859,9657
9859,9862
9861,9863
9861,9852
9861,9851
9860,9864
9860,5598
9860,9657
9865,9866
9865,9867
9865,5444
9866,9868
9866,9865
9866,9869
9866,9855
9867,9870
9867,9865
9867,9869
9867,5445
5444,9865
5444,9853
5444,5441
9871,9872
9871,9873
9871,9874
9872,9871
9872,9875
9872,9876
9872,9877
9873,9878
9873,9871
9873,9879
9874,9871
9874,9876
9874,9880
9881,9882
9881,9883
9881,9884
9882,9885
9882,9886
9882,9881
9882,9887
9883,9888
9883,9881
9883,5448
9884,9881
9884,70
9884,9889
9890,9886
9886,9890
9886,9891
9886,9882
9870,9892
9870,9893
9870,9867
9870,9894
9869,9895
9869,9867
9869,9866
9869,9896
5445,9867
5445,5447
5445,5441
9878,9873
9878,9897
9878,9877
9897,9898
9897,9878
9897,9899
9877,9878
9877,9900
9877,9872
9891,9901
9891,9887
9891,9886
9902,9903
9902,9885
9902,9904
9903,9905
9903,9902
9903,9906
9885,9907
9885,9902
9885,9882
9904,9906
9904,9888
9904,9902
9887,9891
9887,9882
9887,9908
9887,9909
9907,9885
9907,9910
9907,9911
9892,9912
9892,9870
9892,9896
9893,9870
9893,9913
9893,9914
9894,9915
9894,9870
9894,9911
9894,9916
9917,9918
9917,9919
9917,9920
9918,9921
9918,9858
9918,9917
9919,9922
9919,9923
9919,9917
9919,9924
9920,9925
9920,9917
9920,9920
9920,9920
9899,9926
9899,9927
9899,9897
9926,9899
9926,9928
9926,9929
9927,9899
9927,9930
9927,9931
9930,9927
9931,9924
9931,9927
9931,9932
9901,9891
9922,9919
9924,9933
9924,9919
9924,9931
9932,9931
9908,9887
9909,9910
9909,9934
9909,9887
9910,9907
9910,9909
9910,9935
9934,9909
9934,9936
9934,9937
9933,9938
9933,9939
9933,9924
9923,9919
9923,9923
9923,9923
9940,9941
9941,9942
9941,9940
9941,9943
9942,9941
9942,9944
9942,9945
9943,9946
9943,9941
9943,9947
9944,9942
9944,9948
9944,9949
9945,9950
9945,9942
9945,9951
9950,9945
9950,9952
9950,8960
9952,9953
9952,9950
9952,9954
8960,8958
8960,9950
8960,9955
8960,9951
4030,9956
4030,3888
4030,9957
4031,9958
4031,3891
4031,9957
4031,3888
9956,9959
9956,9957
9956,7486
9956,4030
9957,9960
9957,4031
9957,9956
9957,4030
9960,9957
9959,9956
9958,4031
9961,9962
9961,9963
9961,9578
9961,7485
9962,9961
9962,9964
9962,9965
9962,9966
9963,9965
9963,9967
9963,9961
9578,9966
9578,9961
9578,7478
7485,7483
7485,9961
7485,9968
9969,9970
9969,9971
9969,9972
9969,9973
9970,9974
9970,9969
9970,9975
9970,9976
9971,9975
9971,9977
9971,9969
9971,9978
9972,9979
9972,9969
9972,9967
9973,9980
9973,9969
9973,9981
9975,9971
9975,9964
9975,9982
9975,9970
9977,9982
9977,9983
9977,9971
9978,4108
9978,9971
9978,9984
9985,9980
9985,7486
9985,9986
9980,9985
9980,9973
9980,9987
7486,9956
7486,7483
7486,9985
9986,9985
8331,161
8331,9988
7139,6100
3674,3669
3674,3675
3674,3827
3675,3674
3675,3755
3675,3669
6245,9989
6245,3827
6245,9990
9989,6245
9989,9991
9989,3756
9990,6245
9991,9989
3756,3755
3756,9992
3756,9989
6247,6242
6243,6246
6243,4543
6243,9993
6244,4543
6246,6242
6246,6243
6246,9994
9993,6243
9994,6246
7452,2125
2977,2973
9648,7450
2976,9995
2976,9996
2976,2973
5097,3098
2454,9997
2454,3098
2454,2451
9997,2454
5096,3097
5102,5101
3106,3101
2963,2960
2964,2960
5095,5093
5091,5089
5091,9998
5091,9999
9998,5091
9999,5091
5092,5089
2984,2982
94,96
94,3307
1541,9595
1541,9593
100,99
100,10000
100,10001
1540,10002
1540,83
1540,10003
10002,1540
10002,10004
10002,10005
10003,10006
10003,10005
10003,1540
9596,10004
9596,9594
9596,2672
10004,10002
10004,9596
10004,10007
2672,9596
2672,2670
2672,2698
10007,10004
2047,472
2131,340
2131,341
7080,9617
7080,9616
9617,338
9617,7080
9617,7221
1879,9832
1879,1876
1879,8670
9752,6281
9752,10008
9753,10009
9753,10008
9753,10010
9753,6281
10009,9753
10009,9751
10008,9753
10008,10011
10010,4837
10010,10011
10010,4838
10010,9753
7126,2466
7126,6911
2798,10012
2798,2803
2798,2793
10012,10013
10012,2798
10012,2804
10014,6473
6473,6405
6473,1946
6473,10014
7218,7215
7237,7234
7237,10015
7237,1883
7258,7268
7258,10016
7260,7233
7260,7239
10017,10018
10018,7260
7253,1904
10019,10020
10020,10021
10020,10019
10021,10017
10021,10022
10023,10024
10024,10023
10024,8238
10024,10025
8238,10024
8238,7254
8238,10026
10026,8238
7589,7585
7589,2239
7589,7655
2239,7678
2239,2237
2239,7589
5053,1916
5053,1933
10027,8538
10027,9699
10027,8532
8538,8537
8538,10027
8538,10028
9699,9698
9699,10027
9699,10028
7939,10029
7939,10030
7940,10031
7940,10032
7940,7935
10029,7939
10029,10033
10029,10034
10030,7944
10030,7939
10030,10035
6426,10036
6426,10037
6426,6420
10036,10038
10036,6426
10036,6422
10037,10039
10037,10040
10037,6426
10038,10036
6422,6419
6422,10039
6422,10036
10039,6422
10039,10037
10039,10041
10040,10037
10040,10042
10040,10043
10044,5134
5134,5132
5134,5131
5134,10044
5135,5132
584,10045
584,580
584,586
1025,1020
7308,7305
7308,7305
7308,1022
1022,1019
1022,7308
1022,10046
8093,8101
9817,10047
9817,6942
10048,8103
10049,10050
10049,10048
10050,10047
10050,8097
10051,10049
8110,8109
8110,10051
10052,8115
10052,10051
8113,10052
8132,8116
8132,8113
10053,10054
10053,10055
10053,10056
10054,2266
10054,10057
10054,10053
10055,10058
10055,10058
10055,10053
10056,10059
10056,9610
10056,10053
5958,5954
5958,5953
5958,10060
7396,5959
7396,5958
7396,10061
10060,10062
10060,5958
10060,10063
10062,10062
10062,10062
10062,10060
10063,10064
10063,10060
10063,10065
10061,10066
10061,10067
10061,7396
10066,10061
10066,10068
10066,10069
10067,10061
10067,10070
10067,10065
10071,10068
10068,10066
10068,10072
10068,10071
1941,5049
1941,1938
1941,5058
7722,7427
7722,10073
7722,10074
10073,10075
10073,7722
10073,10076
10074,10077
10074,7722
10074,10078
10074,10079
7733,7430
7733,7729
7733,7429
7734,8034
7734,10080
7734,7729
7734,10081
7736,10082
7736,7735
7736,10083
10082,7736
10082,9801
10082,10084
10083,10085
10083,10085
10083,7736
140,8136
140,130
7103,1015
7103,10086
10086,10087
10086,10088
6733,6791
6733,6727
6733,8142
6733,6833
6833,6831
6833,10089
6833,6733
10057,10090
10057,10054
10057,10091
10090,10057
10090,8463
10090,10092
10091,10093
10091,10094
10091,10095
10091,10057
5258,5255
5258,5253
5258,10096
5261,10097
5261,5255
5261,10098
10098,34
10098,5261
10098,10099
34,30
34,10098
34,35
10099,10098
35,30
35,56
35,31
70,1273
70,65
70,9884
71,10100
71,10101
71,65
213,7166
213,207
213,10102
7167,7166
8743,8741
8743,10103
8743,8856
8861,5315
8861,8860
8861,10104
8862,10105
8862,10106
8862,8860
5315,5314
5315,8861
5315,10107
10104,10108
10104,8861
10104,10106
10106,10109
10106,10104
10106,8862
10109,10108
10109,10106
10109,10105
10108,10109
10108,10104
10108,10110
10108,10111
10105,8862
10105,10112
10105,10109
10110,10108
10110,10107
10110,10107
10111,10113
10111,10113
10111,10108
10113,10111
10113,10114
10114,10115
10114,10115
10114,10113
5530,5523
5530,7124
1547,1543
145,4120
145,143
145,141
4123,4120
4123,9744
4123,2267
4145,7262
4145,4132
4145,4142
4132,4128
4132,4142
4132,4145
10116,7249
7249,7243
7249,10116
7249,7263
4133,7261
4133,10117
4133,4128
7263,10118
7263,7249
7263,7261
10117,4135
10117,10119
10117,4133
346,8669
346,4149
346,343
7292,7221
7292,2129
7292,340
4136,8438
4136,4117
4136,8434
4137,4117
8438,7577
8438,4136
4138,7577
4138,144
4138,4139
4139,7577
4139,4125
4139,8438
7999,7997
7999,1816
1816,1814
1816,8007
1816,7999
7896,2048
7896,7992
9193,10120
9193,1151
9193,9191
9193,10121
9193,1148
10120,9193
10121,10122
10121,1148
10121,9193
1148,1144
1148,10121
1148,9193
1140,1138
1140,9191
1140,10123
10124,1909
10124,10125
10125,10126
10125,10127
10125,10124
1915,1911
1928,1925
1928,1926
1928,9810
6025,6024
5993,10128
5993,6024
5993,5990
10128,5993
5994,5990
10064,10063
10065,10063
10065,10067
10065,10129
7394,7393
7394,7396
7394,10130
7395,10131
7395,10132
7395,7393
10129,10065
10130,7394
10070,10067
10069,10066
10072,10068
10131,7395
10131,7394
10131,10133
10132,10134
10132,7395
10133,10131
10134,10131
10134,10132
10134,10135
10135,10134
2247,2244
2247,7580
2247,9504
2216,9504
2216,2212
2216,2222
5804,5776
5804,3951
5804,9755
5778,9755
5778,5770
5778,5777
3783,3782
3783,10136
3783,10137
10136,3783
10136,3780
10136,9123
10137,4252
10137,10138
10137,10139
10137,3783
6429,10140
6429,6421
6429,10041
8672,8669
8672,8029
8672,4131
9609,10141
9609,10142
6028,6026
5983,5980
5936,5933
5946,5943
9394,5950
5949,5945
7227,7207
10143,10144
10143,9163
10143,10145
10144,9160
10144,10143
10144,10146
9163,10143
9163,9157
9163,10147
10145,10148
10145,10143
10145,10146
10145,10147
10147,10149
10147,10145
10147,9163
10149,10147
10149,10148
10149,10150
9160,9155
9160,10144
9160,10151
10146,10152
10146,10144
10146,10153
10146,10145
10148,10145
10148,10152
10148,10149
10150,9203
10150,973
10150,10149
10151,10153
10151,9159
10151,9160
10152,10146
10152,10154
10152,10148
10153,10154
10153,10151
10153,10155
10153,10146
9159,10156
9159,9155
9159,10151
10156,9179
10156,9159
10156,10155
10154,10153
10154,10157
10154,10152
10155,10157
10155,10156
10155,10158
10155,10153
9179,10159
9179,10156
9179,9161
10157,10155
10157,9206
10157,10154
10158,9206
10158,10159
10158,9205
10158,10155
9206,10158
9206,9171
9206,10157
10159,9179
10159,10158
10159,9205
9205,9171
9205,10158
9205,10159
10160,9201
9201,10160
9201,9198
9201,1149
2254,2230
2254,2253
2254,2250
7389,7385
7389,9145
7389,10161
9145,10162
9145,9141
9145,7389
2175,2172
2175,10163
2175,2176
6,4
6,2
6,2172
7221,7292
7221,9617
7221,7190
2129,2127
2129,7292
2129,7223
1094,9178
1094,1092
1094,9154
1086,1084
1086,9183
1086,10164
10164,10165
10164,1086
10164,10166
10167,10166
10166,10167
10166,10168
10166,10164
10165,10169
10165,10164
10165,10170
10169,10165
10170,10168
10170,10171
10170,10165
9208,9207
9208,10172
9208,9197
1147,10173
1147,1143
1147,9207
10173,1147
10173,10174
10173,10175
1078,1072
1078,1076
1078,10176
10174,1150
10174,10175
10174,10173
10175,10172
10175,10174
10175,10173
10172,10175
10172,10177
10172,9208
9197,7085
9197,9208
9197,10178
1150,1145
1150,10174
1150,10179
10177,10179
10177,10172
10177,10178
10179,10177
10179,1150
10179,10178
10178,10177
10178,9197
10178,10179
7084,1075
7277,10180
7277,7274
7277,7273
10180,7277
10180,2200
10180,10181
7278,7273
7278,2267
7278,10181
7278,9744
2267,2263
2267,4123
2267,7278
10181,2268
10181,10180
10181,7278
9744,4123
9744,4152
9744,7278
7279,8663
7279,10182
7279,7273
8029,8672
8029,4130
8029,10183
4131,4149
4131,8672
4131,4127
3475,10184
3475,3474
3475,10185
10184,3475
10185,3456
10185,3475
10185,10186
10187,3456
10187,10188
10187,10189
10187,10186
3456,10187
3456,10185
3456,3454
10188,10187
10188,3459
10188,10190
10189,10190
10189,10187
10189,6571
10186,6572
10186,10187
10186,10185
10190,10191
10190,10189
10190,6571
10190,10188
10190,5890
6571,10190
6571,6560
6571,10189
10191,3461
10191,10190
10191,5890
5890,5887
5890,10191
5890,10192
5890,10190
3460,3458
3460,6051
3460,3461
5857,5854
5857,5855
5857,5886
5857,3083
3083,3080
3083,5857
3083,10192
9296,10193
9296,6914
9296,6913
10193,9537
10193,9296
10193,10194
10195,10196
10196,9623
10196,10197
10196,10195
9465,10197
9465,9463
9465,9466
9466,9463
9466,10198
9466,9465
10197,10196
10197,9465
10197,10199
10198,9466
9623,9620
9623,10196
9623,10200
9624,9620
9622,9619
6034,10201
6034,9726
6034,6032
6035,6032
10202,7076
10202,6036
10202,6036
7076,10202
7076,10199
7076,7073
6036,5997
6036,10202
6036,10202
8361,8359
8361,10203
8361,8362
10203,10204
10203,10205
10203,8361
8362,10204
8362,8360
8362,8361
10204,10203
10204,8362
10204,10206
10205,10206
10205,10203
10205,10207
10206,10205
10206,10208
10206,10204
10207,10208
10207,10209
10207,10205
10208,10207
10208,10206
10208,10210
10209,10210
10209,10207
10209,8340
10210,10209
10210,10211
10210,10208
8340,10212
8340,8336
8340,10209
10212,8340
8339,8336
8339,8335
8339,10211
10211,10213
10211,10210
10211,8339
10213,10211
10213,10214
10213,10214
10214,10215
10214,10216
10214,10217
10214,10213
10214,10213
10216,10214
10216,8338
10216,8375
8338,8335
8338,8352
8338,10216
8375,8372
8375,8374
8375,10216
10215,10218
10215,10214
10215,10219
10217,10214
10217,10220
10217,10221
10222,8376
10222,8376
10222,10223
8376,10222
8376,10222
8376,8363
10223,8377
10223,10219
10223,10222
8377,10224
8377,10223
8377,8363
10219,10224
10219,10215
10219,10223
10224,10218
10224,8377
10224,10219
10218,10224
10218,10225
10218,10215
10226,10227
10226,10220
10226,10225
10227,10226
10227,10221
10227,10225
10220,10221
10220,10226
10220,10217
10225,10227
10225,10218
10225,10226
10221,10227
10221,10220
10221,10217
10228,1513
1513,1508
1513,10228
1512,7481
1512,1508
1512,10229
8341,8337
8341,8345
8341,10230
8341,8351
10230,8341
8347,8351
8347,8373
8347,8345
8353,8352
8353,8373
8353,8351
8353,8372
10231,8367
8367,10232
8367,8350
8367,10231
8373,8353
8373,8370
8373,8347
10233,10232
10232,10233
10232,8357
10232,8367
10234,8357
8357,10234
8357,8355
8357,10232
8368,8350
8356,8355
8372,8370
8372,8375
8372,8353
8372,8374
10235,6341
10235,10236
10235,6337
6341,6328
6341,10235
6341,10237
10236,10235
6337,10238
6337,6334
6337,10235
10237,10239
10237,10238
10237,6341
6340,6328
6340,10240
6340,10241
6340,10239
6342,6328
10240,6340
10240,10242
10240,10243
10240,10244
10241,6340
10239,10244
10239,10237
10239,10245
10239,6340
10242,10240
10242,9785
10242,10246
10242,10247
10243,10240
10244,10248
10244,10247
10244,10239
10244,10240
9785,10242
9785,9784
9785,10249
9785,9786
10246,10242
10247,10244
10247,10250
10247,9786
10247,10242
10249,9785
9786,10251
9786,10247
9786,9784
9786,9785
9569,10252
9569,9568
9569,9784
10253,10251
10253,10250
10253,6339
10251,10254
10251,10253
10251,9786
10250,10253
10250,10255
10250,10247
6339,10253
6339,10256
6339,6335
10254,5967
10254,10251
10254,10257
5967,5963
5967,10254
5967,10258
10257,10256
10257,10258
10257,10254
10258,10257
10258,5965
10258,5967
10259,10260
10259,10260
10259,10261
10260,10262
10260,10259
10260,10259
10261,10259
10262,10263
10262,10260
10262,10264
10263,10262
10263,10265
10263,10266
10263,10267
10264,10268
10264,10267
10264,10262
10268,10264
10268,10267
10268,800
10267,10269
10267,10270
10267,10264
10267,10268
10267,10271
10267,10263
800,10272
800,796
800,10268
10265,10271
10265,10263
10265,806
10266,10263
10269,10267
10270,10271
10270,806
10270,10267
10271,806
10271,10265
10271,10270
10271,10267
806,10271
806,803
806,10273
806,10265
806,10270
10273,807
10273,806
10273,10274
9222,9218
9222,9223
9222,9223
9223,9218
9223,9222
9223,9222
8005,10275
8005,10276
8005,1642
10276,8005
10277,1595
1595,10277
1595,10275
1595,1592
10275,8005
10275,10278
10275,1595
10278,10275
8923,6954
8923,10279
8923,10280
8924,6954
8924,10281
8924,10280
10279,10279
10279,10279
10279,8923
10280,10282
10280,8923
10280,8924
10281,8924
5831,10283
5831,10284
5831,5827
10283,5831
10284,5831
10284,10285
10284,10286
10285,6353
10285,10284
10285,10287
10286,10284
4982,4946
4954,4951
4954,4981
4954,4979
4981,10288
4981,4954
4981,4979
4981,10289
4955,4951
10288,4981
10289,4981
4018,3969
4017,3969
4008,10290
4008,10291
4008,3970
10290,4008
10291,4008
10292,10293
10293,10294
10293,10295
10293,10292
10294,10293
10296,10297
10297,10296
10297,10298
10297,10295
10298,10299
10298,10297
10298,10295
10295,10293
10295,10297
10295,10298
10299,10298
10299,10300
10299,10301
10301,10302
10301,10302
10301,10299
10302,10301
10302,10301
10302,8761
10300,10299
8761,10302
8761,4083
8761,10303
10303,8761
10303,10304
10303,10305
10304,10303
10305,10303
8019,1588
2268,10181
2268,2263
2268,2200
2200,10180
2200,2197
2200,2268
8666,1846
8666,10306
8666,1874
10306,8666
10306,1912
10306,10307
1874,1873
1874,8666
1873,10307
1873,1868
10308,9602
10308,10075
10308,10309
9602,1173
9602,10308
9602,10310
10075,10308
10075,10073
10075,10076
10309,10311
10309,10308
10309,10312
10313,10314
10313,7443
10314,10313
10314,9800
10314,7738
10314,7428
10315,10311
10311,10315
10311,10309
10311,10316
10311,10312
10316,10317
10316,10311
10316,10318
10312,10319
10312,10309
10312,10311
1826,1824
1826,10320
1826,1829
10320,8022
10320,1826
10320,10321
8022,1827
8022,10322
8022,10320
10321,10320
10321,10323
10321,10324
10322,10323
10322,8021
10322,8022
8021,8020
8021,10325
8021,10322
10325,6875
10325,8021
10325,10324
6871,1838
6871,1839
6871,8020
6875,10325
6875,6870
6875,8023
8023,1676
8023,6875
8023,10326
8328,10327
8328,3577
8328,10328
3184,3178
3184,10329
10329,10330
10329,10331
79,75
79,10332
3306,97
3306,3184
10332,3596
10332,10333
3596,3593
3596,10332
3596,3602
10333,10334
10333,10335
10330,10336
10330,10329
10330,10337
10331,78
10331,76
78,10331
78,75
78,74
10338,10339
10338,10340
10339,10341
10339,10342
10339,3545
10340,10343
10340,10344
10345,3504
10345,3507
3507,10346
3507,10347
3788,10348
3788,3785
3788,10349
4601,10350
4601,10351
4601,3789
3795,3791
3796,10352
1359,1355
1359,9406
9406,2277
2277,8450
2277,2276
2277,2293
8450,10353
8450,8448
9747,9745
9747,9746
9747,10354
9748,9745
2274,2270
2274,10355
2274,10354
10355,2272
10354,2274
10354,9747
10354,10353
9590,10356
9590,2690
9590,9589
10356,9590
2690,9590
2690,10357
2690,2568
2381,6578
2381,6608
2381,2386
2381,2376
136,9844
136,8876
8715,8647
8715,10358
10358,10359
10317,10360
10317,10077
10317,10316
10317,10318
10317,10361
10317,10076
10360,10317
10360,10318
10360,10361
10360,10362
10077,10074
10077,10317
10077,10361
10318,10360
10318,10316
10318,10317
10318,10363
10361,10317
10361,10077
10361,10360
10361,10364
10361,10078
10076,10073
10076,10075
10076,10317
10078,10074
10078,10079
10078,10361
10079,10365
10079,10074
10079,10078
10365,10079
10365,10366
10365,10367
10368,10369
10368,10366
10369,7423
10369,10370
10366,10365
10366,10368
10366,10367
10371,10372
10372,10371
10372,10362
10372,10373
10362,10372
10362,10360
10362,10374
10374,10375
10374,10373
10374,10362
10375,10374
10375,10376
10375,10377
10376,10378
10376,10375
10376,10379
10377,10375
10377,10380
10377,10381
10380,10377
10380,10382
10380,10383
10382,10380
10382,10384
10382,10385
10383,10386
10383,10387
10383,10380
10388,10389
10388,10386
10388,10390
10389,10388
10389,10391
10389,10392
10386,10388
10386,10383
10386,10393
10390,10388
10390,10394
10390,10395
10396,10397
10396,10391
10397,8148
10397,10398
10391,10396
10391,10399
10391,10389
244,238
244,235
935,2903
935,10400
8575,10401
8575,10402
8077,10403
8077,8076
10403,2135
10403,10404
10405,9818
9818,6943
9818,10405
9818,6948
8661,8658
2135,10403
2135,2136
2135,365
2136,2135
2136,365
2136,6943
10404,6949
10404,10405
6949,10404
6949,10406
6949,6946
6943,6940
6943,9818
6943,2136
6941,6948
6941,6940
6941,6938
10407,10408
10407,10409
10407,5035
10408,10407
10409,10410
10409,10411
10409,10407
5035,10412
5035,10407
5035,5031
6586,256
5034,5031
10412,5035
10410,10409
10411,10413
10411,5042
10411,10409
10413,10411
5042,2117
5042,10411
5042,10414
10414,5042
5041,2117
5040,2111
2110,2105
1641,1638
1641,1636
1641,10415
8329,10416
8329,10417
8329,3578
10418,10419
10418,10420
10419,10421
10419,8713
10420,10422
10420,10423
10420,10418
3520,10424
3520,10425
3520,10426
3521,10427
3521,3517
10427,3517
10427,10428
10427,10429
10428,10430
10428,10431
10428,10431
10429,10427
10429,10432
10429,10433
7324,9733
7324,7320
7324,9016
10417,10434
10417,8329
10434,10435
10434,10425
10436,10437
10436,3479
10437,7320
3479,10437
3479,3516
3480,3517
3480,10427
10438,10439
10439,10345
10439,10347
3797,10440
3797,3792
10440,10438
10440,3796
10441,10442
10441,10438
10442,3797
10442,10440
511,10441
10443,10444
10443,511
10444,508
10444,509
10445,10446
10445,10447
10446,10448
10446,10449
10447,10450
10448,10449
10448,10451
10449,10452
10449,10447
10451,10453
10451,10448
10450,10454
10450,10455
10456,10457
10456,10458
10457,3510
10457,3512
10458,10459
10459,10460
10459,10461
10347,10462
10462,10463
10462,10464
10423,10465
10423,10420
10465,10461
10465,10466
10461,10445
10467,10468
10467,9348
10467,10469
10468,10455
10468,10469
9348,9346
9348,10467
9348,9351
10469,10470
8713,8709
8714,10418
8714,10419
3512,3485
3512,10458
9351,10471
9351,9350
9351,9348
1077,1072
1077,1068
1077,10176
7086,1068
7086,10176
7086,10472
6502,1017
6502,10473
6502,10474
6503,1017
6503,10475
6503,10476
9849,10477
9849,1283
9849,9478
9850,10478
9850,9478
9850,1283
2907,2883
2913,2911
2913,5030
2913,10479
5033,5030
10479,2913
2910,2884
10480,2909
2909,2884
2909,10481
2909,10480
10481,2909
10481,10482
10481,10483
10482,10481
10482,10484
10482,10485
10483,10481
10484,10482
10484,10486
10484,10487
10486,10484
10486,10488
10486,2892
10487,10484
10485,10482
2891,2112
10488,10486
10489,2892
2892,10489
2892,10486
2892,2112
6716,10490
6716,6712
6716,10491
6716,10492
10490,6716
10490,8894
10490,10493
10491,6714
10491,6716
10491,10493
10492,6716
10492,8893
10492,8894
8893,8507
8893,10492
8893,6718
6718,10494
6718,6712
6718,8893
6708,6707
6708,5811
6708,8773
5810,6705
5810,6682
5810,5807
10495,10496
10495,6706
10495,6707
10496,10497
10496,10495
10496,10498
6706,10498
6706,6705
6706,10499
6706,10495
6707,6705
6707,10495
6707,6708
10498,10500
10498,6706
10498,10501
10498,10496
10499,6706
10499,10501
10499,6682
10501,10502
10501,10498
10501,10503
10501,10499
6682,670
6682,10499
6682,5810
10497,10496
10497,10500
10497,10504
10500,10505
10500,10498
10500,10503
10500,10497
10504,10505
10504,10506
10504,10497
10505,10507
10505,10500
10505,10504
10505,10508
10503,10509
10503,10500
10503,10508
10503,10501
10509,10502
10509,10510
10509,676
10509,10503
10508,10505
10508,10511
10508,10503
10506,10512
10506,10507
10506,10504
10512,10513
10512,10506
10512,8775
10507,10514
10507,10505
10507,10515
10507,10506
10514,10516
10514,10507
10514,10517
10514,10513
10515,10507
10515,10518
10515,10511
10518,10519
10518,10517
10518,10515
10511,10520
10511,10515
10511,10508
10521,10516
10521,10494
10521,10513
10516,6717
10516,10514
10516,10522
10516,10521
10494,6718
10494,6717
10494,10521
10513,10512
10513,10514
10513,10521
6717,6712
6717,10516
6717,10523
6717,10494
10522,10516
10522,10524
10522,10525
10524,10526
10524,10523
10524,10522
10525,10527
10525,10522
10525,10517
6714,6711
6714,10491
6714,6715
6715,6696
6715,6711
6715,6714
6715,6713
6696,10528
6696,6694
6696,6695
6696,6715
10528,10529
10528,6696
10528,6719
6688,10530
6688,6684
6688,6695
6698,10529
6698,10530
6698,10531
6698,6695
10530,10532
10530,6688
10530,6698
10526,10527
10526,10529
10526,10524
10526,10531
10523,6717
10523,6719
10523,10524
10527,10533
10527,10526
10527,10525
10529,10526
10529,10528
10529,6698
10531,10532
10531,10526
10531,10534
10531,6698
10532,10535
10532,10530
10532,10531
10534,10535
10534,10533
10534,10536
10534,10531
10535,8634
10535,10532
10535,10534
6719,10528
6719,6713
6719,10523
10517,10514
10517,10525
10517,10518
10533,10519
10533,10527
10533,10534
10519,10520
10519,10533
10519,10518
10519,10536
10536,10519
10536,8634
10536,8635
10536,10534
8634,672
8634,10535
8634,10536
8635,10510
8635,672
8635,676
8635,10536
10520,10510
10520,10519
10520,10511
10510,10509
10510,10520
10510,8635
676,674
676,10509
676,669
676,8635
10502,675
10502,10509
10502,10501
675,670
675,10502
675,669
4699,394
7129,10537
7129,10538
7129,7120
10537,10539
10537,7129
10537,10538
10538,10540
10538,10537
10538,7129
10539,10541
10539,10537
10539,10540
10541,10539
10541,10542
10541,10543
10540,10538
10540,7123
10540,10539
10542,7123
10542,10541
10542,10543
10543,10544
10543,10542
10543,10541
10544,10543
10544,10545
10544,10546
10547,10548
10547,10545
10547,10549
10547,10546
10548,10547
10545,10547
10545,5616
10545,10544
10549,8492
10549,10546
10549,10547
10546,10547
10546,10544
10546,10549
7123,10540
7123,10542
7123,7117
7122,7117
7122,8765
7122,5530
5616,10545
5616,5611
5616,10550
5616,5619
8894,10490
8894,8507
8894,10492
8894,10551
5489,6686
5489,8637
5489,8896
5489,5483
10493,10551
10493,10490
10493,10491
8129,8124
8129,8133
8133,8137
8133,8128
8427,8126
2183,2179
2183,5952
5999,10552
5999,10553
10094,8463
10094,10091
10094,10042
8463,10094
8463,10090
8463,8462
10042,10040
10042,10554
10042,10094
10093,10555
10093,10091
10093,10556
10095,10557
10095,10558
10095,10559
10095,10091
10555,10093
10556,10560
10556,10561
10556,10093
10562,10563
10563,10564
10563,10562
10563,10565
10564,10563
10566,10567
10567,10566
10567,10565
10567,10568
10565,10567
10565,10563
10565,10569
10569,10570
10569,10565
10569,758
10570,10571
10570,10569
10570,10572
10571,10573
10571,10570
10571,10574
10572,10575
10572,10570
10572,10576
10575,10576
10575,10572
10575,10577
10576,10575
10576,10572
10576,10578
758,755
758,10569
758,10579
10578,10576
2337,2335
5669,5560
5669,620
5669,10580
5671,621
5671,5629
5671,10581
10582,10583
10582,10584
10582,10585
10583,10586
10583,10582
10584,10587
10584,10588
10584,10582
10585,10582
10589,10590
10590,10591
10590,10573
10590,10589
10591,10592
10591,10590
10591,10593
10573,10590
10573,10571
10573,10594
322,321
322,332
322,318
333,329
9343,5291
9343,7551
9343,10595
5291,7550
5291,5289
5291,9343
10595,9342
10595,317
9342,7551
10596,10597
10597,10596
10597,10598
10597,10599
10598,10600
10598,10601
10598,10597
10599,10602
10599,10602
10599,10597
10603,4455
4455,10603
4455,4450
4455,10604
8522,8512
8522,8514
8522,8864
8512,8522
8512,8510
8512,8513
10604,4455
10604,10605
10604,10606
8536,8527
13,10
13,10607
842,8551
842,837
842,10608
10609,915
915,10610
915,910
915,10609
915,10611
10612,10611
10611,10612
10611,913
10611,915
10610,10613
10610,915
10610,10614
913,910
913,10611
913,6228
10613,10610
6228,6225
6228,6225
6228,913
912,911
912,909
912,10615
807,10273
807,10274
807,803
8079,10616
8079,8089
8079,6978
10357,2690
9587,2513
2689,2687
2512,2507
2512,10617
2512,10618
10617,2512
10618,2512
2556,10619
2556,2552
2556,2551
2222,7581
2222,2216
2222,2220
2255,2234
2255,2250
2255,7644
8175,10620
8175,7880
8175,10621
10620,8175
10620,10622
10620,10623
10621,8175
10622,10620
10623,8179
10623,8184
10623,10620
9834,8215
9834,10624
8216,8199
8216,8215
8216,8200
8217,8188
8208,8188
8208,8204
8208,10625
10626,10625
10625,10627
10625,10626
10625,8208
10627,10625
2066,1781
2066,2061
2066,10628
354,350
354,1778
354,10629
1781,2066
1781,10630
1781,10631
1781,1778
8186,10632
8186,8182
8186,8185
8483,5536
8483,5650
8483,5651
7118,7115
7119,8490
7119,7115
7119,8489
5617,5619
5620,5613
5620,5611
5621,8763
5621,5613
5621,5614
8763,5531
8763,5621
8763,8764
5614,5610
5614,10633
5614,5621
8764,5527
8764,5531
10460,10423
10460,10465
10455,10456
10454,10467
10454,10468
10634,10635
10635,10636
10635,10634
10635,4555
10636,10635
4555,10637
4555,4554
4555,10635
4555,4542
10637,4555
10637,10638
10637,10639
10638,4541
10638,10637
10638,4542
10639,10637
4542,4555
4542,10638
4542,4536
10453,10640
10453,10641
10642,3515
10642,10643
10643,761
10643,3513
10640,10642
10644,10640
10644,10645
10645,10451
10645,10453
2741,2740
2691,2567
2691,10619
2691,10646
10619,2691
10619,2556
10619,10647
10646,2691
5405,10648
5405,5403
5405,5406
10648,9684
10648,5405
10648,10649
5406,5405
5406,5390
5406,5403
10650,5404
10650,1270
10650,1274
5404,5402
5404,10650
5404,5386
5404,10651
1270,10650
1270,1266
1270,10652
1274,10650
1274,10653
1274,1268
1274,5386
5390,5384
5390,5406
5390,5387
10654,10655
10655,10656
10655,10657
10655,10654
10658,10653
10653,10657
10653,1274
10653,10658
10657,10653
10657,10655
10657,10659
10657,5386
10656,10655
9855,9853
9855,10660
9855,9866
9857,10661
9857,10662
9857,9854
9858,10663
9858,9854
9858,9918
10660,9855
10660,10664
10660,9868
10664,10660
10664,10665
10664,10666
9868,10666
9868,9866
9868,10660
9868,9895
10665,10664
10665,9876
10665,9875
10666,9875
10666,9868
10666,10664
10666,10667
9876,10665
9876,9874
9876,9872
9875,9872
9875,10666
9875,10665
9875,9900
10663,10662
10663,9921
10663,10668
10663,9858
9880,9874
9880,10661
9880,9879
10661,9880
10661,9857
10661,10669
9879,9880
9879,9898
9879,9873
10669,9898
10669,10661
10669,10670
10662,9857
10662,10663
10662,10670
9921,10663
9921,9918
9921,10671
10670,10662
10670,10668
10670,10669
10668,10663
10668,10670
10668,10671
10671,9921
10671,10668
10671,10672
9895,10667
9895,9869
9895,9868
10667,10666
10667,10673
10667,9895
9900,9875
9900,9877
9900,10673
9898,9897
9898,10669
9898,9879
9896,9869
9896,10674
9896,9892
10673,9900
10673,10667
10673,10675
58,55
58,54
58,1451
59,54
59,10676
59,10677
10678,10679
10679,10680
10679,10678
10679,10681
10680,10679
10680,10682
10680,10683
10682,8163
10682,10680
10682,10684
10683,10680
10683,10392
10683,10685
10684,10686
10684,10682
10684,10687
10686,10684
10687,10684
8162,8157
8162,1167
8162,10688
8163,10682
8163,10689
8163,8157
9108,10690
9108,9109
9108,9102
10690,10691
10690,9108
10690,10692
9109,9110
9109,9108
9109,7226
10691,10690
10692,10690
9434,10693
9434,10694
9434,9432
10693,9434
10693,9435
10693,10695
10694,10696
10694,10697
10694,9434
10694,10698
9435,9814
9435,10693
9435,9432
9435,10699
9443,10699
9443,9438
9443,9814
9816,8414
9816,9815
9816,9814
10700,10701
10700,10702
10700,10703
10701,10700
10701,10695
10701,10704
10701,10698
10702,10704
10702,10705
10702,10700
10703,10698
10703,10706
10703,10700
10703,10707
9449,9441
9449,9448
9449,10704
9451,10708
9451,10705
9451,9448
10699,9443
10699,9441
10699,10695
10699,9435
9441,9438
9441,10699
9441,9449
9441,9437
7954,9827
7954,10709
7954,7951
7955,7951
7955,7442
7955,9826
8171,8231
8171,8169
8171,10710
10710,10711
10710,10712
10710,8171
10561,10556
10561,10713
10561,10714
10713,10561
10713,10059
10713,10715
10714,10716
10714,10715
10714,10561
10717,10718
10717,10719
10717,10720
10718,10717
10718,10721
10718,10559
10719,10722
10719,10717
10719,10558
10720,10717
10723,10724
10723,10725
10723,10726
10724,10727
10724,10723
10724,10728
10725,10723
10725,10729
10725,10730
10726,10723
10727,10731
10727,10724
10727,10732
10731,10733
10731,10727
10731,10728
10732,10730
10732,10734
10732,10727
10735,10716
10716,10735
10716,10714
10716,10736
10737,10738
10737,10739
10737,9427
10738,10740
10738,10737
10738,10741
10739,10742
10739,10737
10739,10743
9427,9425
9427,10737
9427,10744
10043,10040
10745,10127
10745,10740
10745,10746
10127,10747
10127,10745
10127,10125
10127,10746
10740,10745
10740,10738
10740,10748
10746,10749
10746,10745
10746,10127
1930,1927
1930,10747
1930,10750
10747,1930
10747,10127
10747,10751
10750,1930
10750,10752
10750,10753
1931,10754
1931,1927
1931,9812
9812,10755
9812,1929
9812,1931
9811,1942
9811,1940
9811,10755
6423,6419
1888,10743
1888,1886
1888,10756
10743,10757
10743,1888
10743,10739
10756,1889
10756,1888
10756,9428
1942,9811
1942,1938
1942,10758
10758,5054
10758,1942
10757,1919
10757,10743
10757,10759
1919,1917
1919,10757
1919,10760
10759,10742
10759,10757
10759,10761
1920,1918
1920,10752
1921,10762
1921,1917
1921,10763
1921,10760
10752,10750
10752,1920
10752,10753
10752,10763
1922,10754
1922,10764
10754,1931
10754,1922
10754,10753
10764,10758
10764,10755
10755,9812
10755,10764
10755,9811
10704,10702
10704,9449
10704,10705
10704,10701
8402,6914
8402,9450
8402,8399
8402,10765
10766,10001
10766,10767
10766,10768
10766,10769
10001,82
10001,100
10001,10766
10767,10770
10767,10766
10767,10771
10768,10766
10769,10772
10769,10773
10769,10766
10000,100
10000,10774
10352,10345
10352,3505
10346,10464
10775,10776
10775,10463
10776,3786
10776,10444
10463,10443
10464,10775
10464,10777
9124,8708
9124,4199
10421,10778
4602,9714
4602,9117
10778,8710
10778,3791
6680,8714
6680,10422
10422,10420
10422,10466
10422,10779
8539,8817
8539,10780
8539,8533
8539,8537
8817,8539
8817,10781
8817,8533
8817,8815
10780,8539
8533,8539
8533,8817
8533,4453
10781,8817
8867,50
8867,5907
8867,10782
8798,8795
5907,5905
5907,8795
5907,8867
8513,8510
8513,8512
8513,10783
2372,6153
2372,6154
2372,2366
6156,6153
6156,6152
6156,10784
6155,6152
6155,6721
6155,10785
10785,10785
10785,10785
10785,6155
2356,10786
2356,10787
2356,2354
6074,2361
10786,2356
10787,5872
10787,10788
10787,2356
5872,5869
5872,10787
5872,10789
10788,10790
10788,6069
10788,10787
10791,6069
6069,10791
6069,10792
6069,2478
6069,10788
10792,6069
10790,10793
10790,5883
10790,10788
5871,10794
5871,10795
5871,5868
5883,6059
5883,10790
5883,5873
6111,6201
6111,10796
6111,6109
6201,6198
6201,6111
6201,6202
10796,10793
10796,6111
10796,10797
10794,5871
10795,5871
7295,6200
7295,6058
7295,10798
7296,6058
6091,6089
6091,10799
6091,10800
10799,6091
10800,6091
6090,6169
6090,6089
6090,10801
5155,5160
5155,5152
5155,5150
5156,10802
5156,5160
5156,5150
5162,10802
5162,10803
5162,5160
10802,5153
10802,5162
10802,5156
10803,5153
10803,5154
10803,5162
5153,10803
5153,5149
5153,10802
5154,5166
5154,10803
5154,5149
6172,6148
6172,6148
6172,6166
6148,2801
6148,6172
6148,6172
6911,10804
6911,10805
6204,3468
6204,10806
6204,10807
10806,10013
10806,6204
10806,10807
10807,10808
10807,6204
10807,10806
10013,10806
10013,10012
10013,10808
10808,10807
10808,10809
10808,10013
3467,3466
3467,10809
3467,10809
10809,10808
10809,3467
10809,3467
2799,2794
2799,10012
2795,2792
2795,10810
2795,10811
2797,10812
2797,2792
2797,6061
10813,2847
2847,2077
2847,2078
2847,10813
2845,2822
2845,10814
2845,2824
10814,10815
10814,10816
10814,2845
8147,10817
8147,8143
8147,8146
6795,6792
6795,10817
6795,8143
7649,6918
7649,10818
7649,10819
10818,7649
10818,9536
10818,9537
10819,7649
10819,8880
9536,10818
9536,8878
9536,9534
9537,9534
9537,10193
9537,10818
10820,10821
10820,10822
10820,2303
10821,10823
10821,10824
10822,10825
10822,7
2303,2181
2303,7
3495,3496
3495,10826
3496,10827
3496,10820
3501,3502
3501,10828
3502,9701
9749,9421
9749,9704
10829,10830
10829,3500
10830,10831
10826,10832
10826,10833
7,2182
7,10822
7,2
2182,10824
2182,2178
10825,10821
10825,10824
10824,10834
10824,10835
7481,1512
7481,7479
10229,1512
7480,7479
8407,8395
8403,8401
8404,8401
10765,8402
1912,1910
1912,10836
1912,10306
10307,10744
10307,10306
1862,10837
1862,1853
1862,1858
10837,1862
1853,9833
1853,1850
1853,1862
10721,10718
10721,10560
10721,10142
10560,10721
10560,10556
10560,10838
10142,10141
10142,9609
10142,10721
10142,10730
10729,10725
10729,10722
10729,10839
10730,10732
10730,10142
10730,10725
1854,1850
9846,1884
9846,9833
9846,10840
10554,10042
10554,10733
10554,10734
10733,10554
10733,10731
10733,10841
10734,10140
10734,10554
10734,10732
10141,10142
10141,6505
5054,5047
5054,5048
5054,5049
10842,10843
10843,10842
10843,10844
10843,10845
10140,10734
10140,6429
10140,10041
10846,10847
10847,10846
10847,9819
10847,10845
10844,10843
10844,10848
10845,10843
10845,10847
10845,10849
9819,10847
9819,10850
9819,9484
6510,10696
6510,6507
6510,10697
10850,9819
10850,9482
10850,7285
9482,10851
9482,9484
9482,10850
9482,9480
7285,7282
7285,10850
7285,7288
1379,10852
1379,9061
10853,10854
10853,10855
10854,10856
10854,10857
10854,10853
10855,10858
10855,10853
10855,10857
6020,9725
6020,5998
6020,10859
10860,10859
10860,10861
10860,10861
10859,10861
10859,10860
10859,6020
10861,10859
10861,10860
10861,10860
9725,10862
9725,9726
9725,6020
9725,9723
4210,3660
4210,10863
4210,10864
10863,4210
10863,10865
10863,10866
10864,4210
10865,10863
10865,10867
10865,10868
10866,10863
10867,10865
10867,10869
10867,10870
10868,10865
10869,10871
10869,10867
10869,3664
10870,10867
10871,10869
3664,4209
3664,3659
3664,10869
3664,10872
10872,10873
10872,10874
10872,3664
10873,10872
10874,10872
10874,10875
10874,10876
10875,10877
10875,10874
10875,10878
10876,10874
10877,10875
10878,10879
10878,10875
10878,10880
10879,10878
10880,10881
10880,10878
10880,10882
10881,10880
10882,10880
10882,10883
10882,10884
10885,10886
10885,4214
10885,10887
10886,10885
4214,10888
4214,10883
4214,10885
4214,4209
10887,10885
10887,10138
10887,10889
10888,4214
10883,10890
10883,10882
10883,4214
10890,10883
10884,10882
10891,10892
10892,10893
10892,10891
10892,10894
10893,10892
10894,10895
10894,10892
10894,4289
10895,10894
4289,10894
4289,4288
4289,4249
4288,4249
4288,10896
4288,4289
10896,10897
10896,4288
10896,4250
10897,10896
4250,10898
4250,10896
4250,4246
4211,4208
4211,4247
4211,4213
4213,4209
4213,4211
4213,4252
10898,4250
4251,10899
4251,4246
4251,10900
4252,10137
4252,4213
4252,4247
10899,4251
10900,10901
10900,4251
10900,10902
10901,10900
10902,10903
10902,10900
10902,10904
10903,10902
10904,10905
10904,10902
10904,10906
10905,10904
10906,10907
10906,10904
10906,10908
10907,10906
10908,10909
10908,10906
10908,10910
10909,10911
10909,4255
10909,10908
10910,10908
10911,10909
4255,4248
4255,10909
4255,10912
10912,4255
4253,4248
4254,10913
4254,4248
4254,10914
10913,10915
10913,10916
10913,4254
10914,4254
10915,10913
10916,10917
10916,10139
10916,10913
10917,10916
10139,10918
10139,10137
10139,10916
10918,10139
10138,10919
10138,10887
10138,10137
10919,10138
10889,10887
3633,3723
3633,3631
3633,3634
3634,4988
3634,3633
3634,3631
4901,4988
4901,3629
4901,4900
4988,3634
4988,4901
4988,3800
4348,4344
4348,10920
4348,7830
10920,4348
10920,10921
10920,1321
7830,10922
7830,7827
7830,4348
7844,10923
7844,7832
7844,7843
10923,10924
10923,7844
10923,10925
7840,4361
7840,7837
7840,7829
1383,6665
1383,384
1383,10926
4786,4784
4786,10927
4786,4961
10927,4786
10927,10928
10927,10929
10928,10927
10928,10930
10928,4787
10929,9267
10929,10927
10929,10931
9630,6348
9630,10932
9630,9628
9267,9628
9267,10929
9267,9261
9632,9629
9632,10933
9632,4089
6345,4009
6345,9629
6345,3993
9633,10934
9633,4009
9633,9629
4009,8540
4009,6345
4009,9633
4009,4007
8540,4091
8540,4009
8540,10934
10934,10933
10934,9633
10934,8540
10933,10934
10933,8541
10933,9632
8541,10933
8541,4091
8541,4089
4089,8541
4089,3989
4089,9632
4082,10935
4082,185
10935,4082
10935,6329
10935,10936
6329,6326
6329,10937
6329,10935
10936,10935
10936,10937
10936,10938
10937,6329
10937,6330
10937,10936
10937,10939
10938,10939
10938,10940
10938,10936
6330,10941
6330,6327
6330,10937
6330,6326
5830,8937
5830,5827
5830,10942
5830,5829
8938,10943
8938,8937
8938,10944
8938,10945
10943,8938
10943,10946
10943,10947
10944,10948
10944,8938
10944,10949
10945,10950
10945,9783
10945,8938
10946,10947
10946,10948
10946,10943
10947,10946
10947,10943
10947,10951
10940,10948
10940,6352
10940,10938
10948,10940
10948,10944
10948,10946
10948,6352
6352,10940
6352,6351
6352,10948
10939,10938
10939,10937
10939,10952
10939,10953
5970,5969
5970,795
5970,5964
9783,795
9783,10945
9783,5966
10950,10954
10950,10945
10950,10949
5966,5962
5966,10954
5966,9783
10954,10941
10954,10950
10954,5966
10949,10944
10949,10953
10949,10950
10942,10287
10942,5830
10942,10951
10287,6353
10287,10942
10287,10285
10287,10951
10951,10287
10951,10947
10951,10942
6353,6351
6353,10287
6353,10285
4090,10955
4090,10956
4090,9631
4090,3989
1387,10957
1387,1386
1387,10958
10959,10957
10959,10960
10957,10959
10957,1387
10957,10961
10957,10962
10960,10963
10960,10963
10960,10964
10962,10964
10962,10965
10962,10957
10964,10966
10964,10962
10964,10960
10965,6213
10965,1349
10965,10962
6213,6208
6213,10965
6213,10967
1349,10965
1349,1345
1349,10968
7845,10969
7845,10922
7845,7833
10969,7845
10969,10970
10969,10971
10922,7845
10922,7830
10922,1321
3859,10972
3859,10973
3859,3854
3860,10971
3860,10974
3860,3854
2308,2163
2308,2310
10975,9497
9497,9496
9497,10975
9497,9522
9498,9496
9588,2514
9591,10976
9591,10977
9591,9589
10976,9591
10977,9591
1321,1316
1321,10922
1321,10920
10978,10979
10978,10970
10978,10925
10979,10978
10979,10980
10979,10981
10970,10969
10970,10978
10970,10925
10925,10978
10925,10923
10925,10982
10971,3860
10971,10969
10971,10983
10966,10984
10966,10964
10966,10985
10984,10986
10984,10966
10984,10987
10985,6214
10985,10988
10985,10966
4798,4799
4798,10989
4798,4794
8324,10990
8324,10991
8324,4799
4797,4794
4797,10992
4797,10993
4788,4785
4788,4747
4788,4720
4747,4744
4747,4788
4747,10994
4720,4716
4720,4788
4720,4724
4720,4785
10199,10197
10199,7076
2150,10995
2150,2147
2150,10996
2150,2141
10995,2150
10996,2150
10996,10997
9143,2309
9143,9140
9143,2310
2186,2309
2186,2311
2186,2180
2311,10163
2311,2186
2311,2177
10163,2175
10163,2311
10163,10998
10163,2176
2176,2166
2176,2175
2176,10163
9499,9496
2148,2146
2148,9564
2148,2257
2149,2146
9564,16
9564,2148
9564,10607
2257,2251
2257,15
2257,2148
4796,4750
4796,9282
4796,10999
7669,9503
7669,11000
7669,7665
11000,11001
11000,7669
11000,7682
10955,4090
10955,9631
10955,4666
10955,11002
9631,10955
9631,4090
9631,4088
4666,10955
4666,11002
4666,4661
4666,9261
11002,10955
11002,4666
11002,10956
11002,11003
10930,10994
10930,11004
10930,10928
10930,4787
10994,10930
10994,11005
10994,4747
11004,11005
11004,10930
11004,8261
4787,10930
4787,4784
4787,10928
4,1
4,2173
4,6
4153,4124
4153,4122
4153,11006
6348,9630
6348,6347
6348,11007
6349,6347
6349,11008
6349,11009
11010,10118
10118,7263
10118,11011
10118,11010
9743,8663
9743,11012
9743,10182
11012,11011
11012,11013
11012,9743
10182,7279
10182,9743
10182,7267
7267,7266
7267,4152
7267,10182
11011,10118
11011,11012
11011,11014
11014,11015
11014,11011
11014,11013
11015,11014
11016,11017
11016,11018
11016,10974
11017,11019
11017,11016
11017,11020
11018,11016
11018,10980
11018,11019
10974,10980
10974,3860
10974,11016
432,428
11021,4632
4632,4630
4632,4701
4632,11021
4811,4721
4811,4634
4811,11022
4812,4721
8069,11023
8069,8073
8069,8066
8070,8071
8070,11024
8070,8066
8184,8179
8184,10623
8184,8178
10432,11025
10432,10429
10432,11026
10433,11027
10433,10429
10433,10430
11027,10433
11027,11028
11027,11028
10430,11028
10430,10428
10430,10433
11028,10430
11028,11027
11028,11027
1752,1747
1752,6803
1752,11029
11030,11031
11030,11032
11030,11033
11031,11034
11031,11030
11031,11035
11032,11030
11032,1753
11032,11036
11033,11030
11033,11037
11033,11037
10089,6833
10089,11038
10089,11039
6973,11040
6973,11041
6973,6968
11040,6973
11041,6973
8078,8076
10707,10696
10707,10706
10707,10703
10696,10694
10696,10707
10696,6510
10706,11042
10706,10707
10706,10703
10705,9451
10705,10702
10705,10704
11042,10706
10708,9451
10697,10694
10697,9430
9146,5
9146,9
9146,11043
5,9146
5,11043
5,1
11043,11044
11043,9146
11043,5
4603,512
4603,3716
512,4603
512,10442
3716,3715
3716,3792
3716,3712
3505,3483
3505,3488
10466,11045
11045,10641
11045,10446
10641,11046
10452,11047
11047,10467
11047,10454
11046,761
11046,10643
11048,10452
11048,10645
3490,10346
3490,11049
3511,3487
3511,3481
3485,11050
11050,10421
11050,10460
10470,3511
10470,10457
3051,3048
3051,3046
3048,3051
3048,3045
3048,3045
3050,3046
11051,3518
11051,3519
10435,10425
10435,10427
10425,3521
10425,3520
10425,10435
9733,7324
9733,9732
9732,9730
9732,11052
7331,11053
7331,11052
7331,7316
11053,7331
11052,7331
11052,9730
10695,10701
10695,10699
10695,10693
9421,9419
9421,9702
9421,9420
9420,10829
9704,9749
9704,9706
9704,8882
10832,10833
10832,3494
10833,11054
10834,11055
11055,10552
11055,5960
11056,10827
11056,10832
10827,11057
10827,10820
10553,11058
10553,10552
11058,11059
11058,11060
10552,10835
10552,10553
10552,11055
8261,11004
8261,4749
8261,11005
11061,5965
11061,11062
11061,11063
5965,11061
5965,10258
5965,5962
11062,11063
11062,11064
11062,11061
11063,11062
11063,11065
11063,11061
10256,10257
10256,6339
10256,11066
11066,10256
10255,10250
10255,6338
10255,10248
6338,10255
6338,6336
6338,6335
10248,10255
10248,10244
10248,10245
6298,6298
6298,6298
6298,6295
6301,171
1128,1123
7286,11067
7286,8236
7286,7282
1902,1899
9101,9100
9101,9409
9101,9106
9106,9105
9106,9840
9106,9101
11068,11069
11069,11068
11069,11070
11069,11071
3780,10136
3780,9123
3780,3775
9512,9507
9512,9507
9512,9520
4135,4129
4135,10117
4135,11072
11072,4135
8071,8067
8071,11073
8071,8070
11024,11074
11024,8070
11024,6440
11023,8069
11023,11075
11023,11076
8073,8068
8073,11077
8073,8069
10848,7290
10848,11078
10851,9482
11067,7286
7287,7283
7287,7284
7287,7255
6514,11079
6514,11080
6514,6428
11079,6514
11080,6514
1767,1768
1767,1772
1767,1763
1772,1767
1772,1765
1772,5021
5028,11081
5028,11082
9131,9125
9131,9127
5012,5008
5012,8088
5012,5014
5010,5013
5010,5007
5010,5008
5013,5010
5013,11083
5013,5008
5016,5014
5016,11084
5016,5022
125,120
125,11085
125,9213
125,116
11085,11086
11085,11087
11085,125
11086,11085
11086,11088
11086,126
11087,11089
11087,11085
11087,11088
11087,6192
11088,11090
11088,11087
11088,11086
11088,11089
126,121
126,11086
126,116
11089,11091
11089,11087
11089,11092
11089,11088
11089,11093
6192,6189
6192,11087
6192,9213
11094,9608
11094,11090
11094,11095
11094,121
9608,11094
9608,122
9608,11096
11090,11094
11090,11088
11090,11092
11095,11097
11095,11098
11095,11094
121,114
121,11094
121,126
11097,11098
11097,11095
11097,11092
11098,11097
11098,11099
11098,11095
11098,11100
11098,11101
11099,11102
11099,11098
11099,11103
11102,11099
11102,11104
11102,11105
11103,11106
11103,11099
11103,11101
6128,6124
6128,6122
6128,9132
9132,6049
9132,11107
9132,6128
6193,11108
6193,6189
6193,11093
11108,6193
11108,11109
11108,6195
11093,6193
11093,11110
11093,11089
11091,11089
11091,11104
11091,11110
11092,11104
11092,11089
11092,11097
11092,11090
11100,11098
11101,11103
11101,11098
11101,11111
11106,11112
11106,11103
11106,11111
8947,8946
641,11113
641,8946
641,636
11113,641
644,8945
644,638
644,11114
8945,644
8945,8944
8945,7132
11114,11115
11114,11116
11114,644
4328,4263
10941,6330
10941,10954
10941,10953
10953,10949
10953,10941
10953,10939
11117,11118
11117,11118
11118,11119
11119,8432
11119,2215
7586,11117
7581,7580
7661,9709
7661,7658
7661,7598
7598,7591
7598,7593
7598,9709
7653,7621
7653,7651
7621,7619
7621,7603
7621,7618
11120,7645
11120,11121
7645,7644
7645,7643
7645,11120
11121,2246
11121,11122
7611,7607
7611,7612
7612,11123
7612,7608
7612,11124
11124,11125
11125,11126
11125,11120
2256,11126
2256,2250
2256,11123
11126,2256
11126,2250
11123,2256
11123,7612
11123,11127
7568,11128
7568,11129
7568,11130
11128,7568
11128,8440
11128,11129
11129,11131
11129,11128
11129,7683
11130,7567
11130,7568
11130,11132
7567,2231
7567,2233
7567,11130
7567,11001
11001,11000
11001,7567
11001,9735
10353,11133
10353,10354
2278,10355
2278,11134
2278,2276
11134,2278
11133,10354
11133,2278
11135,7632
11135,2281
11135,9404
7632,11135
7632,7635
2281,7632
2281,11135
9404,11136
9404,11135
9404,7640
11136,11137
11136,9405
11136,9404
1366,1358
1366,7640
1366,2280
9405,11137
9405,11136
9405,7640
10952,10939
7622,7576
7622,7662
7622,7659
7673,2193
7673,11138
11138,11139
11138,2274
11138,9746
7662,7659
7662,7658
7662,2208
2280,11137
2280,2279
2280,1366
8879,8880
8879,10819
11140,4936
4936,4934
4936,4960
4936,11140
4937,4934
11141,7105
11141,11142
11141,10088
7105,11141
7105,7102
7105,7101
11142,11141
11142,7062
11142,7061
10088,11141
10088,11143
10088,10086
11143,10088
6464,6462
6464,7061
6464,7060
6465,11144
6465,6462
6465,11145
11144,6465
11145,6465
11146,10473
11146,6467
11146,11147
10473,11146
10473,11148
10473,6502
6467,11146
6467,11149
6467,6463
11147,11146
11147,11150
11147,11151
11150,11147
11151,11147
1464,1462
1464,4329
1464,11152
7897,11153
7897,449
7897,11154
7898,449
11153,7897
11153,11155
11153,11156
11154,11157
11154,11157
11154,7897
11155,11153
11156,11153
11157,11154
11157,11154
11157,11158
11158,11157
7899,450
8675,804
8675,10274
8675,6955
28,22
28,11159
11160,11159
11159,11160
11159,11161
11159,28
8791,11162
8791,5928
8791,5927
11162,8827
11162,8791
11162,8912
8827,11162
8827,8912
8827,8824
8912,8911
8912,8827
8912,11162
8905,5574
8913,8904
7786,11163
7786,11164
11163,7776
11163,11165
11164,11166
11164,7786
11164,7967
9734,11132
9734,7670
9734,9735
9734,7683
9735,11132
9735,7670
9735,9734
9735,11001
11132,9734
11132,9735
11132,11130
7683,11131
7683,9734
7683,7671
7683,11129
7682,9353
7682,7679
7682,7680
7682,11000
9353,2233
9353,7682
9353,11167
10478,9850
11168,11169
11168,9475
11169,11170
11169,11168
11169,11171
7150,7145
7150,7151
7150,11172
7151,7150
7151,7159
7151,7145
11172,7150
10045,584
586,11173
586,584
586,581
11173,586
10557,10095
10557,10839
10557,10728
10558,10559
10558,10719
10558,10095
10559,10718
10559,10558
10559,10095
10839,10722
10839,10557
10839,10729
10728,10724
10728,10557
10728,10731
817,10779
817,812
817,11174
10779,817
10779,11174
10779,10422
11174,817
11174,10779
11174,11175
11176,11177
11176,4322
11176,11178
11177,11179
11177,11176
11177,11180
4322,11176
4322,4317
4322,11181
11178,11182
11178,11179
11182,815
11182,11178
11182,11183
11179,11178
11179,11177
11179,11184
815,11182
815,11185
815,811
11183,11182
11180,11177
814,811
814,9712
814,11186
11185,11187
11185,815
11185,11188
4320,4316
4320,4324
4320,11189
4321,11190
4321,11191
4321,4316
11190,11192
11190,4321
11190,11193
11192,11190
11193,11190
11194,11195
11194,11196
11194,11197
11195,11198
11195,11194
11195,11199
11196,11194
11196,4318
11196,11200
11197,11194
11197,11199
11197,11199
4035,11201
4035,3988
4035,8543
11201,4035
11201,8543
11201,10956
8543,4860
8543,4035
8543,11201
8542,4860
8542,11202
8542,4861
9711,4231
9711,11203
9711,11204
11203,4387
11203,9711
11203,11205
4387,11205
4387,11203
4387,4379
4387,11206
11205,4387
11205,11204
11205,11203
11206,11207
11206,11204
11206,4387
11208,11209
11208,11210
11209,11211
11210,11212
11210,11208
11210,11213
11210,11214
11211,11215
11215,9323
11215,9321
9746,7673
9746,11138
9746,7672
10176,1077
10176,1078
10176,7086
10472,7086
8939,6956
4423,11216
4423,4418
4423,11217
11216,11218
11216,4423
11216,11219
11217,11220
11217,11221
11217,4423
11219,11222
11219,11216
11219,11223
11222,11219
11223,11219
11218,11216
80,10337
80,78
11224,11225
11225,10327
11225,9581
11225,11224
9302,9301
9302,3586
9302,11226
9317,3586
10327,8328
10327,11225
10327,11227
9581,11225
9581,9579
9581,11228
3581,3575
1130,1124
1130,431
1130,11229
11229,1130
7312,1042
7312,7311
3787,3785
3787,502
3787,10348
3787,506
10348,3787
10348,11230
10349,11231
10349,3788
10349,11232
8778,11233
8778,10633
8778,11234
8778,5535
11233,8778
11233,11234
11233,10633
10633,5614
10633,8778
10633,11233
11234,11233
11234,8778
11234,7177
9642,4701
4635,4631
4634,11235
4634,4811
4634,4631
6441,6436
6441,8074
6441,11077
11236,8978
8978,11236
8978,7510
8978,7508
9473,11237
9473,7510
9473,8977
11237,9473
8977,7508
8977,11238
8977,9473
7512,9459
7512,7509
7512,7506
9459,7512
9459,9457
9459,9455
11238,8977
11239,11240
11240,11239
11240,11241
11240,11242
10471,9351
3839,11243
3839,3349
3839,11244
11243,8602
11243,3839
11243,3132
11244,3338
11244,11245
11244,3839
8602,8607
8602,3116
8602,11243
3285,3818
3285,3216
3285,3278
9047,3288
9047,9045
9047,3289
9047,3435
3278,3273
3278,3285
3278,3838
3191,3186
3191,3294
3191,3185
3192,3295
3192,3187
3192,3186
3327,3326
519,516
519,11246
519,520
520,516
520,558
520,519
523,518
3363,3361
3426,11247
3426,11248
3426,3420
11247,3433
11247,3426
11247,11249
11248,3426
3433,11247
3433,11250
3433,3429
11249,11247
11250,11251
11250,3424
11250,3433
11251,11250
3424,3419
3424,11250
3424,11252
3423,3419
3423,9048
3423,11252
11252,11253
11252,3424
11252,3423
11253,11252
11253,9048
11253,3435
9048,9045
9048,11253
9048,3423
895,3028
895,3028
895,892
573,568
11254,89
89,11254
89,11255
89,85
11255,89
11255,9597
11255,9597
9597,11255
9597,11255
9597,9594
10006,10003
10006,10771
10006,10005
10771,11256
10771,10006
10771,11257
10771,10767
10005,10003
10005,10006
10005,10002
11256,10770
11256,11257
11256,10771
11257,11256
11257,10770
11257,10771
10770,10767
10770,11256
10770,11257
3043,3008
11258,11259
11258,11260
11258,11261
11259,11258
11259,11262
11259,11263
11260,11264
11260,11265
11260,11258
11261,11258
3744,9992
3744,3739
3744,3741
3741,3737
3741,9992
3741,3744
3166,3136
3166,11266
3166,3137
3165,3160
3163,3162
11266,3166
11245,11244
3338,11244
3338,3336
3338,3335
3335,11267
3335,3338
3335,3332
3346,3343
3347,3356
3347,11268
3347,3343
3359,3353
3358,3353
3358,3370
3358,11269
3354,3351
3364,3355
11270,4449
11270,11271
11271,11272
11271,11273
11271,11270
4086,9671
4086,4085
4086,9673
8920,4045
8920,9670
8920,4458
4045,8920
4045,4041
4045,4049
4442,11274
4442,4438
4442,11275
9673,11276
9673,9672
9673,4086
11274,4442
11275,4442
11276,9673
11276,9674
11276,11277
9674,3898
9674,11276
9674,9672
11277,3899
11277,3898
11277,11276
3899,11277
3899,3894
3899,3897
3898,3894
3898,9674
3898,11277
3898,4436
7854,7861
7854,11278
7854,7851
7854,7852
7861,7854
7861,11279
7861,11280
7861,7853
11278,7854
7860,7853
11279,7861
11280,7861
3841,3834
3764,3689
3771,3752
3709,3706
3687,3685
647,639
647,643
647,11281
11281,11282
11281,647
11281,11283
3526,5077
3526,3523
3526,3523
5077,5073
5077,3526
5077,11284
7065,7064
7065,7072
7065,7063
8943,8941
5475,5472
3838,3278
3838,3833
3838,3837
9046,9044
3435,9047
3435,3432
3435,11253
9216,11285
4375,6672
6672,11286
11286,11287
11286,11288
11287,11289
11288,11290
11288,11287
11289,11291
11289,725
11291,808
11291,732
7848,833
7848,9216
11285,11292
11285,4220
11292,4375
11292,4331
11293,11294
11293,11295
11293,11296
11293,11297
11294,11293
11294,11298
11294,11299
11295,11290
11295,11293
11295,11300
11296,11293
11296,11301
11296,11302
11297,785
11297,11303
11297,11302
11297,11293
11290,11288
11290,11295
11290,11304
10931,10929
4810,7404
4810,4805
4810,4778
9706,11305
9706,9704
9706,8881
11305,9706
11305,11306
11306,9705
11306,11307
9705,9703
9705,9424
9705,11308
11307,11305
7522,8615
7522,7520
7522,9297
9297,11309
9297,7522
9297,8615
9988,11310
9988,11310
9988,8331
11311,11312
11312,11311
11312,11313
11312,11314
11313,11312
11314,11315
11314,11312
11314,11316
9038,9036
9037,9036
7077,10201
7077,8721
7077,7073
9424,9705
9424,9422
9424,11307
11308,11317
11308,11318
11317,11308
11317,9424
11318,11319
11318,11319
11319,11318
11319,11317
11320,9949
11320,11321
11320,11322
9949,11323
9949,11320
9949,9944
11321,6157
11321,11320
11321,11324
11322,11325
11322,11320
11322,11326
11327,11328
11327,2327
11327,11329
11327,9954
11328,11330
11328,11327
11328,11331
2327,2324
2327,9953
2327,11327
11329,11332
11329,11327
11329,11331
9954,11333
9954,9952
9954,11327
9953,2327
9953,9952
9953,2328
2328,9953
2328,11334
2328,2324
11334,2328
6157,11321
6157,11335
6157,6154
11335,6157
11335,411
11335,11336
11337,11325
11325,11337
11325,11338
11325,11322
11338,11325
11326,11339
11326,11339
11326,11322
11339,6093
11339,11326
11339,11326
6093,11339
6093,11331
6093,2332
11332,11329
11331,6093
11331,11329
11331,11328
11333,9954
11333,9946
11333,11330
11330,11340
11330,11328
11330,11333
11340,11330
9951,9945
9951,8960
9951,11341
9718,11342
9718,4096
9718,11343
11342,11344
11342,11345
11342,9718
11343,11346
11343,11347
11343,9718
4094,4025
4094,11344
4094,11348
11344,4094
11344,11342
11344,11349
11348,4094
4918,11350
4918,4913
4918,11351
4919,11352
4919,4913
4919,11353
11354,10973
10973,11354
10973,3859
10973,11355
11355,11356
11355,10973
11355,3855
5636,11357
5636,5615
5636,5618
4108,9018
4108,9978
4108,3891
11358,11359
11359,11358
11359,11360
11359,11361
11360,11359
11360,11362
11360,11363
11361,11364
11361,11365
11361,11359
11362,11366
11362,11360
11362,11367
11363,11214
11363,11360
11363,11364
11366,11368
11366,11362
11366,11369
11368,11366
11369,11370
11369,11366
11369,3910
11367,11371
11367,11372
11367,11362
11214,11363
11214,11373
11214,11210
11214,11374
11373,11375
11373,11214
11374,11376
11374,11214
11374,11377
11378,9965
11378,11379
11378,11380
9965,11378
9965,9963
9965,9976
9965,9962
11379,11378
11380,11378
9967,9976
9967,9972
9967,9963
9976,9967
9976,9964
9976,9970
9976,9965
3601,11381
3601,3587
3601,7558
3601,7558
11381,11382
11381,3601
11381,11383
7558,3601
7558,3601
7558,7557
11382,11384
11382,11381
11382,11385
11383,11386
11383,11385
11383,11387
11383,11381
502,3787
502,499
502,11230
11230,503
11230,502
11230,11388
503,499
503,504
503,11389
11388,11230
11388,11390
11388,11391
11392,11390
11390,11393
11390,11388
11390,11392
11390,11231
11394,11395
11395,11394
11395,11231
11395,11396
11231,10349
11231,11395
11231,11390
11396,11395
2339,2336
7609,11124
7609,2246
7609,7608
1014,7310
1014,11397
1014,1012
7104,7101
7104,6481
5335,5334
5335,5427
5335,11398
5336,7310
5336,11399
5336,5334
5337,5334
11400,11401
11400,11402
11400,11403
11401,11400
11401,11404
11401,11405
11402,11406
11402,11400
11402,9625
11403,11407
11403,11408
11403,11400
11404,11409
11404,11401
11404,11405
11405,11410
11405,11401
11405,11404
11410,11405
11411,11412
11412,11411
11412,11413
11412,8348
11414,11413
11414,11415
11414,8348
11413,11414
11413,11412
11413,11416
11413,8348
11413,11417
11415,11418
11415,11414
11415,11419
8348,8343
8348,11414
8348,11412
8348,11413
11416,11420
11416,11420
11416,11413
11417,11413
11417,11421
11417,11419
11421,11407
11421,11420
11421,11417
11421,11419
11407,11403
11407,11421
11407,11408
11420,11416
11420,11416
11420,11421
11419,11415
11419,11421
11419,11417
11408,11407
11408,11403
11408,11422
11422,11408
11310,9988
11310,9988
11310,11423
11423,11310
11309,7524
11309,7524
11309,9297
1101,1103
1101,1095
1101,9532
1099,9532
1099,8013
1099,1097
1100,1097
1100,11424
1100,1095
11424,1100
4149,4147
4149,4131
4149,346
1207,1202
10980,10979
10980,10974
10980,11018
10956,4090
10956,11002
10956,11201
4809,7421
4809,4804
4809,11425
8262,7421
11426,11427
11426,11426
11426,11426
11427,11426
11427,8544
11427,11428
11427,11429
11430,11431
11430,11432
11430,11433
11431,11434
11431,11429
11431,11430
11432,11435
11432,11433
11432,11430
11433,4807
11433,11430
11433,11432
11435,11432
11435,11436
11435,11437
11435,11438
4807,11436
4807,11433
4807,4803
4806,4803
4806,11436
4806,10990
10990,8324
10990,4800
10990,4806
10991,8324
10991,11438
10991,4798
11438,10991
11438,10993
11438,11435
10993,11438
10993,4797
10993,11439
11439,10993
11439,11437
11439,11437
11439,11440
6007,6004
9468,6005
9469,6005
7345,11441
7345,180
7345,3990
11441,7345
4840,4819
4839,4819
8267,8265
8267,8269
8267,4897
4897,8267
4897,4894
4897,8265
8269,8268
8269,8267
8269,11442
11442,8269
4713,11443
4713,4709
4713,4710
11443,4713
11443,6275
11443,11444
6275,11443
6275,6012
6275,4002
11444,11443
6292,6291
6276,8273
6276,3997
6276,4002
11445,9574
9574,11445
9574,8270
9574,3958
9788,8769
11446,8492
8492,10549
8492,8484
8492,11446
7211,6391
7211,9104
7211,9104
11447,11448
11447,7224
11447,7225
11448,11449
11448,11447
11448,9114
7224,7222
7224,11447
7224,7188
7225,11450
7225,7189
7225,11447
9113,9110
9113,11450
9113,6924
9114,11448
9114,11451
9114,6924
9110,9113
9110,9109
9110,6923
11450,7225
11450,9113
11450,11452
9112,6925
462,457
463,457
9677,9675
9677,9678
9677,9664
9677,9676
9678,9677
9678,11453
9678,9675
9664,9663
9664,9661
9664,9677
9676,9663
9676,9665
9676,9677
9663,9676
9663,9664
9663,9661
9663,9662
11453,9678
6615,2016
11454,6614
6614,11454
6614,1995
6614,1996
5414,2018
9077,9076
9077,11455
9077,9079
9077,1982
11455,9077
11455,9086
11455,9082
9086,9085
9086,11455
9086,9084
2032,2028
9073,9084
9073,9082
9073,9072
9082,9079
9082,9073
9082,11455
8657,11456
8657,9072
8657,8655
4460,4447
4460,8797
4259,731
4259,11457
11457,4259
11457,740
11457,11458
11207,11459
11207,11206
11207,11460
11459,11461
11459,11207
11459,11462
11460,11463
11460,11207
11460,11464
11460,11465
10748,11466
10748,10740
11466,10126
11466,11467
10126,10124
10126,10125
10836,1912
10836,11468
10836,11469
1884,1870
1884,9846
1884,11470
10744,11471
10744,9427
11472,1758
11472,11473
1758,11474
11473,11475
11473,11472
11473,11476
11474,11477
11474,11478
1759,11472
1759,11476
11476,1759
11476,11479
11476,11473
119,113
11480,11481
11480,118
11481,117
11481,11482
118,1714
118,11480
118,112
1717,11480
1717,11483
1720,11484
1720,11485
1720,1714
11484,1720
11484,11484
11484,11484
11485,1720
1750,11486
1750,1746
1750,11487
11486,11488
11486,1750
11486,11489
11487,11490
11487,11491
11487,1750
11490,11487
11490,9091
11490,11492
9091,11490
9091,9088
9091,11493
11492,11494
11492,11036
11492,11490
11493,11495
11493,11488
11493,9091
11495,11496
11495,11493
11495,11497
11488,11493
11488,11486
11488,11498
9092,9090
9092,9088
9092,9075
9093,11496
9093,11499
9093,9089
11496,9093
11496,11495
11496,11500
11499,1165
11499,9093
11499,11501
1165,1163
1165,11499
1165,9068
11502,11503
11503,11502
11503,2072
11503,11504
2072,11505
2072,2069
2072,11503
11504,11506
11504,11503
11505,2072
11506,11507
11506,11508
11509,11510
11510,11509
11510,10631
11510,11511
2067,2062
2067,11511
2067,11512
11511,11510
11511,2067
11511,8041
11512,2067
11513,9453
9453,11513
9453,352
9453,11514
3030,2925
885,879
1988,1987
1988,1996
1988,7889
1989,1987
1989,7889
1989,11515
3414,3411
7524,11309
7524,11309
7524,7520
10200,11516
10200,9623
10200,11517
11516,10200
11516,11518
11516,11519
11518,11519
11518,11520
11518,11516
11519,11518
11519,11516
11519,11521
11517,10200
11520,11521
11520,11522
11520,11518
11523,11522
11523,11522
11523,11521
11522,11523
11522,11523
11522,11520
11521,11520
11521,11519
11521,11523
4260,4257
4260,11524
4260,11525
11524,4260
11524,11525
11524,7841
11524,7841
11525,11524
11525,4260
11525,7847
7841,11524
7841,11524
7841,7837
67,8902
67,63
67,8903
8902,5573
8902,67
8902,11526
8903,9660
8903,67
8903,5573
9660,5485
9660,8903
9660,11527
11527,9660
8245,8244
11528,8040
11528,11529
11528,11530
11528,11531
8040,11528
8040,8037
8040,11530
11529,11528
11530,11528
11530,9096
11530,8040
11531,11528
11531,8161
11531,8161
8160,11532
8160,8156
8160,11533
8161,11531
8161,11531
8161,8156
8039,8037
8039,11534
8039,11535
9096,11530
9096,8167
9096,9095
3567,2674
3568,2696
227,222
227,11536
227,11537
11536,11538
11536,227
11536,11539
11537,227
11538,11536
11539,11536
556,225
555,225
555,7856
555,11540
223,218
223,11541
223,11542
224,218
224,9331
224,11543
11541,223
11542,223
11544,11545
11544,11546
11544,11547
11545,11544
11545,11548
11545,11547
11546,11548
11546,11544
11546,11549
11547,11545
11547,11544
11547,11550
11548,11546
11548,11545
11548,11549
11549,11551
11549,11546
11549,11548
11551,11549
11551,11552
11551,8836
11550,8849
11550,11547
11550,8850
11552,11553
11552,11554
11552,11551
8836,8834
8836,234
8836,11551
1292,1289
1292,11555
1292,11556
1293,1289
1293,11557
1293,8835
860,11558
860,11559
860,855
11558,11560
11558,860
11558,11561
11559,860
11559,11562
11559,11563
11562,11559
11562,11564
11562,11565
11563,11559
11566,11567
11566,11568
11566,11569
11567,11570
11567,11566
11567,11571
11568,11566
11568,11572
11568,11573
11569,11564
11569,11574
11569,11566
11575,11576
11575,11577
11575,11578
11576,11575
11576,11579
11576,11580
11577,11579
11577,11581
11577,11575
11578,11582
11578,11583
11578,11580
11578,11575
11579,11577
11579,11584
11579,11585
11579,11576
11580,11576
11580,11578
11580,11586
11583,11582
11583,11587
11583,11578
11582,11583
11582,11588
11582,11587
11582,11578
11587,11554
11587,11553
11587,11582
11587,11583
11589,11590
11589,11581
11589,11591
11590,11589
11590,11592
11590,11593
11590,11585
11581,11585
11581,11577
11581,11589
11591,11593
11591,11589
11591,11594
11592,11590
11593,11591
11593,11595
11593,11596
11593,11590
11585,11581
11585,11597
11585,11590
11585,11579
11594,11591
11594,11596
11594,11572
11595,11593
11596,11594
11596,11598
11596,11593
11596,11572
11597,11585
11584,11579
11572,11594
11572,11568
11572,11596
11573,11599
11573,11600
11573,11568
11598,11596
11599,11573
11599,11586
11600,11601
11600,11573
11600,856
11586,11580
11586,11602
11586,11599
11554,11587
11554,11588
11554,11552
11588,11582
11588,11603
11588,11554
11553,11552
11553,11587
11553,9338
11603,11588
9338,11553
9338,9333
9338,11602
11602,11604
11602,9338
11602,11586
1319,1322
1319,1317
1319,1315
1322,11605
1322,1319
1322,1317
11605,1322
11605,9415
11605,11606
11607,11608
11607,9413
11607,9415
11608,1332
11608,11607
11608,11609
9413,11607
9413,9411
9413,11610
9415,11605
9415,11607
9415,9411
1332,1326
1332,11608
1332,1327
1327,11611
1327,1324
1327,1332
11611,11612
11611,1327
11611,11613
11614,1330
11614,11614
11614,11614
1330,6358
1330,1325
1330,11614
6358,1330
6358,6360
6358,6356
6360,6357
6360,6357
6360,6358
1310,11615
1310,1308
1310,11616
1311,1308
11617,1313
1313,1309
1313,11617
1313,11618
1312,1309
1312,1338
1312,1339
11618,1313
1338,1312
1338,1335
1338,1337
1339,1335
1339,11619
1339,1312
11619,1339
1340,1336
1340,11620
1340,11621
1341,1336
1341,11620
1341,11622
1307,1302
1307,1336
1307,1301
11620,1340
11620,11623
11620,1341
11622,11624
11622,11612
11622,1341
11623,11620
11623,4967
11623,11625
11625,11623
4967,11623
4967,868
4967,4965
11626,11627
11627,11626
11627,11621
11627,11628
11621,11627
11621,1340
11621,11629
11628,11627
11630,11631
11630,11303
11630,11303
11631,787
11631,11630
11631,11632
11303,11297
11303,11630
11303,11630
787,11631
787,783
787,11633
11632,6673
11632,11631
11632,11634
785,782
785,11297
785,11635
11302,11296
11302,11635
11302,11297
11298,11294
11298,4593
11298,11636
11299,11294
11299,11301
11299,4596
11301,11299
11301,11296
11301,11637
4596,11299
4596,4592
4596,11637
11637,11301
11637,4596
11637,11638
4595,4592
4595,11639
4595,11640
4589,4584
4589,4587
4589,4590
4587,4583
4587,4589
4587,11641
4590,4589
4590,11642
4590,4584
11641,11643
11641,4587
11641,11644
11641,11645
4586,11640
4586,4582
4586,11646
11640,4586
11640,11647
11640,4595
11646,11642
11646,11648
11646,4586
4585,4582
11642,11646
11642,11649
11642,4590
4528,11644
4528,11650
4528,4525
4529,4526
4529,11651
4529,11652
11651,4529
11651,11653
11651,11654
11653,11651
11653,4578
11653,11655
11654,11651
11654,11656
11654,11657
11656,11654
11658,11659
11659,11658
11659,11660
11659,11661
11660,11659
11662,11655
11655,11653
11655,11663
11655,11662
4578,11653
4578,4575
4578,11663
11664,11665
11664,11665
11664,11666
11665,11664
11665,11664
11665,11667
11666,11668
11666,11669
11666,11664
11667,11669
11667,4580
11667,11665
11668,11670
11668,11666
11668,11671
11669,11666
11669,11667
11669,11672
4580,11667
4580,4576
4580,11673
4577,11673
4577,11674
4577,4573
11673,4577
11673,11675
11673,4580
11674,4577
11675,11673
11661,11676
11661,11659
11661,4572
11676,11661
4572,11661
4572,4569
4572,11677
8050,11678
8050,7924
8050,11679
11678,8050
11679,8050
10123,1140
9130,11680
9130,9127
9130,9126
11680,9128
11680,11681
11680,9130
9128,11680
9128,9126
9128,11682
11681,11105
11681,11680
11681,11112
11683,11684
11683,5123
11684,11683
11684,10358
5123,298
5123,11684
5198,8415
5198,6184
11409,11406
11409,11404
11409,11685
11406,11402
11406,9626
11406,11409
11685,11409
9626,9625
9626,11406
9626,9621
9625,11402
9625,9621
9625,9626
1276,1269
9655,9653
7569,2231
10921,10920
11418,11686
11418,11415
11686,11418
11687,11688
11687,11689
11687,11690
11688,4563
11688,11687
11688,11691
11689,11687
11689,11691
11689,11692
11690,11687
11693,4563
4563,4559
4563,11688
4563,11693
11694,4571
4571,4568
4571,11694
4571,11695
11695,4571
4561,4568
4561,4558
4561,4562
1800,1798
1800,11696
1800,1796
6621,8722
6621,2008
5025,5021
5025,11084
5025,11084
5025,1768
11084,5025
11084,5025
11084,5016
1768,1767
1768,5025
1768,1741
11615,11697
11615,1310
11615,11698
11697,11699
11697,11615
11697,11700
11698,11699
11698,11615
11698,11701
11699,11702
11699,11697
11699,11698
11701,11703
11701,4906
11701,11698
11702,11555
11702,11699
11702,11704
11555,1292
11555,11702
11555,4906
4906,11555
4906,11701
4906,4903
11616,1310
11705,11706
11705,11707
11705,1291
11706,11705
11706,11708
11706,1291
11707,11708
11707,11705
11707,11709
1291,11706
1291,11705
1291,861
11708,11707
11708,11710
11708,11706
11709,11710
11709,11707
11709,11556
11710,11709
11710,11708
11710,11556
11556,11709
11556,11704
11556,1292
11556,11710
11704,11556
11704,11711
11704,11702
11711,11712
11711,11704
11711,11713
11714,11712
11712,11714
11712,11715
11712,11711
11715,11712
11715,11716
11715,859
10924,10923
10924,11717
10924,11718
1352,1346
1351,1346
1351,11719
1351,11720
10967,6213
9136,9150
9136,11044
9136,17
9719,11721
9719,4097
9719,9803
4940,4926
4940,11722
4940,4097
11722,4940
11722,11723
11722,11724
4963,4960
11725,11726
11726,11727
11726,11725
11726,11728
11727,4028
11727,11729
11727,11726
11728,11726
11730,11731
11730,4028
11730,11732
11731,11730
11731,11733
11731,4027
4028,4022
4028,11727
4028,11730
11732,11734
11732,11730
11732,4023
11733,11731
4027,4023
4027,4022
4027,11731
4023,4020
4023,4027
4023,11732
11734,11732
11729,11727
11729,3976
11729,11735
4011,927
4995,4984
11736,11737
11737,11738
11737,11736
11737,4958
11739,7404
7404,4810
7404,11739
7404,7402
11202,11434
11202,11428
11202,8542
4861,11434
4861,8542
4861,4680
11428,11427
11428,11202
11428,11740
11740,11741
11740,11741
11740,11428
11434,4861
11434,11431
11434,11202
8544,11427
8544,6249
8544,11742
11429,11427
11429,11431
11429,11742
11742,11429
11742,8545
11742,8544
8545,11742
8545,4807
5022,11743
5022,5019
5022,5016
5022,11744
11743,5022
11743,11745
11743,11746
11744,5023
11744,11746
11744,5022
5215,5216
5215,9232
5215,5210
9194,9192
9194,1141
9194,9195
11747,11748
11747,11049
11747,11749
11748,11747
11748,11749
11748,11049
11049,11747
11049,11748
11049,3490
11749,11748
11749,11750
11749,11747
11750,11749
11750,11751
11750,10777
11751,11752
11751,11750
11751,11753
10777,11750
10777,10775
9359,9356
9359,10856
9359,10856
10856,9359
10856,9359
10856,10854
11267,3335
3132,3129
3132,11243
3132,3126
2152,2141
2152,11754
2152,11755
11756,11757
11756,11758
11756,11759
11757,11760
11757,11756
11757,11761
11758,11756
11758,3552
11758,11762
11759,11756
11759,11761
11759,11762
11760,11763
11760,11757
11760,11764
11761,11757
11761,11765
11761,11759
11763,11760
11763,11766
11763,11765
11764,11760
11764,11767
11764,11768
3552,3548
3552,11758
3552,11242
11242,11769
11242,11240
11242,3552
11242,11762
11762,11758
11762,11759
11762,11242
11770,11241
11241,11770
11241,11240
11241,11771
11232,10349
11232,11772
11232,11773
11774,11775
11774,11776
11774,11777
11775,11774
11776,11774
11776,11370
11776,11778
11777,11774
11370,11779
11370,11776
11370,11369
11778,11780
11778,11776
11778,11781
11780,11782
11780,11778
11780,11783
11782,11780
11783,11780
11781,11778
11781,11784
11781,11212
11779,11370
11784,11785
11784,11786
11784,11781
11785,11784
11786,11784
11212,11781
11212,11210
11212,11363
11213,11210
11213,11211
6452,1499
7019,7011
7019,7015
7019,7744
9357,9355
9357,9358
9357,9356
9358,9357
9358,9355
11787,11208
11787,11209
11788,11789
11789,11788
11789,11790
11789,11791
11791,11792
11791,11793
11791,11789
11792,11794
11792,11791
11792,11795
11793,11791
11793,11796
11793,11797
11798,11799
11798,11800
11798,11801
11799,11798
11799,11802
11799,11794
11800,11802
11800,11803
11800,11804
11800,11798
11801,11805
11801,11798
11806,11807
11806,11808
11806,11809
11807,11810
11807,11806
11807,11811
11807,11812
11808,11813
11808,11806
11808,11814
11809,11815
11809,11806
11809,11816
11817,11818
11818,11787
11818,11212
7529,4076
7529,11817
4243,11817
4243,7529
9781,4239
9781,4242
4057,11819
4057,4989
4057,4058
4058,11820
4058,4057
4058,11821
4056,4054
4056,4159
11822,11823
11822,11824
11823,11825
11823,11826
11823,9717
11824,11827
11824,11828
11825,11824
11825,11829
11825,11823
11826,11823
11826,9717
9717,11830
9717,4096
11828,11831
11828,11832
11831,11821
11831,11820
11832,9369
11832,9365
9369,11828
9369,11822
11833,11834
11833,11821
11834,11835
11834,4056
11834,11836
11821,4058
11821,11833
11821,4054
11827,11833
11827,11831
11830,11837
11830,11825
11838,11839
11838,11840
11838,11841
11839,11838
11839,11842
11839,3540
11840,11838
11840,11843
11840,11844
11841,11842
11841,11838
11841,11843
11841,11845
11842,11846
11842,11839
11842,11841
3540,3542
3540,11839
11846,11842
11846,11847
11846,10426
11847,11845
11847,11846
11847,11848
10426,11846
10426,3520
10426,11845
10342,10774
10342,10339
10342,10000
10774,10342
10774,10330
10341,11849
3545,3549
3545,10339
3545,3538
11843,11840
11843,11850
11843,11841
11850,11843
11850,11851
11850,11851
3594,11852
3594,3592
3594,11844
11852,3539
11852,3594
11852,11853
11844,3594
11844,11854
11844,11840
11854,11844
11854,11855
11854,11855
11855,11854
11855,11854
11855,11856
11856,11855
3542,3541
3542,3537
3542,3540
11393,11390
11772,11232
11773,11232
11857,3508
11857,3482
3508,11858
3508,3491
3508,11857
3508,3509
3509,3508
3509,11859
7231,7205
7231,11860
7231,7232
7232,11861
7232,7231
7232,7205
11860,11861
11860,11861
11860,7231
11861,7232
11861,11860
11861,11860
11054,3501
11054,10828
10828,10829
10828,10830
10831,3495
10831,10826
6919,2722
3459,3458
3459,10188
3459,3455
3461,10191
3461,3458
3461,3460
6572,6560
6572,10186
6572,3070
10192,11862
10192,5890
10192,3083
5889,5887
11862,10192
11862,11863
11862,11864
11863,11862
11864,11862
5852,5850
5853,5843
3063,3060
1458,72
1458,11865
1458,1457
1458,5913
11865,11866
11865,11867
11865,1458
11867,11865
11866,11865
9889,9884
1273,1268
1273,70
1273,11868
8901,5278
327,11869
327,11869
327,320
11869,11870
11869,327
11869,327
11870,11869
11870,11871
11870,11872
326,320
326,11873
326,11871
11873,326
11873,336
11873,11874
11871,11870
11871,326
11871,11875
11872,11870
11872,11876
11872,11875
11877,11876
11876,11872
11876,11877
11876,11875
11878,8816
8816,4461
8816,11878
8816,8815
4461,8816
4461,4447
4461,4446
8818,8815
11879,11880
11880,11879
11880,11881
11880,36
11881,11880
36,31
36,53
36,11880
37,32
37,11882
37,11883
38,6557
38,11884
38,32
4977,4943
4975,4942
11885,11886
11885,9914
11885,11887
11886,9906
11886,11885
11886,9905
9914,11885
9914,9913
9914,9893
11887,9913
11887,9905
11887,11885
9913,9893
9913,11887
9913,9914
9905,11887
9905,9903
9905,11886
9906,9904
9906,11886
9906,9903
9911,11888
9911,9907
9911,9894
10431,10436
10823,11057
10823,10820
11057,11056
11057,11889
11889,10835
11889,11058
10835,11058
10835,10834
10835,10823
11059,11889
11059,11056
11060,11890
11060,10862
11891,11892
11891,11890
11892,11056
11892,11890
11890,11892
11890,11060
11890,11059
10862,9725
10862,11891
10015,11893
10015,11894
10015,10018
1883,1878
1883,11893
1883,7237
11893,10015
11893,1898
11893,1883
11894,11895
11894,10017
11895,11896
11895,11896
11896,1902
1903,1899
7270,7259
3910,3905
3910,4074
3910,11369
4074,4071
4074,3910
4074,11897
9984,9978
9984,11898
9984,11795
11805,11899
11805,11801
11805,11900
11899,11901
11899,11805
11899,11902
11900,11903
11900,11805
11900,11904
11898,9984
11898,11901
11898,11905
11898,11903
11901,11899
11901,11906
11901,11898
11905,11907
11905,11898
11905,11908
11903,11909
11903,11898
11903,11900
11906,11901
11906,11907
11906,11910
11796,11793
11911,10815
10815,10814
10815,11912
10815,11911
11913,11914
11914,11913
11914,11912
11914,11915
11912,10815
11912,11916
11912,11914
11915,11914
11916,11912
11917,10816
10816,11918
10816,11917
10816,10814
11918,10816
11919,11920
11919,11921
11919,11922
11920,11919
11920,11923
11920,11924
11921,6599
11921,11919
11921,11925
11922,11926
11922,11919
11922,6598
11923,11920
11924,11920
11924,11926
11924,11927
11928,11929
11929,11930
11929,11928
11929,11931
11932,11933
11933,11932
11933,11934
11933,11934
11934,11935
11934,11936
11934,11933
11934,11933
11935,11934
11935,11937
11935,11937
11937,11935
11937,11935
11937,11936
11936,11934
11936,6066
11936,11937
11938,6066
11938,11939
11938,6067
6066,11938
6066,11936
6066,6063
11939,11938
6067,6063
6067,11940
6067,11938
11940,6067
11940,11931
11940,11941
11931,11930
11931,11940
11931,11929
11941,11927
11941,11940
11941,11926
11930,11931
11930,11927
11930,11929
11927,11941
11927,11930
11927,11924
11926,11924
11926,11922
11926,11941
6598,2806
6598,11922
6599,11942
6599,11921
6599,2939
11925,11921
10810,10811
10810,10811
10810,2795
10811,10810
10811,10810
10811,2795
2865,2860
5368,5285
5374,5231
5374,11943
5374,5370
9240,9242
9240,9239
9240,11944
11945,11946
11945,10677
11945,5256
11946,11945
11946,11947
11946,11948
11946,11949
11946,5256
10677,11950
10677,59
10677,11945
5256,5257
5256,11945
5256,11946
5256,4167
11951,9691
11951,4170
11951,11952
9691,9689
9691,11951
9691,11948
4170,11951
4170,4165
4170,4171
11952,11951
11952,11948
11952,11949
11948,11952
11948,9691
11948,11946
11949,11952
11949,11953
11949,11946
11947,11954
11947,11946
11947,11953
11955,600
600,11955
600,595
600,3413
601,595
3248,3243
3245,3242
11956,592
592,11956
592,588
592,11957
6547,591
5391,5451
5391,2036
5391,5392
5453,5451
5453,5392
5453,5234
5392,5391
5392,5453
5392,2036
5234,5310
5234,5453
5234,5227
11958,11959
11959,11958
11959,11960
11959,6548
11960,11959
6548,5136
6548,11961
6548,11959
589,5136
589,587
589,11962
11961,6548
11963,590
590,587
590,11964
590,11963
11965,8856
11965,11966
11965,11967
8856,11965
8856,8854
8856,8743
11966,11965
11967,11965
3430,3427
11149,6467
11148,10473
5413,5328
10474,11968
10474,11969
10474,6502
11968,10474
11968,10475
11968,10476
11969,11171
11969,11970
11969,10474
10475,10476
10475,11968
10475,6503
10476,10475
10476,6503
10476,11968
11171,11969
11171,11970
11171,11169
11970,1285
11970,11171
11970,11969
11170,11971
11170,11169
11170,11972
11973,11974
11974,11973
11974,11975
11974,11975
11971,5330
11971,11170
11971,11976
5330,5326
5330,11971
5330,5420
11976,11975
11976,11971
11976,5420
5420,5330
5420,5416
5420,11976
5432,1264
5113,597
11977,3314
3314,11978
3314,3312
3314,11977
11978,3314
3315,3121
3319,3316
9820,11979
9820,11980
9820,334
6557,11981
6557,38
6557,6555
8850,8849
8850,8844
8850,11550
8849,11550
8849,8844
8849,8850
11982,11983
11983,11982
11983,5601
11983,11984
9697,11985
9697,8503
9697,11986
6702,6700
6702,8501
6702,8503
8899,11987
8899,8897
8899,8900
8899,6709
6693,6687
6693,8897
6693,6709
11987,8891
11987,8899
11987,8889
11987,6704
8891,8888
8891,11987
8891,11986
8889,8885
8889,8900
8889,11987
6704,6691
6704,11988
6704,11987
6704,6690
8892,11986
8892,8888
8892,11989
661,657
5519,5515
5520,5515
8501,8504
8501,6702
8501,8499
8504,7130
8504,8501
8504,8505
6703,6700
6703,11985
6703,11988
11985,11988
11985,9697
11985,6703
11988,11985
11988,6704
11988,6703
11986,8892
11986,9697
11986,8891
8900,8889
8900,8898
8900,8899
6709,6691
6709,8899
6709,6693
11990,11991
11991,11992
11991,11990
11991,11227
11227,10327
11227,11993
11227,11991
11993,11994
11993,11995
11993,11227
11996,11992
11992,11996
11992,11991
11992,11997
11998,9583
9583,11998
9583,9580
9583,11999
9584,9580
9585,9580
9585,11999
9585,504
11999,12000
11999,9583
11999,9585
504,500
504,4551
504,9585
12001,12002
12001,12003
12001,12004
12002,12001
12002,12005
12002,12006
12003,12007
12003,12001
12003,12008
12004,12001
12009,12010
12010,12009
12010,12011
12010,12012
12013,12005
12013,12011
12013,12014
12013,12015
12005,12002
12005,12013
12005,12016
12011,12013
12011,12010
12011,12017
12014,12013
12014,12017
12014,12016
12015,12013
12012,12018
12012,12010
12012,12019
6019,5969
6019,5976
6019,6021
6022,6023
6022,12019
6022,6021
12017,12014
12017,12020
12017,12011
12021,12022
12021,12023
12021,12024
12022,12025
12022,12021
12022,12024
12023,12021
12023,12026
12023,9189
12024,12022
12024,12027
12024,12021
7527,996
7527,12025
7527,12028
12025,7527
12025,12022
12025,12027
12028,12026
12028,7527
12028,12029
11771,12030
11771,12031
11771,11241
12030,11771
12030,12032
12030,3188
12031,11849
12031,11771
12031,3188
11767,11764
11768,12033
11768,11765
11768,11764
12034,7138
7138,12034
7138,5121
7138,12035
297,294
12035,7138
12036,12037
12037,12038
12037,12036
12037,10394
12039,12038
12039,12040
12039,11478
12038,12039
12038,12037
12038,12041
12040,12039
12040,12042
12040,12043
11478,12044
11478,11474
11478,12039
12042,12040
12042,11477
12042,12045
12043,1168
12043,12045
12043,12040
11477,11475
11477,12042
11475,12046
11475,11473
11372,11367
11372,12047
11372,12048
12047,12049
12047,4037
12047,11372
12048,11372
12048,12050
12048,12051
12048,12052
11810,12053
11810,11807
11810,12054
12053,11810
12053,12055
12053,12056
12054,11810
12054,12057
12054,12058
12050,12048
12050,9021
12050,12058
9021,9019
9021,12050
9021,12059
12058,12050
12058,12054
12058,12060
12061,12062
12062,4037
12062,12061
12062,12063
4037,12062
4037,12047
4037,4003
4037,12064
12063,12051
12063,12062
12063,12059
12051,12063
12051,12048
12051,12059
12059,9021
12059,12063
12059,12051
12052,12065
12052,12048
12052,12060
11377,12066
11377,11374
11377,12056
12066,11377
12066,12067
12066,12054
12056,12068
12056,11377
12056,12053
11942,6599
8702,9795
8702,8699
8702,12069
8703,8012
8703,12070
8703,8699
986,982
8009,12071
8009,482
8009,8697
12072,12073
12072,12074
12072,12075
12073,12072
12073,12076
12073,12077
12074,12078
12074,12079
12074,12072
12075,12072
12075,12080
12075,12081
12076,12073
12076,12081
12076,8692
12077,12079
12077,12082
12077,12073
12079,12077
12079,12083
12079,12074
12082,12084
12082,12085
12082,12077
12083,12086
12083,8010
12083,12079
12083,9793
12084,12087
12084,12082
12084,12088
12085,12082
12085,9793
12085,9796
12078,12074
12086,12083
8010,12089
8010,12083
8010,1492
9793,12085
9793,9790
9793,12083
12089,9794
12089,8010
12089,12090
9794,9790
9794,12089
9794,12091
12090,12092
12090,12093
12090,12089
8688,9792
8688,12094
8688,8685
8688,9791
12094,8688
12094,9796
12094,9530
8687,9528
8687,8684
8687,8684
9530,12095
9530,12094
9530,9528
12096,12097
12097,8689
12097,12096
12097,12098
8689,12097
8689,8686
8689,9522
12098,12099
12098,12100
12098,12097
4347,4344
4347,12101
4347,4350
4347,12102
12103,12104
12104,12103
12104,12105
12104,12106
12107,3534
3534,12107
3534,3531
3533,3531
6065,12108
6065,6061
6065,6150
9827,7954
9827,9826
9827,12109
9828,12109
9828,9826
9828,7982
1792,12110
1792,1787
1792,10709
9316,9314
9312,9310
10783,8513
11065,11064
11065,11064
11065,11063
11064,11065
11064,11065
11064,11062
12111,12112
12111,12113
12111,12114
12112,12111
12112,12115
12112,12116
12113,12111
12113,1894
12113,12117
12114,12111
1934,1923
1934,12116
1934,12118
12116,1934
12116,12119
12116,12112
12118,1934
1935,1923
12115,12112
12119,12116
10698,10703
10698,10701
10698,10694
8667,1848
1856,8662
1856,11013
1856,1852
1948,1945
10840,9846
11470,1884
12120,12121
12120,6362
12120,12122
12121,12120
12121,12122
12121,12123
6362,12120
6362,6361
6362,12124
12122,12121
12122,12120
12122,6498
12123,12124
12123,12124
12123,12121
8734,8720
8734,8719
8720,12125
8720,8734
9728,9729
9728,12126
9729,12127
9729,9728
9729,12128
9729,3497
12127,9729
12127,3498
8936,8932
8811,11822
8811,11826
8812,12129
8812,12130
8812,8810
12129,8812
12130,8812
12131,12132
12131,12133
12131,12134
12131,12135
12132,12131
12133,12136
12133,9638
12133,12131
12133,12137
12134,12137
12134,12138
12134,12131
12135,12139
12135,12140
12135,12131
9638,12141
9638,9635
9638,12133
9638,12142
12141,9638
12142,12137
12142,12143
12142,9638
12136,12133
12137,12134
12137,12142
12137,12133
12144,12145
12145,4791
12145,12144
12145,12146
4791,12145
4791,4767
4791,9637
12146,12139
12146,12147
12146,12145
4792,9634
4792,12148
4792,4767
12149,9637
9637,12149
9637,9635
9637,12143
9637,4791
12150,12151
12151,12152
12151,7990
12151,12150
12152,12151
7990,7991
7990,7989
7990,12151
7991,7804
7991,7990
7991,7989
12153,9009
9009,12153
9009,9007
9009,12154
9010,9007
9948,9944
8464,6376
12155,12156
12155,7109
12155,12157
12156,12158
12156,12155
12156,12159
7109,7106
7109,12155
7109,12159
12157,12160
12157,12155
12157,12161
12161,12162
12161,12157
12161,12163
12161,12164
12162,12161
12163,12161
12163,12165
12163,12166
12164,12161
12160,12157
7108,8933
7108,7106
7108,12167
12165,12163
12165,8933
12165,12166
12166,12168
12166,12163
12166,12165
8933,8931
8933,7108
8933,12165
12169,10282
10282,12170
10282,12169
10282,10280
12170,10282
4835,4832
4835,5837
4835,4838
4838,12171
4838,4833
4838,4835
4838,10010
7349,5837
4836,4832
4836,12172
4669,4668
4669,12172
4669,4832
12172,4669
12172,4670
10011,10010
10011,12171
12171,4838
12171,3918
4670,4668
4670,154
4837,10010
4837,10009
5818,6278
5818,9752
1647,1636
1160,1159
1160,8247
1160,12173
12173,1160
9567,9566
9567,12174
9567,12175
12174,9567
12175,9567
7502,7499
8987,12176
8987,8985
8987,8986
8989,5839
8989,8986
8989,8988
12176,8987
8988,5824
8988,5838
8988,8989
5838,8988
5838,5839
5838,5796
5839,8989
5839,5838
5839,5796
1525,1523
4762,4696
4697,4692
4759,4723
4759,4756
4759,12177
9640,4723
12177,4759
4760,4756
12178,4800
4800,10990
4800,12178
4800,4804
9770,9763
9770,9769
9770,9769
9763,9770
9763,4826
9763,12179
9762,7363
9762,12180
9762,12181
7343,7339
7343,4895
7343,7366
12182,12183
12183,12182
12183,7361
12183,4890
12184,7361
7361,12183
7361,12184
7361,7359
4814,9256
4814,4663
4814,9283
9245,9256
9245,9279
9245,9243
9246,9248
9246,9244
9246,9244
9255,9250
9251,9249
9285,9252
9284,9283
9284,9263
9284,9263
4931,12185
4931,1320
4931,12186
12185,4931
12185,12187
12185,6359
12186,12187
12186,12188
12186,4931
12189,682
12189,12189
12189,12189
682,12189
682,12190
682,678
12190,12191
12190,682
12190,12192
12191,12190
12191,12193
12192,856
12192,11601
12192,12190
856,853
856,12192
856,11600
857,853
11152,1463
11152,12194
11152,1464
11152,12195
1463,11152
1463,1462
1463,12196
12194,11152
12194,12197
12194,12195
12195,12194
12195,11152
12195,12198
12196,1463
12196,12196
12196,12196
4929,4928
4929,12199
4929,12200
12199,4972
12199,12201
12199,4929
12200,4929
9575,3958
9575,12202
9575,8270
8270,9574
8270,3960
8270,9575
12202,9575
1519,1511
1519,12203
1519,12204
1520,12205
1520,12206
1520,1511
1520,12207
1521,12208
1521,12209
1521,1511
1515,12205
1515,12210
1515,1509
12205,1520
12205,1515
12205,12211
12210,12212
12210,1515
12210,12213
12214,4780
4780,12214
4780,4704
4780,6249
4066,3865
4033,8999
4033,8997
4033,3889
5747,5743
5745,5742
8992,8991
8983,7493
12215,12216
12215,12217
12215,12218
12216,12219
12216,12220
12216,12215
12217,6900
12217,12215
12217,12221
12218,12222
12218,12215
12218,12223
12224,12221
12224,12219
12224,12225
12221,12217
12221,12224
12221,8026
12219,12216
12219,12226
12219,12224
12225,1696
12225,12227
12225,12224
6900,8025
6900,6899
6900,12217
8025,6900
8025,1677
8025,12228
1701,1699
1701,12229
1701,6892
12229,12230
12229,1701
12229,12231
1700,12232
1700,1698
1700,1702
12232,1700
12232,1695
12232,12233
1702,1699
1702,1700
1702,12231
1696,1695
1696,1693
1696,12225
1696,12234
1695,12232
1695,1696
1695,1692
12234,1696
1697,12235
1697,1693
1697,12236
12236,1697
12236,1673
12237,12238
12238,12237
12238,12236
8026,12238
8026,12221
3550,3551
3550,3547
3550,3553
3551,3547
3551,3550
3551,12239
3553,12239
3553,3548
3553,3550
3010,3006
3010,3042
3010,12240
9798,3193
9798,12241
9798,3198
12241,12242
12241,9798
12241,12243
3198,3195
3198,12242
3198,9798
12242,3198
12242,12243
12242,12241
12243,12242
12243,12244
12243,12241
12244,12245
12244,12246
12244,12243
12247,12248
12247,3205
12247,12246
12248,12247
3205,12247
3205,12249
3205,3203
12246,12249
12246,12244
12246,12247
12249,12246
12249,12245
12249,3205
12245,12244
12245,12249
12245,9058
9058,9057
9058,12250
9058,12245
2611,12250
2611,2608
2611,3203
2610,2607
2610,9059
2610,12250
9059,2609
9059,9057
9059,2610
12250,2611
12250,9058
12250,2610
12251,12252
12251,9060
12251,3005
12252,12251
9060,3005
9060,3004
9060,12251
3005,9060
3005,3001
3005,12251
12253,3011
3011,12253
3011,3006
3011,12254
12254,3011
12240,3010
3013,3007
3012,3007
12255,11385
12255,12256
12255,12257
12255,12258
11385,11383
11385,12255
11385,11382
12256,12255
12256,12259
12256,12260
12256,12261
12257,12262
12257,12255
12257,12261
12258,12255
12258,12263
12258,12264
12258,12260
11386,11383
11387,11383
12265,12266
12265,12267
12265,12268
12266,12269
12266,11384
12266,12265
12267,12270
12267,12265
12267,12271
12268,12265
12268,12272
12268,12273
12269,12274
12269,12266
12269,12273
11384,12266
11384,11382
11384,12271
12271,11384
12271,12275
12271,12267
12259,12256
12259,12276
12259,12277
12276,12259
12276,12276
12276,12276
12277,12259
12277,12278
12277,12279
12280,12281
12280,12282
12280,3589
12281,12280
12281,12283
12281,3589
12281,12274
12282,12284
12282,12280
12282,12285
3589,12281
3589,12280
3589,3584
12286,12287
12286,12288
12286,12289
12287,12290
12287,12286
12287,12291
12287,12289
12288,12286
12289,12292
12289,12287
12289,12286
12260,12293
12260,12256
12260,12258
12261,12256
12261,12279
12261,12257
12283,12274
12283,12273
12283,12281
12274,12269
12274,12283
12274,12281
3588,3584
7181,7176
7181,12294
7181,12295
12294,7181
12294,7183
12294,12296
12295,12296
12295,7181
12295,12297
12296,12295
12296,12298
12296,12294
12297,7177
12297,7178
12297,12295
7183,12294
7183,12299
7183,5637
12298,12296
12298,12300
12298,12299
12299,7183
12299,12301
12299,12298
12301,12299
12301,12302
12301,12300
12300,12298
12300,12303
12300,12301
12302,12301
12302,5635
12302,12303
12303,12300
12303,11357
12303,12302
5635,12302
5635,5618
5635,11357
11357,12303
11357,5636
11357,5635
7178,7176
7178,12297
7178,7175
7177,12297
7177,7175
7177,11234
10550,12304
10550,5616
10550,12305
8765,8766
8765,5528
8765,7122
8766,5528
8766,5533
12198,12197
12198,12306
12198,12195
12197,12194
12197,12198
12197,12307
12306,12198
12306,12308
12306,4930
4930,12309
4930,12306
4930,4928
12309,4930
12309,12310
12309,12311
12312,12310
12312,12313
12312,12314
12310,12312
12310,12315
12310,12309
12313,12312
12313,12316
12313,12317
12314,12312
12317,12313
12316,685
12316,12313
12316,12318
685,680
685,12316
685,12319
12318,12320
12318,12316
12318,4971
4160,4157
4160,12321
4160,12322
4161,12321
4161,4157
4161,12323
12321,4160
12321,12324
12321,4161
12321,12325
12323,4161
12322,12326
12322,12325
12322,4160
12324,12321
12325,12322
12325,12327
12325,12321
12325,12328
12326,12322
12326,12329
12326,12328
12327,12325
12328,12326
12328,12330
12328,12325
12328,12329
12329,12326
12329,11836
12329,12328
12330,12328
11836,11837
11836,12329
11836,11834
4270,12331
4270,3784
4270,4266
12331,4270
3784,4270
3784,3745
3784,3626
3745,3784
3745,4272
3745,4267
3745,3663
4272,3745
4272,703
4272,4267
8033,6892
8033,12230
8033,12223
12230,12229
12230,8033
12230,12332
12332,12333
12332,12230
12332,12334
12335,12060
12060,12335
12060,12052
12060,12058
12065,12067
12065,12052
12065,11371
12336,12068
12336,12337
12336,12055
12068,12056
12068,11376
12068,12336
12337,12338
12337,12336
12337,11376
12055,12053
12055,12068
12055,12336
12338,12337
12338,12339
12338,12340
11376,11374
11376,12341
11376,12337
12067,12065
12067,12066
12067,11365
11365,11361
11365,11371
11365,12067
11371,11365
11371,11367
11371,12065
11364,11361
11364,12066
11375,12342
11375,11213
11813,12343
11813,11809
12343,12344
12343,12345
11802,11800
11802,12346
11802,12347
11794,11792
11794,11799
11794,11904
12348,11811
12348,12349
11811,11808
11811,11807
12349,11804
12349,11803
12349,12350
12057,12348
12057,12351
12352,10793
10793,10790
10793,10796
10793,12352
9787,8769
12353,1043
12353,5421
12353,12354
1043,12353
1043,1038
1043,12355
5421,5417
5421,12353
5421,12356
12354,12353
1044,12355
1044,1038
1044,1045
1044,12357
1045,1039
1045,10477
1045,1044
10477,1045
10477,9849
10477,12358
9683,9686
9683,9686
9683,9680
9684,6854
9684,10648
9684,9680
6854,9684
6854,9682
6854,6849
10659,10657
5386,10657
5386,5404
5386,1274
5386,5382
12359,12360
12360,10649
12360,12359
12360,12361
10649,12360
10649,10648
10649,12361
12361,12362
12361,10649
12361,12360
12362,12363
12362,12361
12362,12364
12362,5430
12363,12362
12363,5430
12363,12364
5430,12363
5430,1263
5430,12362
12364,10651
12364,12363
12364,12362
5429,1263
10651,12364
10651,5404
10651,10652
4171,4165
4171,12365
4171,4170
5359,5357
5359,6864
5359,5355
6864,12366
6864,5359
6864,6532
12366,6864
12366,12367
12366,6863
12367,6863
12367,12366
12367,12368
6863,6861
6863,12367
6863,12366
6850,6847
6850,6861
6850,12368
8475,6531
8476,6531
5318,4166
5318,6529
5318,12369
8473,12370
8473,8474
8473,8470
12370,8473
7094,2124
9646,2980
2981,2975
9995,2976
9995,12371
9995,12371
12371,12372
12371,9995
12371,9995
12372,12373
12372,12371
12372,12374
9996,2976
5463,5459
5463,5623
5463,12375
5623,5463
5623,5622
5623,12376
12375,5463
5624,5622
12376,5623
5464,5459
8179,10623
8179,8184
8179,8177
8205,8204
8205,8202
8205,8198
10630,1781
12377,10631
10631,12377
10631,11510
10631,1781
12378,11534
11534,8039
11534,12379
11534,12378
12379,11534
12379,11532
12379,12380
12381,12382
12382,12381
12382,11532
12382,12383
11532,12379
11532,8160
11532,12382
12383,12382
11533,8160
9203,9170
9203,10150
9203,974
974,9203
974,970
974,9204
973,970
973,10150
973,975
10685,10683
10392,10681
10392,10683
10392,10389
8165,8158
8164,10396
8164,12384
5011,5015
5011,5007
5011,11083
12385,12386
12385,12387
12385,12388
12386,12385
12386,11753
12386,12389
12387,12390
12387,12385
12387,12391
12388,12392
12388,10351
12388,12385
11753,12393
11753,12386
11753,11751
12393,11753
12393,12394
12393,12394
12395,12394
12394,12395
12394,12393
12394,12393
12389,10350
12389,11752
12389,12386
10350,12391
10350,4601
10350,12389
11752,11751
11752,12389
11752,12396
12396,12397
12396,12398
12396,11752
9329,7554
9329,9821
9329,9821
12399,11235
11235,12399
11235,4634
11235,12400
12400,11235
2486,2482
8964,12401
8964,8963
8964,3527
8965,8963
6139,12402
6139,12403
6139,2488
12402,6139
12402,12404
12402,12405
12403,12406
12403,12407
12403,6139
12408,12405
12405,12408
12405,12409
12405,12402
12410,5079
5079,12410
5079,12411
5079,5074
12411,5079
11284,5077
12412,12401
12401,12413
12401,8964
12401,12412
12414,3529
12414,12415
12414,12416
3529,12414
3529,12417
3529,3525
3529,12418
12415,12419
12415,12420
12415,12414
12416,12414
12416,12421
12416,12422
12423,12418
12418,12420
12418,12423
12418,12424
12418,3529
9955,8960
11341,9951
11341,12425
11341,12420
11323,12426
11323,12425
11323,9949
12426,11323
12426,12427
12426,12428
12425,12428
12425,11341
12425,11323
12429,12430
12430,12413
12430,12429
12430,12419
12413,12430
12413,12401
12413,12421
12413,12431
12421,12413
12421,12416
12421,12419
12431,12413
12431,12432
12431,3527
12432,12433
12432,12422
12432,12431
3527,12431
3527,8964
3527,3524
12434,12419
12419,12434
12419,12415
12419,12421
12419,12430
12420,12418
12420,12415
12420,11341
12424,12418
12417,3529
12435,12422
12422,12435
12422,12432
12422,12416
12433,12432
12436,2411
2411,12436
2411,12437
2411,2398
12437,2411
2582,2424
12438,2685
2685,12438
2685,12439
2685,2684
12439,2685
12440,2682
2682,2665
2682,12440
2682,12441
12441,2682
2679,2664
2680,2664
2681,2664
12442,2668
2668,12442
2668,12443
2668,2645
12443,2668
2676,2641
9304,3569
9305,12444
9305,12445
9305,3569
9020,9019
9020,11907
9020,9018
11907,12446
11907,9020
11907,11905
11907,11906
12064,3908
12064,12049
12064,4037
12049,12047
12049,12064
12049,3908
11908,11905
11795,11792
11795,9984
11795,11909
12447,9974
9974,9970
9974,12447
9974,12448
12448,9974
11904,11900
11904,11909
11904,11794
11797,11793
11790,11789
3908,3904
3908,12064
3908,12049
3909,3904
7610,2144
7610,12449
7610,12450
6284,6282
12451,12452
12451,12453
12451,12454
12452,12451
12453,12451
12454,12455
12454,12451
12454,12032
12455,12456
12455,12454
12455,12457
12032,12030
12032,12458
12032,12454
12459,12460
12460,12461
12460,12459
12460,12462
12463,12461
12463,12464
12463,12465
12461,12460
12461,12463
12461,12466
12464,12467
12464,12465
12464,12463
12464,12468
12465,12464
12465,12467
12465,12463
12465,12462
12467,12464
12467,12469
12467,12465
12469,12467
12469,12470
12469,12471
12466,12461
12472,12473
12472,12474
12472,12475
12473,12472
12474,12472
12474,12476
12474,12468
12475,12477
12475,12472
12475,12462
12476,12468
12476,12474
12476,12478
12476,12479
12468,12478
12468,12476
12468,12474
12468,12464
12478,12468
12478,12456
12478,12476
12456,12478
12456,12471
12456,12455
12480,12481
12480,12482
12480,12457
12481,12483
12481,12480
12481,12484
12482,12485
12482,12480
12482,12486
12457,12487
12457,12455
12457,12480
12488,12484
12488,10772
12488,12489
12484,12481
12484,12488
12484,12486
10772,12488
10772,10769
10772,12490
12489,12488
12489,12491
12489,10773
10773,10769
10773,12489
10773,12492
12493,12494
12493,12495
12493,12479
12494,12493
12494,12479
12494,12487
12494,12485
12495,12496
12495,12493
12495,12477
12479,12494
12479,12493
12479,12487
12479,12476
12487,12494
12487,12479
12487,12457
12496,12495
12477,12475
12477,12495
12477,12491
12483,12481
12483,12497
12483,12486
12497,12483
12486,12483
12486,12484
12486,12482
12490,10772
12470,12469
12470,3559
12470,12498
3559,3556
3559,12499
3559,12470
12498,12500
12498,12470
12498,12501
12471,12469
12471,12456
12471,12500
12500,12471
12500,12498
12500,12458
12502,2224
2224,12502
2224,2221
2259,12503
2259,2252
2259,12504
12503,2259
12503,12505
12503,12504
12504,12506
12504,2259
12504,12503
2258,2252
2258,12507
2258,2251
2258,12505
12507,2258
12507,12508
12507,11755
12505,2258
12505,12503
12505,11755
12505,12509
12510,12511
12511,12512
12511,12510
12511,12513
12512,12511
12512,12514
12512,2675
12513,12515
12513,12516
12513,12511
12517,12518
12517,12519
12517,12520
12518,12517
12519,12517
12520,12521
12520,12517
12520,12522
12521,12523
12521,12524
12521,12520
12523,12521
12524,12521
12525,12514
12514,12525
12514,12526
12514,12512
12526,12514
2675,12512
2675,12522
2675,2671
12527,12528
12527,12529
12527,12515
12528,12527
12529,12527
12515,12527
12515,12530
12515,12513
12530,12515
12516,12531
12516,12513
12516,12492
12522,12445
12522,12520
12522,2675
12444,12532
12444,12533
12444,9305
12532,3564
12532,12444
12532,12534
12533,12535
12533,12444
12533,12536
12445,12522
12445,9305
12445,12537
1744,1739
1744,11034
1744,6819
11034,11031
11034,1744
11034,9074
12538,408
12539,10417
10424,12539
10424,12539
9987,9980
8036,1718
1175,1171
1897,1893
11837,11836
11837,11829
1891,1887
3943,12540
3943,12540
12339,12541
12339,12338
12339,12542
12340,12341
12340,12338
12340,12342
12341,12340
12341,11373
12342,12543
12342,11375
12342,12340
12544,12543
12544,12545
12544,12546
12543,12342
12543,12544
12543,12545
12545,12541
12545,12544
12545,12543
12546,12544
12547,12542
12542,12541
12542,12547
12542,12339
12541,12545
12541,12542
12541,12339
8876,8877
8876,138
8876,6478
8877,8876
8877,6482
8877,12548
8877,9844
8873,8870
8873,6480
8873,12548
12548,12549
12548,8877
12548,8873
8874,1007
8874,8870
8874,12549
12549,12550
12549,12548
12549,8874
12549,12551
12552,12553
12552,7528
12552,12554
12553,12555
12553,12552
12553,12556
12553,12557
7528,12558
7528,12552
7528,996
12554,12559
12554,12557
12554,12552
12560,12559
12560,12561
12560,12562
12560,452
12559,12554
12559,12560
12559,12563
12561,12560
12561,12564
12561,12565
12562,12566
12562,12560
12562,12567
452,12560
452,1091
452,447
12556,12563
12556,12568
12556,12553
12563,12556
12563,12557
12563,12559
12568,12556
12558,7528
12558,12555
12558,12555
12555,12558
12555,12558
12555,12553
12557,12554
12557,12563
12557,12553
12000,11999
11994,11993
11995,11993
11226,9302
9303,9301
12569,12570
12570,12569
12570,12571
12570,56
12571,12570
56,53
56,12570
56,35
1112,1107
12391,12572
12391,12387
12391,10350
12573,12574
12573,11604
12573,12575
12574,3654
12574,3655
12574,12573
11604,12573
11604,11602
11604,12576
12575,12573
12575,12577
12575,12578
12576,12579
12576,12580
12576,11604
12581,12582
12581,2368
12581,12583
12581,12584
12582,12585
12582,12581
12582,12586
2368,12581
2368,2364
2368,12583
12583,12587
12583,12581
12583,2368
12584,12588
12584,12589
12584,12581
12585,12582
12586,12582
12590,7963
7963,12590
7963,7959
7963,12591
7962,1789
7962,7959
7962,12592
7966,7943
12020,12017
12593,12594
12593,12595
12593,12596
12594,12593
12595,12593
12595,12597
12595,12006
12596,12016
12596,12593
12596,12006
12016,12596
12016,12005
12016,12014
12006,12002
12006,12596
12006,12595
12598,12597
12597,12598
12597,12008
12597,12595
12599,12008
12008,12597
12008,12599
12008,12003
12007,12003
5969,6019
5969,5964
5969,5970
1742,1738
1742,12600
1742,6820
12600,1742
12601,12602
12602,12601
12602,12603
12602,9607
12602,12604
12603,12605
12603,12602
12603,1766
12605,6842
12605,12603
12605,12606
1766,12603
1766,12606
1766,1743
1766,9607
6734,6727
6734,12607
6734,12608
6822,6805
6822,12609
6822,6821
12610,12609
12610,12607
12610,12611
12609,6822
12609,12610
12609,6823
12607,11038
12607,6823
12607,6734
12607,12610
12611,12612
12611,12613
12611,12610
12606,1766
12606,6814
12606,12605
9607,9605
9607,12602
9607,1766
9808,8418
9808,10632
9808,8420
10632,9808
10632,11696
10632,8186
8420,7875
8420,9808
8420,12614
12615,7876
7876,7875
7876,12615
7876,7873
9352,9350
233,231
233,230
233,9334
234,8836
234,230
234,9337
9334,9337
9334,9331
9334,233
9337,9333
9337,9334
9337,234
12154,9009
12616,12617
12616,9012
12616,12618
12617,12616
9012,12616
9012,12619
9012,9008
12618,12616
12620,12621
12620,12619
12620,12622
12621,12620
12621,3528
12621,12623
12619,12624
12619,12620
12619,9012
12622,12625
12622,12427
12622,12620
12624,12619
12587,12583
12589,12584
12588,12584
12588,3064
12588,12626
12627,12628
12627,12629
12627,12630
12628,12627
12628,12631
12628,12631
12629,12627
12630,12627
12630,12632
12630,12633
12631,12628
12631,12628
12631,12634
12635,12636
12635,12637
12636,12638
12636,12635
12637,12634
12637,12635
12637,12639
12634,12637
12634,12631
12634,12640
12639,12641
12639,12637
12639,9043
12642,3064
3064,3061
3064,12642
3064,12588
12641,12639
12641,12643
9043,12639
9043,3065
9043,12640
12626,12588
6130,6075
6130,12644
6130,12645
12644,6130
12644,12646
12644,12647
12645,6130
12645,2374
12645,12647
2374,12645
2374,12648
2374,2367
12647,12649
12647,12645
12647,12644
12650,12649
12650,6181
12650,12651
12649,12652
12649,12650
12649,12647
6181,3084
6181,12650
6181,12653
12651,12654
12651,6118
12651,12650
12653,12655
12653,6181
12653,12656
12656,12652
12656,12657
12656,12653
12656,3082
12652,12656
12652,12648
12652,12649
12657,12656
12657,12655
12657,12658
3082,12648
3082,12656
3082,3072
12648,12652
12648,3082
12648,2374
1978,1972
11456,8645
11456,8657
11820,11832
11820,11819
11819,9365
11819,4991
9610,10056
9610,12659
9610,5055
12660,9341
9341,12660
9341,7550
9341,12661
9341,9339
12661,7552
12661,9341
9339,9340
9339,9341
9340,9339
9340,12662
9340,4454
12662,9340
4516,541
4517,541
789,784
789,12663
789,786
788,784
788,12664
788,783
12664,788
4370,4365
4371,4365
4366,12665
4366,4363
4366,12666
4367,4363
12667,12668
12667,12668
12667,12669
12668,12347
12668,12667
12668,12667
12669,12670
12669,12671
12669,12667
12670,12669
12670,12672
12670,12673
12671,12669
12671,12346
12671,12674
12674,12345
12674,12345
12674,12671
12345,12674
12345,12674
12345,12343
12346,11814
12346,11813
12346,12671
12672,12670
12672,12675
12672,12675
12675,12672
12675,12672
12675,12344
12676,12673
12673,12670
12673,12676
12673,12677
11814,12346
11814,11808
11814,11804
11804,11814
11804,11800
11804,12349
4457,9700
4457,4451
4457,12678
9700,4457
9700,10028
9700,9698
12678,4457
10028,9700
10028,9699
4015,3428
4015,8801
12679,12680
12680,7092
12680,12681
12680,12679
12682,12681
12681,12682
12681,12680
12681,7134
7134,2096
7134,12683
7134,12681
12683,7134
12683,12684
12683,2094
7092,2971
7092,12680
7092,12685
7092,12686
12686,7092
12685,7092
7093,2971
9428,9426
9428,10756
9428,9425
1889,1886
1889,10756
1889,9426
10742,10759
10742,10739
10742,10741
12687,6098
12687,6098
12687,9210
6098,12687
6098,12687
6098,6095
9210,12687
9210,9030
9210,12688
2490,2484
12689,6099
6099,12690
6099,12689
6099,6095
12690,6099
6097,2489
9004,9001
9004,12691
12691,9004
1576,1551
1579,1571
109,104
109,12692
109,108
109,1381
12692,109
108,109
108,12693
108,103
1381,110
1381,1378
1381,109
12693,9601
12693,2348
12693,108
9601,107
9601,2347
9601,12693
2348,12694
2348,12693
2348,2347
2348,2346
1751,1746
11498,11488
11497,11495
11479,11476
12695,11500
11500,12695
11500,12696
11500,11496
11500,12697
938,936
940,937
1539,1538
12698,12699
12699,12698
12699,6597
12699,12700
6597,12699
6597,12701
6597,5060
12701,6597
8954,8951
6603,3055
12702,12703
12702,10032
12702,12704
12703,12702
12703,12705
12703,12706
10032,10033
10032,7940
10032,12702
12704,12702
12707,10033
12707,12708
12707,12705
10033,10029
10033,12707
10033,10032
12708,12707
12708,7929
12708,7930
12705,12707
12705,12703
12705,12706
12709,12710
12710,12711
12710,12709
12710,12712
12713,8452
8452,12713
8452,2298
8452,8451
10122,10121
5427,5335
5427,5352
5427,12714
11398,5335
8572,1033
5360,5348
5235,5228
5235,5236
5235,12715
12715,5378
12715,12716
12715,5235
12717,5233
5233,12717
5233,12718
5233,5227
12719,11874
11874,11981
11874,11873
11874,12719
11981,11874
11981,6557
11981,337
7102,7105
7102,7100
7102,7055
7102,7056
7055,7100
7055,7052
7055,7102
7056,7062
7056,7052
7056,7102
11972,11170
12356,5421
5424,5418
5422,5417
5419,5416
5419,5400
5419,5400
5400,5419
5400,5419
5400,5396
5401,5396
5401,5436
5401,12720
5409,5407
7062,11142
7062,7056
7062,7060
7061,6464
7061,7060
7061,11142
12720,5401
5436,5401
5436,1485
5436,12721
1484,1479
11131,7683
11131,7624
7680,7677
7680,7681
7680,7682
7681,12722
7681,7677
7681,7680
12722,7681
12722,11167
12722,11167
11167,9353
11167,12722
11167,12722
11755,2152
11755,12505
11755,12507
11754,2152
11127,12450
11127,11123
11127,12506
12450,11127
12450,12449
12450,7610
12506,11127
12506,12504
12506,12723
12449,7610
12449,12724
12449,12450
12724,12449
12725,8251
8251,9185
8251,8248
8251,12725
9189,9185
9189,12023
9189,12726
12726,9189
12726,12567
12726,12567
12567,12726
12567,12726
12567,12562
12727,12566
12566,12562
12566,12727
12566,7901
7901,12566
7901,12728
7901,1060
12728,7901
12729,9188
12729,12730
12729,12730
9188,12729
9188,9184
9188,12731
12730,12729
12730,12729
12730,9187
12731,9188
9187,7900
9187,9184
9187,12730
7900,1060
7900,9187
7900,12732
12027,12024
12027,12026
12027,12025
12026,12028
12026,12027
12026,12023
1091,452
1091,1089
1091,12733
12733,1091
12733,12734
12733,12735
12734,12733
12735,12736
12735,12737
12735,12733
12738,12739
12738,12740
12738,1090
12739,12738
12740,12741
12740,12742
12740,12738
1090,12743
1090,1059
1090,12738
12741,12740
12742,12736
12742,12740
12742,12737
12736,12744
12736,12735
12736,12742
12744,12736
12737,12745
12737,12735
12737,12742
12565,12561
12565,12746
12565,12743
12746,12747
12746,12743
12746,12565
12743,1090
12743,12746
12743,12565
12564,12748
12564,12749
12564,12561
12748,12564
12749,12564
7690,8445
7690,7616
7690,7685
8451,2298
8451,8452
8451,8460
8460,12712
8460,8458
8460,8451
12712,12711
12712,8460
12712,12710
11909,11903
11909,11795
11909,11904
9964,9975
9964,9962
9964,9976
12750,9981
12750,9981
12750,12751
9981,12750
9981,12750
9981,9973
12751,12752
12751,9979
12751,12750
12752,9968
12752,12751
12752,9979
9979,9972
9979,12752
9979,12751
12753,12753
12753,12753
12753,9983
9983,12753
9983,9977
9983,9982
9560,9557
9562,9558
9562,12754
9562,12755
12754,9562
12754,12756
12754,12757
12755,9562
9563,12758
9563,9558
9563,8968
8968,12759
8968,4340
8968,9563
12759,9555
12759,8968
12759,12760
12760,12759
9555,9551
9555,12759
9555,9556
12761,3654
3654,876
3654,12574
3654,12761
3655,12574
3655,12762
3655,876
11389,503
10351,12390
10351,12388
10351,4601
12390,12387
12390,12763
12390,10351
12537,12445
12531,12531
12531,12531
12531,12516
12492,12516
12492,2698
12492,10773
11853,11852
11853,12764
11853,12765
12764,12766
12764,11853
12764,12767
12764,12768
12765,11853
12765,12769
12765,3595
12765,12768
3539,11852
3539,3536
3539,12770
11765,11768
11765,11763
11765,11761
12033,11768
11766,11763
11769,11242
11769,12501
11769,12771
12462,12460
12462,12475
12462,12465
3188,12031
3188,12030
3188,3180
11849,12031
11849,10001
7688,2209
7688,7654
7688,7689
7689,2209
7689,7688
7689,7648
411,12772
411,409
411,11335
12773,2023
12773,12774
12773,12775
2023,2021
2023,12773
2023,12776
12774,12773
12774,5454
12774,12777
12775,12773
12775,12778
12775,12776
12776,2023
12776,12775
12776,2024
12776,12779
12779,12778
12779,12776
12779,12780
12778,12775
12778,12779
12778,12781
12780,12782
12780,12783
12780,12779
12781,12778
12781,12784
12781,12777
12781,12782
12784,12781
12784,12785
12784,12786
12784,12787
12777,12786
12777,12774
12777,12781
12782,12787
12782,12781
12782,12780
12785,12784
12785,12788
12785,5455
12785,12789
12786,5454
12786,12784
12786,5455
12786,12777
12787,12784
12787,12783
12787,12782
12787,12789
12788,12785
12788,12790
12788,5301
5455,5452
5455,12785
5455,12791
5455,12786
12789,12785
12789,12792
12789,12787
12790,12788
5454,12774
5454,5452
5454,12786
12783,12787
12783,12793
12783,12780
12794,12795
12794,12796
12794,12797
12795,12793
12795,12794
12795,12798
12796,12799
12796,12794
12796,12800
12797,12794
12797,12801
12797,12802
12791,5455
12803,12804
12803,12792
12803,12805
12804,12803
12804,12799
12804,12805
12792,12789
12792,12793
12792,12803
12805,12804
12805,12803
12805,5301
12801,12797
12801,12802
12801,12798
12802,5298
12802,12801
12802,12797
5298,12802
5298,12806
5298,5295
12807,12808
12808,12807
12808,12809
12808,12810
11997,12811
11997,12810
11997,11992
12811,11997
12811,12812
12811,12813
12810,12814
12810,12808
12810,11997
12812,12811
12813,12815
12813,12816
12813,12811
12798,12817
12798,12801
12798,12795
12806,5298
8665,441
8665,12818
8665,12819
12820,12821
12820,12822
12820,12823
12821,12824
12821,12820
12821,12825
12822,12820
12822,4294
12822,12826
12823,12820
12823,12827
12823,12828
12827,12823
12827,12829
12827,4295
12829,12827
4295,12827
4295,4291
4295,12830
12830,4295
4294,12822
4294,4291
4294,12826
4296,4292
12831,9120
9120,12831
9120,9117
9120,12832
12833,12654
12833,5874
12833,6118
12654,12833
12654,12646
12654,12651
5874,12833
5874,10789
5874,5846
5874,5844
6118,12833
6118,5844
6118,12651
10789,12646
10789,5874
10789,5872
12646,10789
12646,12644
12646,12654
5798,12834
5798,1260
5798,12835
12834,12836
12834,5798
12834,12837
12835,5798
12835,12838
12835,12836
12838,12835
12836,12839
12836,12834
12836,12835
12839,1272
12839,12836
12839,12840
5257,5253
5257,11950
5257,5256
10096,12841
10096,5258
10096,12842
12658,12655
12658,12657
12658,12843
12658,12844
12655,12658
12655,12657
12655,12653
12843,12658
12844,12658
11851,11850
11851,11850
11851,12845
12845,11851
12845,12845
12845,12845
9946,9943
9946,11333
9946,12846
9947,9943
12847,12848
12848,12847
12848,12849
12848,12850
12851,12852
12852,12853
12852,12851
12852,12854
12855,12856
12855,12849
12855,2380
12856,12855
12856,12853
12856,12857
12849,12848
12849,12855
12849,12858
2380,2376
2380,6608
2380,12855
11696,1800
11696,8180
11696,10632
8180,1802
8180,11696
8180,12859
1798,1800
1798,8418
1798,1795
9231,12860
9231,983
9231,5222
9232,8695
9232,5222
9232,5215
9232,5223
9233,9236
9233,9235
9233,5222
12860,984
12860,9231
12860,983
984,5221
984,12860
984,981
983,12860
983,980
983,9231
983,9235
5221,2046
5221,984
5221,5219
3731,681
3731,3728
3731,3732
3732,3731
3732,684
3732,3728
12193,11599
12193,12578
11601,12191
11601,12192
12577,12575
12577,12861
12577,12862
12861,12863
12861,12577
12861,3758
12862,12864
12862,3735
12862,12577
12580,12576
12579,12865
12579,12576
12579,12866
12866,12579
12865,12867
12865,12579
12865,12868
12868,12865
12867,12869
12867,12865
12867,12870
12870,12867
12869,12867
12869,12871
12869,12872
12871,12869
12872,12869
11980,8866
11980,9820
11980,8516
8866,11980
8866,12873
8866,8864
8516,1048
8516,1052
12874,1050
11979,12874
11979,12874
12875,8770
12875,12876
12876,11859
12876,11858
12877,12877
12877,12877
12877,12878
12878,12877
12878,3564
12878,12879
12880,12881
12881,12880
12881,12534
12881,12536
3564,12532
3564,3558
3564,12878
12534,12881
12534,12536
12534,12532
12536,12881
12536,12534
12536,12533
12879,12878
337,336
337,11981
337,331
336,337
336,11873
336,331
4958,11737
4958,4953
4958,12882
12882,4958
11738,11737
10274,8675
10274,807
10274,10273
10272,800
12883,6916
6916,12711
6916,6496
6916,12883
12884,7428
7428,12884
7428,7425
7428,10314
7428,7424
7430,7733
7430,10313
10080,7734
12885,8034
8034,7734
8034,12885
8034,6893
8034,12886
10081,7734
12887,12886
12886,12887
12886,12888
12886,8034
12888,12886
8035,6893
2853,2788
2853,12889
2853,12890
12891,12892
12892,12891
12892,7298
12892,12893
12889,7298
12889,7299
12889,2853
12890,2853
12890,12894
12890,12894
7297,6610
7298,12892
7298,12889
7298,6610
7299,12889
7299,2725
7299,6610
7299,12895
12895,7299
2725,2718
2725,7299
2725,2726
12896,12897
12897,12898
12897,12896
12897,12899
12900,12901
12901,12899
12901,12900
12901,6185
12899,12901
12899,12898
12899,12897
6185,6183
6185,12901
6185,6186
12898,12899
12898,12897
12898,5179
6175,5199
6175,5192
6175,12902
5179,2452
5179,12898
5179,2453
12772,12903
12772,411
12772,12904
12903,12905
12903,12772
12903,12906
12904,12906
12904,12907
12904,12772
12905,12903
12906,12907
12906,12904
12906,12903
3595,3592
3595,3597
3595,12765
12770,12767
12770,3539
12770,10343
12767,10344
12767,12770
12767,12764
10344,12908
10344,12767
10344,10340
10343,3543
10343,12770
3597,3595
3597,12909
3597,3593
12909,3597
12909,10335
12909,12769
10335,12909
10335,12908
10335,10333
12908,10335
12908,10344
12908,12766
12910,12911
12911,12910
12911,12912
12911,12913
12914,12623
12914,12915
12914,12916
12623,12917
12623,12914
12623,12916
12623,12621
12915,12914
12915,12918
12915,12919
12916,12920
12916,12914
12916,12623
12921,12920
12920,12916
12920,12921
12920,12919
12918,12915
12918,5078
12918,3528
12919,12922
12919,12920
12919,12915
12917,12623
5078,12918
5078,12923
5078,5073
3528,3525
3528,12621
3528,12918
12924,12925
12925,12922
12925,12924
12925,9005
12922,12919
12922,12925
12922,5075
9005,9002
9005,12926
9005,12925
12926,9005
12926,5075
12926,12927
12763,12390
12572,12391
12392,12388
12397,12396
12398,12928
12398,12929
12398,12396
3779,3714
3366,3362
3373,3370
11269,3358
3356,3352
3356,3347
3356,12930
11268,3347
12930,3356
3357,3352
4889,4886
4889,4736
4889,4891
4741,4890
4741,4736
4741,7353
4890,12183
4890,4886
4890,4892
1789,1786
1789,7962
1789,12931
12931,12932
12931,1789
12931,12933
12934,12591
12591,12932
12591,12934
12591,7963
12932,12591
12932,12935
12932,12931
12935,12932
12935,12933
12935,12936
1793,12937
1793,12938
12937,8170
12937,8234
12938,12939
12938,12592
12938,1793
12940,12592
12592,12940
12592,7962
12592,12938
7977,7988
7977,7799
7977,12941
7978,12942
7978,7799
7978,7987
12942,12939
12942,12939
12942,7978
12942,7972
7972,7964
7972,12939
7972,12942
12939,12938
12939,12942
12939,12942
12939,7972
7820,7817
7820,7975
7820,12943
7792,2133
7792,7807
7792,7789
7792,12944
7781,7807
7781,356
7781,7774
9006,9002
12927,12926
5075,5072
5075,12926
5075,12922
12945,5076
5076,12945
5076,12946
5076,5072
12946,5076
6587,6592
6587,6585
6587,12947
6588,6585
6591,6589
6591,6592
6591,12948
6592,6591
6592,6587
6592,6589
12948,6591
12947,6587
12949,4628
4628,4625
4628,4620
4628,12949
4620,4628
4620,4618
4620,12950
6930,9041
6930,6929
6930,3071
9041,6930
9041,9040
9041,12951
12859,8180
12952,7973
7973,7783
7973,12952
7779,7772
7779,12953
12944,12954
12944,12955
12944,7792
7988,7977
7988,7987
7988,12956
12957,12956
12956,12957
12956,12958
12956,7988
12958,12956
1004,1005
1004,7192
1004,999
1005,1004
1005,7223
1005,999
7223,7192
7223,1005
7223,2129
1009,7191
1009,1001
1009,12959
12959,7222
12959,11449
12959,1009
7222,7224
7222,12959
7222,7188
7222,7191
11449,11448
11449,12959
11449,9291
11451,9292
11451,9291
11451,9114
7228,460
9291,9289
9291,11449
9291,11451
12907,12904
12907,12906
12907,12960
8505,7130
8505,10551
8505,8504
10551,8894
10551,10493
10551,8505
8775,5526
8775,10512
9848,5643
9848,5543
5543,5642
5543,9848
5543,5542
5543,5539
5640,5639
5640,12961
5640,5644
10586,12962
10586,630
868,864
868,4967
868,9414
4968,8789
4968,12963
8789,4968
8789,1306
8789,4966
866,863
867,864
867,863
867,870
12964,870
870,12964
870,865
870,867
869,865
869,12965
869,12966
7433,7026
12967,10368
12967,12968
12968,12967
12968,12969
12968,12970
12968,12971
12969,12968
12970,12968
12971,12968
8934,12972
8934,8931
8934,8940
12972,8934
8942,8941
8942,8941
8942,8940
7905,12973
7905,12974
7905,1153
12973,7905
12974,7905
7904,8253
7904,1136
7904,7091
8253,7904
8253,8249
8253,12975
7091,1081
7091,7904
7091,7090
8491,8488
8491,12976
8491,5649
7125,8488
7125,8490
7125,7113
8490,7119
8490,7125
8490,8487
9053,9051
9053,12977
9053,9105
9840,133
9840,9106
9840,9838
9841,12977
9841,8201
9839,132
9839,12978
9839,9843
7754,7748
12979,11652
11652,4529
11652,12980
11652,12979
11677,4572
4556,12981
4556,4554
4556,12982
4597,772
4597,12983
4597,12984
12983,4597
12983,12985
12983,12986
12984,4597
12984,4598
12984,12987
12984,12988
4598,12984
4598,12989
4598,772
12987,12984
12988,12990
12988,12984
12988,12991
12989,4598
12992,12993
12993,12985
12993,12994
12993,12992
12985,12983
12985,12995
12985,12993
12995,12985
12995,12996
12995,12997
763,12998
763,757
763,12999
12999,763
5654,13000
5654,5659
5654,822
13000,5654
13000,13001
13000,13002
6038,5893
5865,5862
6040,5864
7075,7074
7075,13003
7075,7072
13004,13005
13005,13006
13005,13004
13005,13007
12143,12142
12143,9637
12143,13008
12138,12134
13008,12143
13009,13010
13010,13009
13010,4768
13010,13011
11835,11834
11282,11281
11283,11281
13012,13013
13013,13012
13013,9417
13013,13014
9417,13015
9417,13013
9417,9412
13015,9417
13015,4992
13015,13016
9416,13017
9416,9412
9416,13018
12148,9636
12148,4792
12148,13019
9636,12148
9636,13020
9636,9634
13019,12148
13020,9636
9801,13021
9801,7724
10084,7916
10084,10082
10084,13022
13021,7913
13021,13023
13021,9801
9800,7724
9800,7738
9800,10314
13023,13021
7916,7913
7916,10084
7916,13024
1146,1143
1146,9180
1146,1149
9198,9199
9198,9180
9198,9201
9199,9198
9199,9181
9199,9181
10168,10166
10168,10170
10168,13025
10168,8252
13025,10168
8252,8254
8252,10168
8252,8248
10171,10170
8254,8252
8254,13026
8254,8249
13026,8254
2050,9823
2050,1114
2050,2051
9822,1502
9822,9823
9822,2051
9823,2050
9823,9822
9823,2051
13027,7944
7944,13027
7944,10030
7944,7936
13028,7930
7930,13028
7930,7927
7930,12708
7929,12708
7929,7927
7929,12706
10034,10029
13029,13030
13030,10997
13030,13029
13030,13031
10607,13
10607,2151
10607,9564
2151,10607
2151,13032
2151,2147
7097,2829
6932,6927
6931,6927
6931,13033
6931,7214
9292,9289
9292,13034
9292,9293
9292,11451
13033,13034
13033,6931
13033,13035
5529,8508
5529,5523
3561,13036
3561,3557
3561,13037
3562,13038
3562,3557
3562,13039
3562,3563
13040,13041
13040,13042
13040,13043
13041,13044
13041,13040
13041,12912
13042,13040
13042,13045
13042,13046
13043,13040
12912,12911
12912,12535
12912,13041
12535,13047
12535,12912
12535,12533
8091,8088
5649,8491
5649,5647
5649,7113
5644,10583
5644,5642
12962,10586
68,13048
68,64
68,13049
12226,12219
12226,12227
12226,12220
12227,12225
12227,12226
12227,12334
12220,12226
12220,12222
12220,12216
12231,1702
12231,12233
12231,12229
1694,1698
1694,1692
1694,13050
12233,12334
12233,12232
12233,12231
12334,12233
12334,12227
12334,12332
12223,12333
12223,12218
12223,8033
12333,12223
12333,12332
12333,12222
12222,12220
12222,12218
12222,12333
8953,6602
8957,8955
3434,3432
13051,13052
13051,13052
13051,13053
13051,13054
13052,13051
13052,13051
13052,12818
13053,13051
13054,13051
13054,13055
13054,13055
12818,13052
12818,13055
12818,8665
13055,13054
13055,13054
13055,12818
2521,2499
2496,2499
2496,2503
2496,2492
6568,6569
6568,6567
6568,13056
6569,2935
6569,6568
6569,6567
13056,6568
7136,2935
6562,2949
2955,2959
2955,2951
2955,13057
2961,2959
2954,2951
2957,2952
13057,2955
2956,2952
2455,5068
2455,5866
2455,2451
5173,5176
5173,5170
5173,5174
5174,5173
5174,5170
5174,5172
5163,5143
5164,5144
5164,13058
5164,13059
13058,5164
13059,5164
5165,5144
4122,4119
4122,11006
4122,4153
11006,4146
11006,4122
11006,4153
8207,8198
8207,8203
8207,9837
8209,8198
8209,8200
8209,8204
12873,8866
8531,8530
8016,1548
10183,8029
10119,10117
4146,4143
4146,4143
4146,11006
1705,1680
8031,1209
13060,1187
1187,1182
1187,1181
1187,13060
12228,8025
1686,1683
13050,1694
7033,13061
7033,7030
7033,1248
1190,1183
13062,13063
13063,1186
13063,1205
13063,13062
1186,1181
1186,13063
1186,13064
1205,13063
1205,1201
1205,13065
1818,1231
1818,13066
1818,13067
13066,1818
13067,1818
13065,1205
7044,7041
7044,13068
7044,7040
13069,13068
13068,7044
13068,13069
13068,13070
8032,7043
4396,4393
4396,13071
4396,4338
4338,4335
4338,13072
4338,4396
13073,13074
13073,13075
13073,13075
13074,13073
13074,13076
13074,13077
13075,6648
13075,13073
13075,13073
13076,13074
13076,6649
13076,13078
6649,13076
6649,4395
6649,13078
13078,13079
13078,13076
13078,6649
13079,13078
13079,13080
13079,13081
13080,13082
13080,13083
13080,13079
13080,13084
13081,13085
13081,13079
13081,13083
13086,6648
6648,13086
6648,13075
6648,6640
7539,4397
7539,13087
7539,7540
6658,6653
6656,6651
6656,6653
6656,13088
13088,6656
6655,6645
6655,6651
6655,13089
12446,11910
12446,11907
12446,13090
11910,11902
11910,12446
11910,11906
12351,13091
12351,13091
12351,12057
13091,12350
13091,12351
13091,12351
12350,13092
12350,13091
12350,12349
13092,12350
13092,13090
13092,13090
13090,13092
13090,13092
13090,12446
9064,10857
9064,9360
9064,9061
10857,9064
10857,10854
10857,10855
9063,13093
9063,9061
9063,9361
2347,2346
2347,9601
2347,2348
12694,2348
4789,4766
4789,9715
4789,13094
4790,1389
4790,4766
4790,13011
10988,13095
10988,13096
10988,10985
13095,10988
13095,13097
13096,10988
13096,13098
3855,3852
3855,11356
3855,11355
11356,13099
11356,11355
11356,3855
13099,11356
3856,3856
3856,3856
3856,3852
3858,3853
9715,9418
9715,13100
9715,4789
13100,9715
13100,13100
13100,13100
13100,13101
13101,13100
4992,13015
4992,4990
4992,13102
13016,13015
13016,13103
13016,13104
10963,10987
10987,13095
10987,10984
13097,13095
13097,13105
10958,13106
10958,1387
10958,13107
13106,13097
13107,13106
13107,10958
13105,13108
13105,13109
13105,13097
13110,7718
7718,13110
7718,7717
7718,7714
2246,13111
2246,7609
2246,2243
2246,11121
4541,4536
4541,10638
4541,13112
5425,5366
9115,5426
5363,1991
5363,5361
5363,13113
5367,1991
5364,5361
13113,5363
6570,2998
13104,13104
13104,13104
13104,13016
4993,4990
4993,13114
4993,13102
13114,4993
13102,4993
13102,13115
13102,4992
13115,13102
8858,13116
8858,8855
8858,13117
13116,13117
13116,13118
13116,8858
13117,13116
13117,8858
13117,13119
13118,13116
2240,2238
2240,7678
2240,2237
13120,7602
7602,13120
7602,13121
7602,7595
13121,7602
2265,444
2265,2262
2265,10058
10059,10713
10059,10056
10059,13122
10058,2265
10058,10055
10058,10055
12711,12710
12711,6916
12711,12712
2266,10054
2266,8458
2266,2262
10812,2797
12893,12892
13123,13124
13123,10805
13124,13123
13124,13125
10805,13124
13125,13126
13125,13127
13126,13125
13126,13123
13127,13128
13127,13129
13128,13127
13128,13126
13129,13130
13129,13131
13130,13129
13130,13128
13131,13130
13131,10804
10804,2793
10804,12108
12108,2791
12108,6065
12853,12856
12853,12852
12853,13132
12854,12852
13132,12853
12857,12856
12491,12485
12491,12477
12491,12489
12485,12482
12485,12491
12485,12494
12501,11769
12501,12458
12501,12498
12771,11769
12771,13133
12771,13134
12458,12501
12458,12032
12458,12500
11026,11315
11026,10432
11026,13135
11315,11026
11315,11314
11315,11316
13135,13136
13135,11026
13135,11025
13136,13135
13136,11025
13136,11316
11025,13136
11025,10432
11025,13135
11316,13136
11316,11315
11316,11314
11845,11847
11845,10426
11845,11841
3554,10341
3554,12239
3544,3549
3544,3538
10334,10338
10334,10336
10336,10334
10336,10330
10336,10342
13137,7645
13138,7645
13138,7646
7646,9371
7646,7643
7646,13138
9372,13111
9372,9371
9372,13139
13111,2246
13111,11122
13111,9372
13139,13138
11122,13111
11122,13139
11122,11121
11272,11271
11272,13140
11272,13141
11273,13142
11273,13142
11273,11271
11139,11138
13143,13144
13143,13145
13143,13145
13144,13146
13144,13143
13144,13147
13145,13143
13145,13143
13145,3341
3341,13145
3341,3328
3341,3340
13146,13147
13146,13147
13146,13144
13147,13146
13147,13146
13147,13144
9851,5541
9851,9861
9851,9658
9863,9861
5541,9851
5541,5538
5541,13148
13149,13150
13149,13148
13149,13151
13149,13152
13150,13149
13150,13151
13150,5566
13148,13149
13148,5541
13148,13153
13151,13150
13151,13154
13151,13149
13151,13155
13152,13153
13152,13149
13152,13156
5601,13157
5601,11983
5601,5488
13157,5601
13157,5598
13157,13158
5598,13157
5598,9860
5598,5486
9864,9860
13159,13160
13159,13161
13159,13162
13160,13159
13160,10628
13160,10628
13161,13159
13161,2055
13161,13163
13162,13163
13162,13159
2055,2053
2055,2073
2055,13161
8439,2286
12344,13164
12344,12675
13165,13166
13165,13167
13165,13168
13166,13165
13167,13165
13168,13169
13168,13170
13168,13165
13169,13168
13170,13168
13170,13171
13171,13172
13171,13170
13173,13174
13174,13173
13174,13172
13172,13171
13172,13174
13172,13175
13175,13176
13175,13177
13175,13178
13175,13172
13176,13179
13176,13175
13176,11815
13179,13180
13179,13176
13179,13181
11815,13176
11815,11809
11815,13164
11815,13180
13181,13179
1500,1496
2049,1113
2049,13182
2049,13183
11044,9136
11044,11043
11044,18
13184,13185
13184,13186
13184,13187
13185,13188
13185,13184
13185,13189
13186,13190
13186,13184
13186,13191
13187,13184
13187,13188
13187,13192
13193,13194
13193,13195
13193,13196
13194,13193
13194,13197
13194,13198
13194,13199
13195,13200
13195,13193
13195,13201
13196,13202
13196,13193
13196,13203
13198,13203
13198,13204
13198,13194
13203,13205
13203,13196
13203,13198
13204,7544
13204,4078
13204,13198
7544,13204
7544,7543
7544,13206
7545,7543
13200,13195
13200,13190
13200,13207
13190,13186
13190,13200
13190,13208
13207,13199
13207,13200
13207,13208
13205,13203
13205,13202
13205,13209
5721,13209
5721,13191
5721,5717
13209,5721
13209,13201
13209,13205
13191,5721
13191,13201
13191,13186
4078,4073
4078,13204
4078,13210
13208,13190
13208,13192
13208,13207
10852,13211
10852,13211
13211,13093
13211,10852
13093,9063
13093,13212
13213,1377
13213,13212
13212,13213
13212,13213
13214,13215
13214,1329
13214,13216
13215,1329
13215,13214
13215,13217
1329,13215
1329,1318
1329,13214
13216,13218
13216,13214
13216,13219
13217,13215
681,678
681,3731
681,684
11565,11562
11564,11562
11564,11569
11564,13220
13220,11564
11574,11569
12864,12862
3735,3730
3735,12578
3735,12862
12578,3735
12578,12193
12578,12575
12863,12861
12863,3758
12863,13221
3758,12861
3758,12863
3758,3635
3733,3759
3733,3729
3733,13222
3759,3733
3759,3635
3759,3734
13222,3733
13222,13223
13222,13223
10041,10039
10041,10140
10041,6429
9540,13224
9540,9538
9540,9724
9727,9724
13224,9540
8880,8445
8880,10819
8880,12883
11336,11324
11336,12625
11336,11335
8975,13225
8975,13226
8975,8972
13225,13226
13225,8975
13225,13227
13226,13228
13226,13225
13226,8975
13228,13227
13228,13229
13228,13226
13227,13228
13227,13230
13227,13225
13229,13228
8415,6187
8415,6611
8415,13231
6611,13232
13231,8415
11471,13233
11471,11468
13233,11471
11468,10748
11468,10836
13034,9292
13034,13033
13034,8875
13035,13033
9293,9290
9293,8872
9293,9292
8872,8869
8872,9293
8872,9294
8872,8875
12307,13234
12307,13235
12307,12197
7903,993
13206,13206
13206,13206
13206,7544
9545,13236
9545,4285
9545,4282
4284,13237
4284,4280
4284,13238
4285,4280
4285,13239
4285,9545
9547,13240
9547,8259
9547,13241
13240,9547
13241,9547
13242,13243
13242,13244
13242,9546
13243,13242
13244,13242
9546,9544
9546,13245
9546,13242
13246,13247
13247,13246
13247,9542
13247,13248
9541,13249
9541,8257
9541,13250
9542,13247
9542,8257
9542,13251
7159,7151
7159,7156
7159,8120
5109,5106
5109,13252
5109,13253
5110,5106
13252,5109
13252,13254
13252,13255
13253,5109
13254,13252
13255,13252
4633,4630
395,389
4508,13256
4508,4505
4508,4505
13256,4508
13257,13258
13258,13257
13258,4494
13258,4507
4494,4504
4494,4492
4494,13258
4507,13259
4507,4504
4507,13258
13259,4507
8012,9489
8012,8011
8012,8703
12070,8703
9501,12100
9501,9489
9501,13260
13261,13262
13262,13261
13262,11304
13262,13263
11304,11290
11304,13264
11304,13262
13263,13262
13264,11304
11300,11295
11300,11636
11300,11636
11636,11298
11636,11300
11636,11300
4593,11298
4593,4591
4593,13265
1003,8869
1003,9294
1003,998
13266,13267
13266,13268
13266,13269
13267,13266
13267,13268
13267,13270
13268,1006
13268,13267
13268,13266
13269,13271
13269,13266
13269,13270
13269,13272
13271,13269
13271,8118
13271,13273
13270,13274
13270,13267
13270,13269
13272,13275
13272,13269
13272,13276
8118,13271
8118,8117
8118,13274
13274,8118
13274,13270
13274,13277
11345,11342
13278,13279
13279,13278
13279,13280
13279,13281
13281,13279
13280,924
13280,13282
13280,13279
924,919
924,13280
924,13283
13282,13280
13282,13284
13282,13283
13285,4092
4092,4024
4092,13286
4092,13285
13286,13284
13286,4092
13286,4093
13284,13282
13284,13286
13284,13287
4093,4024
4093,13288
4093,13286
18,11044
18,12
18,9
11624,11622
11612,1342
11612,11611
11612,11622
1342,1337
1342,11612
1342,13289
11613,11611
13289,1342
10614,10610
914,910
6239,6236
6238,6236
6238,6231
6238,13290
13290,6238
6231,6238
6231,6229
6231,13291
6232,6229
13291,6231
13292,13293
13292,13293
13292,13294
13293,13292
13293,13292
13293,13295
13294,13296
13294,13297
13294,13292
13295,13296
13295,13293
13295,13298
8554,8551
13299,13300
13299,13301
13299,838
13300,13299
13300,13302
13300,13303
13301,13304
13301,13305
13301,13299
838,835
838,13305
838,13299
13302,13300
13303,13300
13303,13306
13303,13304
13303,13307
13306,13308
13306,13303
13306,13309
13304,13303
13304,13301
13304,13310
13307,13303
1353,1347
1353,1347
1353,13311
13311,1353
1350,1345
11718,10924
11717,10924
11717,13312
11717,13313
13314,13315
13314,13316
13314,13317
13315,13318
13315,13314
13315,13319
13316,13314
13316,13320
13316,13321
13317,13314
13317,13320
13317,13322
13320,6209
13320,13317
13320,13316
13322,13317
6209,13320
6209,6206
6209,13323
6223,6218
6223,8552
6223,13318
6220,6216
6220,6218
6220,6219
13324,13325
13325,13326
13325,13327
13325,13324
13326,13325
13327,13328
13327,13318
13327,13325
13328,13329
13328,13327
13328,13330
13318,13327
13318,13315
13318,6223
8552,6223
8552,8550
8552,13331
10968,13332
10968,13333
10968,1349
13329,6219
13329,13328
13329,13334
13330,13335
13330,13328
13330,13336
11720,6222
11720,13337
11720,1351
6222,11720
6222,13338
6222,6217
13337,13339
13337,13340
13337,11720
13338,6222
6221,13341
6221,6217
6221,13342
13339,13337
13340,13337
11719,1351
11719,13341
11719,13343
13343,11719
13341,11719
13341,6221
13341,13344
13344,13341
13342,6221
13331,8552
13345,13346
13345,13347
13345,13348
13346,13345
13346,13349
13346,841
13347,13350
13347,13348
13347,13345
13348,13347
13348,13350
13348,13345
13350,13347
13350,13351
13350,13348
13351,13349
13351,13352
13351,13350
13353,13354
13353,13355
13353,13356
13354,13357
13354,13353
13354,13358
13355,13353
13355,848
13355,13359
13356,13353
13356,828
13356,13360
827,845
827,824
827,13361
848,13355
848,845
848,13362
13362,13359
13362,848
13362,13352
13349,13351
13349,13363
13349,13346
13352,13351
13352,13363
13352,13362
13363,13352
13363,13349
13363,13357
13357,13354
13357,13359
13357,13363
841,836
841,13364
841,13346
13364,841
13364,13365
13364,13366
13367,13368
13367,13367
13367,13367
13368,13367
13368,4390
13368,13369
4390,13368
4390,13365
4390,830
13365,13364
13365,4390
13370,13371
13371,13372
13371,13370
13371,13373
13372,13371
13372,849
13372,13374
13373,13305
13373,13371
13373,13375
13376,13377
13377,13308
13377,13378
13377,13376
13305,838
13305,13301
13305,13373
13375,13373
13374,13372
849,13372
849,846
849,13379
850,846
13379,849
13380,13381
13380,13381
13380,13382
13381,13380
13381,13380
13381,13382
13382,13381
13382,13380
13382,13361
13361,13383
13361,13382
13361,827
13383,13361
13384,6233
6233,13384
6233,6230
6233,13385
13385,6233
6234,6230
13296,13294
13296,13295
13296,13297
13297,13294
13297,13296
13297,13386
13298,13386
13298,13387
13298,13295
13386,13298
13386,13388
13386,13297
13387,13388
13387,13298
13387,4391
13388,13387
13388,13386
13388,4391
4391,13388
4391,830
4391,13387
13389,840
840,13389
840,836
840,13366
13390,13391
13390,13392
13391,13366
13391,13365
13391,13393
13392,13394
13395,13390
13394,13395
13394,13395
13366,13391
13366,13392
13366,840
2260,2253
7154,6528
7154,6527
7154,7156
8085,8064
7153,13396
7153,7146
7153,8064
8086,13397
8086,8083
8086,8064
8086,13398
13396,7153
13398,8086
8424,8422
8424,6993
8424,8193
8125,8123
8426,6993
8419,7874
8721,10201
8721,8718
8721,7077
12126,12875
12126,8779
12128,12127
12128,9729
9474,9474
9474,9474
9474,9456
10647,10619
2692,2567
5103,289
6174,5894
6174,6174
6174,6174
2816,6577
2816,7135
2816,2812
7135,2816
7135,6577
7135,2815
2815,2720
2815,2812
2815,7135
2720,2815
2720,2809
2720,6578
2720,2715
12858,12849
12850,12848
11829,11827
11829,11825
8779,12128
8779,12126
12125,9847
12125,8733
9847,5828
9847,8733
8739,5833
8739,4945
8739,4949
8949,9802
8949,8717
9804,11116
9804,13399
13400,12815
12815,13400
12815,13401
12815,12813
13401,12815
13401,13402
13401,13403
13402,13401
13403,13401
12816,12813
4551,505
4551,4546
13047,13404
13047,13404
13047,12535
13404,13047
13404,13047
13404,13405
13406,13407
13406,13044
13406,13408
13407,13409
13407,13406
13407,13410
13044,13041
13044,13406
13044,13411
13408,13406
13409,13407
13038,3562
13038,13412
13038,13413
13412,13414
13412,13038
13412,13415
13413,13038
11452,11450
9844,136
9844,8877
9844,9842
10999,13416
10999,4796
10999,9273
13417,13418
13418,13417
13418,13419
13418,13416
13419,9273
13419,13416
13419,13418
13416,10999
13416,13419
13416,13418
9273,13419
9273,9270
9273,10999
6261,6257
6261,8321
6261,13420
9280,8321
9280,9287
9280,9274
13420,6261
9274,8280
9274,9271
9274,9280
9275,9271
10337,10336
10337,80
12239,3553
12239,3551
12239,3554
9055,8206
1008,13276
1008,13421
1008,13422
1008,1000
13276,1008
13276,13272
13276,13423
13421,13424
13421,13425
13421,1008
13422,13426
13422,13427
13422,1008
13428,13424
13428,13429
13428,13430
13424,13428
13424,13421
13424,13427
13429,13428
13430,13431
13430,13432
13430,13428
13430,13433
13427,13424
13427,13433
13427,13422
13433,12551
13433,13430
13433,13427
13423,13276
13275,13272
13275,13434
13275,13273
13426,13422
13426,13435
13426,1006
13435,13426
13435,13436
13435,12978
13436,12978
13436,13435
13436,9835
12978,13436
12978,9836
12978,9839
12978,13435
13437,13438
13438,739
13438,13437
13438,13439
739,735
739,13440
739,13438
13440,739
13440,13441
13440,13442
753,721
753,738
753,13443
721,716
721,753
721,752
13443,753
13444,13445
13444,13446
13444,13447
13445,13448
13445,13444
13445,13449
13446,13444
13446,711
13446,712
13447,13444
13447,13450
13447,13451
13450,13447
13451,13447
13451,13452
13451,13453
13452,13451
740,13454
740,735
740,11457
11458,11457
13454,740
745,13455
745,742
745,13456
13455,13457
13455,745
13455,13458
13456,748
13456,745
13456,13459
748,13456
748,743
748,13459
13459,13460
13459,748
13459,13456
747,743
747,13460
747,13461
13460,747
13460,13461
13460,13459
13461,13460
13461,13462
13461,747
13462,13461
13462,708
13462,13463
13464,13465
13464,749
13464,13466
13464,13467
13465,13468
13465,13464
13465,13469
749,13464
749,744
749,13470
13466,13464
13466,13471
13466,13472
13467,13464
13471,13466
13471,13473
13471,13474
13472,13466
13473,13471
13469,13465
13468,13475
13468,13465
13468,13476
13476,13468
13475,13477
13475,13468
13475,13478
13479,13480
13480,13481
13480,13477
13480,13479
13480,13482
13481,13483
13481,13480
13481,717
13477,13480
13477,13475
13477,13484
13482,13485
13482,13480
13482,13484
13478,13475
13486,13487
13487,13486
13487,708
13487,13488
708,13462
708,705
708,13487
13488,13487
13489,711
711,13446
711,707
711,13489
13448,13441
13448,13445
13448,13490
13441,13440
13441,13448
13441,13491
13490,13448
5365,5362
8120,7159
8120,13492
8120,7160
13492,8120
13434,9835
13434,8119
13434,13275
13273,13271
13273,13275
13273,8119
13277,13274
1006,1000
1006,13268
1006,13426
8119,13434
8119,8117
8119,13273
1007,8874
1007,1000
1007,13493
9835,13434
9835,7162
9835,13436
13425,13421
7744,7011
7744,7019
7744,2057
7002,7005
7002,8218
7002,6998
8218,13494
8218,7002
8218,7909
13494,8218
7027,7023
13495,13496
13495,13497
13495,8753
13496,13498
13496,13495
13497,13499
13497,13495
13497,13500
8753,13495
8753,8752
8752,13501
8752,8783
13501,11270
13501,8534
8534,8535
8534,13502
8801,3431
8801,13503
8802,4014
8802,4106
8785,13501
8785,13502
13502,13504
13502,13505
13506,13507
13507,13506
13507,13410
13507,13405
13410,13411
13410,13507
13410,13407
13410,13508
13405,3563
13405,13507
13405,13404
13039,13508
13039,3562
13039,13036
13508,13509
13508,13415
13508,13410
13508,13039
13036,3561
13036,13510
13036,13039
13036,3560
13510,13511
13510,13512
13510,13036
3560,13513
3560,3556
3560,13036
13514,13411
13411,13044
13411,13410
13411,13514
13509,13508
13509,13515
13509,13512
13415,13516
13415,13412
13415,13508
3563,13405
3563,3558
3563,3562
13517,13518
13517,13519
13517,12499
13518,13518
13518,13518
13518,13517
13519,13520
13519,13521
13519,13517
12499,13133
12499,13517
12499,3559
13522,13523
13522,13524
13522,13525
13523,13140
13523,13522
13523,13526
13524,13522
13524,13527
13524,13528
13525,13526
13525,4456
13525,13522
13526,13141
13526,13525
13526,13523
4456,13525
4456,13529
4456,4450
13141,13526
13141,13140
13141,11272
13140,13523
13140,13141
13140,11272
13529,4456
13529,13527
13529,10606
13527,13524
13527,10600
13527,13529
10600,10606
10600,10598
10600,13527
10601,13528
10601,10598
10601,13530
10606,10604
10606,10600
10606,13529
13531,13532
13531,13532
13531,13533
13532,13531
13532,13531
13532,13534
13533,13535
13533,13531
13533,13534
13533,13520
13520,13519
13520,13513
13520,13536
13520,13533
13521,13519
13133,12499
13133,13537
13133,12771
13133,13536
13538,13539
13539,13538
13539,13540
13539,13541
13134,13537
13134,13542
13134,12771
13537,13134
13537,13133
13537,13540
13542,13134
13540,13536
13540,13539
13540,13537
12913,12911
13192,13543
13192,13208
13192,13187
13543,13192
13543,13199
13543,13197
5722,5717
5722,9779
5722,13544
9779,9777
9779,9780
9779,5722
13544,5722
13544,13188
13544,9778
13188,13185
13188,13544
13188,13187
13199,13207
13199,13543
13199,13194
13197,13543
13197,13545
13197,13194
13197,13546
13545,536
13545,13197
13546,13197
9982,13547
9982,9977
9982,9983
9982,9975
13547,13548
13547,9982
13547,13549
13548,13550
13548,13547
13548,13551
13549,13547
13550,13548
13551,13548
10628,13160
10628,13160
10628,2066
12347,12668
12347,12677
12347,11802
12677,13552
12677,12347
12677,12673
13552,12677
11803,11800
11803,11902
11803,11801
11902,11803
11902,11910
11902,11899
8535,13505
8535,8813
13505,8808
13505,13553
13504,8786
13504,8785
8808,8809
8808,13554
8809,8800
8809,13503
13554,13504
13554,13505
8786,13555
8786,13556
13503,13556
13503,13555
13556,8784
13556,8748
13555,13554
13555,8809
3431,13556
3431,8747
13553,8813
13553,8803
13557,13558
13558,13557
13558,13559
13558,13559
13559,1152
13559,13558
13559,13558
1152,13560
1152,13559
1152,13561
1152,1139
13561,1152
13560,1152
1118,1139
1118,1116
1118,1116
1120,1117
8056,6438
11074,11024
6440,13562
6440,11024
6440,6435
11077,8074
11077,8073
11077,6441
8074,11077
8074,8068
8074,6441
8072,11073
8072,6439
8072,8067
11073,8072
11073,13562
11073,8071
6439,6435
6439,13562
6439,8072
13562,6439
13562,6440
13562,11073
13563,11076
11076,13563
11076,13564
11076,11023
13564,11076
11075,11023
9782,1127
2882,2721
2882,2882
2882,2882
12902,6175
7925,8045
7925,434
7925,8044
7925,7923
8047,8045
8047,13565
8047,8049
7923,433
7923,13566
7923,7925
10709,13567
10709,1792
10709,7954
13567,10709
13567,12109
13567,13568
13183,2049
13182,13569
13182,2049
13182,13570
13571,13570
13570,13572
13570,13182
13570,13571
13572,13570
13572,7906
13572,13573
13574,7906
7906,13572
7906,1253
7906,13574
13573,13572
7907,1253
13575,13569
13569,13576
13569,13182
13569,13575
13576,13569
8046,8044
8046,13577
8046,9824
13577,8046
9824,13578
9824,8046
9824,7922
13578,9824
13566,7923
13565,8047
13579,7441
7441,8227
7441,13579
7441,8049
7441,7437
13580,13581
13581,13580
13581,8232
13581,13568
12110,1792
12110,13568
12110,8232
8232,1791
8232,12110
8232,13581
13568,12110
13568,13581
13568,13567
12109,9828
12109,9827
12109,13567
8170,7866
8170,8168
7942,13582
7942,7936
7942,13583
13582,13584
13582,7942
13582,7938
13583,7938
13583,13585
13583,7942
7938,13583
7938,7934
7938,13582
13585,13583
13584,13582
7937,13586
7937,7934
7937,13587
7968,7961
7967,10035
7967,11164
7809,7802
7810,7802
7810,13588
7810,7800
8174,7879
8192,8190
10161,13589
10161,13590
10161,13591
10161,7389
10162,9145
10162,13591
10162,13592
13591,10162
13591,10161
13591,13592
13592,13591
13592,13593
13592,10162
13589,10161
13589,13590
13589,13593
13590,10161
13590,13593
13590,13589
13593,13594
13593,13589
13593,13592
13593,13590
13594,13593
11713,11711
11713,11700
11713,13595
11700,11713
11700,13596
11700,11697
13234,12307
13235,13597
13235,12307
13235,13598
13597,13235
13598,13235
6359,13599
6359,6356
6359,12185
13599,6359
12187,12185
12187,12186
12187,13600
12188,12186
13600,12187
13601,13602
13602,13601
13602,13603
13602,4974
13602,13604
13603,13602
4974,13602
4974,13605
4974,4970
13604,13604
13604,13604
13604,13602
13605,4974
859,854
859,11715
859,13606
13606,859
11716,13607
11716,11715
11716,13608
8440,7628
8440,11128
8440,8441
8441,7629
8441,7628
8441,8440
13609,13610
13610,13609
13610,13611
13610,6214
10972,3859
6214,6208
6214,10985
6214,13610
13612,13613
13612,13611
13612,13611
13613,13612
13613,13614
13613,10982
13611,13612
13611,13612
13611,13610
10961,10957
10986,10984
13615,13616
13616,13615
13616,13617
13616,13618
13616,13108
13617,13616
13618,13616
13108,13105
13108,13619
13108,13616
13619,13108
13619,9716
13619,1389
13109,11020
13109,13105
13109,9716
9716,13619
9716,13109
9716,9418
1389,13619
1389,4790
1389,1384
13620,10982
10982,13620
10982,13613
10982,13613
11019,11017
11019,13621
11019,11018
13621,11019
13621,13622
13621,11020
11020,13109
11020,11017
11020,13621
13622,13621
13614,13096
13623,10970
10981,13623
10981,13623
13624,13625
13625,10979
13625,13614
13098,13626
13098,13626
13627,13624
13627,13624
13626,13627
13397,8086
7974,7970
13628,13629
13628,13630
13628,13631
13629,13632
13629,13633
13629,13628
13630,13634
13630,13628
13631,13635
13631,13636
13631,13628
13634,1780
13634,13637
13638,7732
7732,13639
7732,7728
7732,13638
13639,7732
6450,6448
1396,1436
1396,1425
1396,1391
12632,12630
2362,2358
2362,2366
2362,6073
6023,6022
6023,13640
6023,6006
13640,6023
13640,13641
13640,12018
12019,13642
12019,12012
12019,6022
13641,13640
13641,13643
13641,13644
12018,12012
12018,13645
12018,13640
13643,13641
13645,12018
13642,12019
4425,4261
3734,3730
3734,3729
3734,3759
11137,11136
11137,9405
11137,2280
699,694
1813,1811
1813,1815
9363,9364
9363,13646
9363,7460
9363,7461
9364,9363
9364,13647
9364,7461
13646,9362
13646,9363
13646,13648
7460,7459
7460,9363
7460,9362
9362,1371
9362,13646
9362,7460
13648,13646
3108,2985
3108,3107
3108,13649
13649,3108
13649,3109
13649,13650
3109,3107
3109,3095
3109,13649
13651,8930
8930,7078
8930,13652
8930,13651
2577,13653
2577,13654
2577,2572
13653,2577
13654,2577
13654,2437
2439,2437
2439,13655
2439,13656
13655,13657
13655,13654
13656,2439
12923,5078
3768,3766
3768,3750
3768,13658
3769,3766
3750,3768
3750,3747
3750,13659
13659,3750
13658,3768
3751,3747
2746,2745
2747,2755
2747,13660
2747,2745
13660,2747
2756,2755
10784,6156
2094,12683
2094,2090
2094,12684
12684,12683
12684,2094
12684,13661
2370,2365
2370,6071
2370,6073
6073,2362
6073,2370
6073,6071
13662,12428
12428,12425
12428,13662
12428,12426
12846,9946
13650,5083
13650,13663
13650,13649
11324,11336
11324,13664
11324,11321
7096,2389
12427,12426
12427,12622
12427,13664
13664,12625
13664,11324
13664,12427
12625,12622
12625,13664
12625,11336
5083,13663
5083,5082
5083,13650
13663,5083
13663,13665
13663,13661
13663,13650
13665,13666
13665,13667
13665,13663
13661,12684
13661,2095
13661,13663
2351,2477
2351,2350
2351,13668
13668,2351
9647,2102
5128,5128
5128,5128
5128,5122
6724,6723
2095,13661
2095,2091
2095,5082
12960,12907
13669,13670
13669,13657
13669,13671
13670,13669
13657,13655
13657,13669
13657,13672
13671,13672
13671,13673
13671,13669
13672,13674
13672,13671
13672,13657
13674,13672
13673,13671
9215,6180
9215,9214
9215,9214
9215,6179
6179,6178
6179,6177
6179,11107
6179,9215
13232,295
13232,11683
10359,9131
10359,13675
13006,13007
13006,13005
13006,13676
13007,13006
13007,12158
13007,13005
13676,13677
13676,13678
13676,13006
8650,8715
8650,8649
11038,10089
11038,12607
11038,13679
6823,12607
6823,6821
6823,12609
6823,12608
3830,3807
3819,493
3717,3683
1306,1302
1306,12963
1306,8789
12963,1306
12963,1307
12961,5640
10588,10584
10587,10584
10587,13680
10587,13681
13682,13683
13683,13682
13683,13680
13683,13684
5590,5586
5513,5586
5513,5512
5513,13685
13685,5513
5514,5512
5591,5586
13686,5588
5588,13686
5588,5587
5588,5584
5587,13687
5587,5584
5587,5588
13687,13680
13687,5587
13687,13688
13688,13687
13680,10587
13680,13687
13680,13683
13684,13683
13681,10587
12071,8009
6158,6068
13689,11039
13689,13690
13689,13691
11039,10089
11039,13689
11039,13679
13690,13689
13690,13692
13690,13693
13691,13679
13691,13693
13691,13689
13694,13695
13694,6788
13694,13696
13695,13697
13695,13694
13695,13698
6788,13694
6788,6786
6788,6841
13696,6840
13696,6841
13696,13699
13696,13694
12612,6835
12612,12611
12612,13700
12613,12611
12613,13701
12613,13702
12613,13703
13704,13705
13704,13706
13704,13698
13705,13704
13705,13697
13705,13707
13705,13708
13706,13709
13706,13699
13706,13704
13698,13695
13698,13704
13698,13699
6770,13710
6770,6765
6770,13711
6770,6829
13710,6770
13711,6770
6829,6771
6829,13712
6829,13713
6829,6770
13699,13696
13699,13698
13699,13706
13714,13715
13714,13703
13714,6783
13715,13714
13703,13714
13703,13716
13703,12613
6783,6806
6783,6779
6783,13714
6834,13717
6834,6832
6834,6831
13718,11037
13718,13719
13718,13720
13718,1754
11037,11033
11037,11033
11037,13718
13719,13718
13719,13708
13719,13707
13720,13718
13720,13707
13720,13721
1754,13718
1754,1748
1754,6804
13693,13690
13693,13691
13693,13722
13722,13692
13722,13693
13722,13723
6813,13724
6813,6809
6813,13725
6813,13726
13724,6813
13725,6813
13726,6813
13697,13705
13697,13695
13697,13721
13707,13719
13707,13705
13707,13720
13707,13721
13708,13719
13708,13709
13708,13705
13708,13727
6794,6791
6794,8146
6794,6796
8146,6794
8146,8142
8146,10817
8146,8147
6796,6794
6796,10817
6796,6792
6841,6837
6841,6789
6841,13696
6841,6788
13728,13729
13728,13730
13728,13731
13729,13728
13729,13732
13729,13733
13730,13732
13730,13731
13730,13728
13731,13733
13731,13728
13731,13730
13712,6829
10817,6796
10817,8147
10817,8146
10817,6795
13692,13722
13692,13690
13692,13734
13734,13692
13734,13735
13734,13723
13723,13736
13723,13734
13723,13722
13735,13734
13735,13736
13735,13717
13737,13738
13737,6811
13737,13732
13738,6836
13738,13737
13738,6811
6811,13737
6811,6808
6811,13738
13732,13730
13732,13737
13732,13733
13732,13729
13721,13697
13721,13707
13721,13720
8145,8142
8145,13739
8145,13739
8145,13739
6835,6832
6835,13702
6835,12612
13702,6835
13702,12613
13702,13716
13740,6777
13740,13741
13740,13741
6777,6774
6777,13740
6777,13741
13741,13740
13741,13740
13741,6777
6816,6735
6816,8141
6816,13742
13742,13739
13742,13743
13742,6816
13736,13735
13736,13700
13736,13723
13717,6834
13717,13700
13717,13735
6840,13709
6840,6837
6840,13696
13700,13717
13700,12612
13700,13736
13709,13708
13709,6840
13709,13706
13739,13742
13739,8145
13739,8145
13739,8145
6836,6806
6836,13738
6836,6812
13679,11039
13679,11038
13679,13691
13713,6829
13727,13708
13733,13731
13733,13729
13733,13732
13733,13744
13716,13701
13716,13703
13716,13702
13701,12613
13701,13716
13701,13745
13744,13733
6858,6856
8472,8469
8472,5244
8472,8470
13746,13747
13746,7110
13746,13748
13747,13746
13747,13749
13747,13003
7110,13746
7110,7107
7110,13750
13748,13750
13748,13751
13748,13746
13752,5879
5879,13752
5879,13753
5879,5875
13750,13748
13750,7111
13750,7110
7111,7107
7111,13754
7111,13750
6203,6110
13753,5879
13755,13756
13755,13756
13755,13757
13756,13749
13756,13755
13756,13755
13757,13755
6199,6197
13758,6200
6200,7295
6200,6197
6200,13758
13678,13676
13751,13754
13751,13754
13751,13748
13759,6202
6202,13759
6202,6198
6202,6201
7294,6059
13760,10798
10798,13760
10798,7295
10798,13761
13754,13751
13754,13751
13754,7111
13677,13676
12168,12166
13749,13747
13749,13756
13749,13762
13003,7075
13003,13747
13003,13763
13763,13764
13763,13764
13763,13003
13764,13762
13764,13762
13764,13763
13764,13763
13762,13764
13762,13764
13762,13749
10797,10796
13761,10798
13652,8930
13765,13766
13766,13765
13766,6142
13766,13767
13766,13768
13768,13769
13768,13766
13768,6142
13769,6366
13769,6366
13769,13768
13769,13770
6142,2333
6142,13766
6142,13768
6142,6126
6047,6043
6047,6194
6047,11107
6194,6190
6194,6047
6194,6048
11107,9132
11107,6047
11107,6179
6046,6042
6046,6195
6046,6191
6366,13769
6366,13769
6366,6164
13770,13767
13770,13771
13770,13769
11096,13772
11096,9608
11096,9614
13772,11096
13772,11111
13772,13773
9614,13774
9614,9612
9614,11096
11112,13773
11112,11106
11112,11681
11111,11101
11111,11106
11111,13772
11110,11093
11110,11105
11110,11091
13767,13771
13767,13770
13767,13766
13771,13770
13771,13767
13771,13775
9615,13776
9615,11682
9615,9613
13776,9615
13776,11682
13776,13774
11682,9615
11682,13776
11682,9128
13774,9614
13774,13776
13774,13773
13675,10359
13777,11081
11081,11456
11081,13777
11109,11108
6195,6046
6195,11108
6195,6191
13773,11112
13773,13774
13773,13772
6365,6164
11104,11092
11104,11102
11104,11091
13775,13771
6048,6190
6048,6043
6048,6194
9026,9024
9027,9028
9027,1629
9027,9025
9027,9599
9028,1628
9028,9027
9028,9025
1629,1554
1629,9027
1629,1623
9600,9599
2345,9025
2345,2342
2345,9023
1554,1629
1554,7459
1554,1546
10245,6336
10245,10239
10245,10238
10245,10248
10238,10237
10238,6337
10238,10245
6336,6338
6336,6334
6336,10245
8676,804
8676,13778
8676,8677
8677,13779
8677,8676
8677,804
12508,12507
7965,7960
7866,7986
7866,7863
10711,10710
10712,10710
13780,8234
8234,13780
8234,8231
8234,12937
8233,1794
13781,13782
13781,13783
13781,13784
13782,13781
13782,13785
13782,13786
13782,13784
13783,13781
13784,13782
13784,13787
13784,13781
13785,13782
13786,13782
13787,13784
13787,13788
13787,13789
13788,13787
13789,7952
13789,13586
13789,13787
7952,7950
7952,13789
7952,13790
13586,13789
13586,7937
13586,13791
13792,8227
8227,13792
8227,8226
8227,7441
12029,12028
8917,4458
8917,8915
8917,13793
13793,13794
13793,13795
13793,8917
13794,13793
13794,13796
13794,13797
13795,13793
13797,13794
3901,4064
3901,3895
3901,4100
13779,13798
13779,13799
13779,8677
13778,8676
8678,8679
8678,13799
8678,805
8679,8678
8679,805
8679,13799
13799,13779
13799,8678
13799,8679
13798,13779
12373,13666
12373,12372
12373,13800
12374,12372
13666,13665
13666,12373
13666,13801
13800,12373
13801,13666
13667,13665
11115,11114
11116,8948
11116,11114
12977,9053
12977,9841
12977,9837
4957,4953
4941,4926
12099,12098
12099,13802
12099,13803
13802,12099
13803,12099
9795,9791
9795,8702
9795,13804
9796,12085
9796,12094
9796,9792
8693,13805
8693,13806
8693,8691
13805,8693
13805,13807
13805,12087
13806,13808
13806,8693
13806,13807
13807,13806
13807,9527
13807,13805
12087,8692
12087,12084
12087,13805
13808,13806
8692,8691
8692,12087
8692,12076
9527,13809
9527,13807
9527,8696
12088,12095
12088,12084
12088,13809
12095,12088
12095,9530
12095,13809
13809,12088
13809,12095
13809,9527
12080,12075
12081,12075
12081,12076
12081,8697
13810,12092
12092,12090
12092,13810
12092,12093
12100,9501
12100,13260
12100,12098
3302,3304
3302,3299
3302,3207
2612,3304
2612,3207
2612,2608
13811,7464
7464,7457
7464,13811
1565,1567
1565,1618
10400,935
13588,7810
12941,7977
11165,11163
12953,7779
13812,7777
7777,13635
7777,13812
13635,13813
13635,13631
13814,12614
12614,13815
12614,13814
12614,8420
13815,12614
13816,13587
13587,13816
13587,13817
13587,7937
13817,13587
13791,13586
7953,7950
13790,7952
1790,1786
7948,7946
7948,13818
7948,13819
13820,13633
13633,13629
13633,13820
13633,13821
13821,13822
13821,13633
13821,13819
13819,13823
13819,13821
13819,7948
13823,13818
13823,13819
13818,7947
13818,7948
13824,13825
13825,13826
13825,13824
13826,13823
13826,13636
13636,13827
13636,13631
13636,13826
13827,13636
13828,13829
13828,13830
13828,13831
13829,13828
13830,13828
13830,12997
13830,13832
13831,13828
12997,13830
12997,13833
12997,12995
13832,13830
12996,12995
12996,10592
12996,13833
10592,12996
10592,10591
10592,13834
13833,12997
13833,13835
13833,12996
13835,13833
5447,5445
5447,13836
5447,5442
13836,5447
13836,13837
13836,5446
5446,13838
5446,5442
5446,13836
13838,5446
13838,13839
13838,13837
13839,13838
13839,13840
13839,13841
13837,13836
13837,13840
13837,13838
13840,13837
13840,13842
13840,13839
13841,5448
13841,13842
13841,13839
13842,13840
13842,9888
13842,13841
9888,13842
9888,9883
9888,9904
5448,13841
5448,9883
5448,5443
9928,9926
9928,9912
9928,13843
9928,10675
9912,9928
9912,9892
9912,10674
13843,13844
13843,13845
13843,9928
10675,10673
10675,10674
10675,9928
10674,10675
10674,9912
10674,9896
13846,13847
13846,9937
13846,13848
13847,13849
13847,13846
13847,13850
9937,9938
9937,13846
9937,9934
13848,13846
13848,11888
13848,9915
9936,9934
9936,13851
9936,9935
13851,9936
13851,13852
13851,13853
13852,13851
13852,13849
13852,13854
13853,9935
13853,13851
13853,13854
9935,9936
9935,13853
9935,9910
13854,13852
13854,13853
13854,13855
13855,13850
13855,13854
13855,13849
13849,13852
13849,13847
13849,13855
13850,13847
13850,13855
13850,11888
11888,9911
11888,13850
11888,13848
9938,9937
9938,9933
9938,13856
13857,13858
13857,13859
13857,13860
13858,13861
13858,13857
13858,13862
13859,13860
13859,13857
13859,13862
13860,9929
13860,13859
13860,13857
13861,13858
13861,9939
13861,13844
13862,13859
13862,13844
13862,13858
9939,13856
9939,9933
9939,13861
9939,13845
13844,13843
13844,13862
13844,13861
13856,13863
13856,9939
13856,9938
13863,9916
13863,13856
13863,13864
9916,13845
9916,13863
9916,9894
13845,13843
13845,9916
13845,9939
9929,13860
9929,9926
9929,13865
9929,13866
13865,9929
13865,13866
13865,13866
13866,13865
13866,13865
13866,9929
9915,13848
9915,9894
9915,13864
13864,9915
13864,13863
13864,13867
13867,13864
13867,13867
13867,13867
9856,5385
356,7781
356,351
356,12955
13868,12955
13868,12954
13868,12954
12955,13868
12955,356
12955,12944
12954,12944
12954,13868
12954,13868
2134,364
1211,1204
1211,1649
1211,13869
1649,1211
1649,1648
1649,13870
13869,1211
13869,13871
13869,1212
13872,13873
13872,13874
13872,13875
13873,13872
13873,13876
13873,13877
13874,13870
13874,13872
13874,13875
13875,13874
13875,13871
13875,13872
1249,13878
1249,1245
1249,7038
13877,13878
13877,13879
13877,13873
13878,13877
13878,1249
13878,13880
13879,13877
13879,13881
13879,13882
1247,13882
1247,1243
1247,1652
10112,10105
13498,13530
13498,13496
13883,13884
13883,13499
13883,13496
13884,13883
13884,13885
13884,13498
13499,13883
13499,13497
13499,13886
13530,13498
13530,10601
13530,13887
13500,13888
13500,13497
13500,13886
13887,13530
13142,13885
13142,11273
13142,11273
13885,13142
13885,13884
13885,13889
13889,13885
13886,13499
13886,13888
13886,13500
355,350
10629,354
13813,13630
13813,13890
13822,13821
13632,13629
1782,1779
8041,13891
8041,8038
8041,11511
13891,8041
13892,7804
7804,7803
7804,7991
7804,13892
10035,13825
10035,10030
11166,11164
7920,7915
13893,7737
7737,7735
7737,10085
7737,13893
13022,10084
10085,7737
10085,10083
10085,10083
8210,8058
13894,9829
9829,13895
9829,13894
9829,7756
13895,9829
8059,7751
13896,13897
13897,13898
13897,13896
13898,13899
13898,13900
7004,6999
7741,7740
11507,13901
11507,13902
11508,11506
2057,11504
2057,7744
7911,7731
7910,13903
7910,13904
7932,7928
7931,7444
7931,13905
6942,8105
6942,6938
6942,9817
8108,8105
10047,10050
10047,10048
9806,8416
9807,8416
363,359
12943,7820
7975,7820
7975,7971
7975,13906
13906,7975
13907,7768
7768,13908
7768,7764
7768,13907
7805,7803
13908,7768
7791,7788
13909,13910
13910,13911
13910,13909
13911,13912
13911,8148
13912,13911
13913,13901
13901,13910
13901,13913
13902,11507
13163,7020
13163,13161
13914,7957
7957,13162
7957,13914
13915,7956
7956,13915
7956,13916
7956,7945
13916,7956
9799,7028
10370,10369
8139,7426
13917,8153
8153,13897
8153,13917
8154,8150
13918,13899
13899,12967
13899,13918
13900,13898
7760,7447
7738,9800
7738,7723
7738,10314
10031,7940
12706,7929
12706,12703
12706,12705
13905,7931
6971,6967
8080,13919
8080,6978
8080,13920
13919,8080
13919,13921
13919,10616
13920,8080
13921,13919
13921,13922
13921,10616
10616,8079
10616,13919
10616,13921
11514,9453
10681,10392
10681,10394
10681,10679
10319,10312
13923,1775
1775,1774
1775,13924
1775,13923
13924,1775
13924,13925
13924,13926
13927,1776
1776,13927
1776,13928
1776,1774
13928,1776
10364,10361
10363,10318
13929,12041
12041,13929
12041,12044
12041,13930
12041,12038
12044,12041
12044,13931
12044,11478
13931,12044
10399,10391
10394,10390
10394,10681
10394,12037
10395,10390
10688,8162
1167,8162
1167,1164
1167,13932
13932,1167
12045,12043
12045,12042
12045,1168
1168,12043
1168,12045
1168,1164
13933,13925
13925,13924
13925,13934
13925,13933
13934,13925
13934,10378
13934,13935
13935,13934
10378,13934
10378,10376
10378,13936
13937,6990
6990,13937
6990,6986
6990,6985
8431,6995
9837,8201
9837,12977
9837,8207
10602,5292
10602,10599
10602,10599
10605,10604
8215,8214
8215,9834
8215,8216
8215,10624
10624,6520
10624,8215
8052,7438
8052,8048
8052,13938
13938,8052
1709,1708
11483,1717
11482,11481
117,112
117,1706
1722,1710
1734,1730
1733,1730
1733,1757
1733,13939
1728,1724
1732,1727
13939,1733
1760,1757
12696,11500
12697,11500
9836,134
9836,12978
9836,132
7824,7819
12540,3943
12540,28
13796,13794
8919,4105
7753,7748
10406,6949
9454,353
13922,13921
8090,6970
7976,7971
7818,7808
13940,13941
13940,8223
13940,8222
13941,487
13941,13940
13941,8222
8223,13940
8223,13942
8223,8221
8222,8221
8222,13941
8222,13940
13904,7910
13903,13943
13903,13944
13944,13903
13943,8220
13943,7010
7016,7013
7010,7007
7010,7007
7010,13943
13945,487
487,13945
487,13941
487,484
13942,8223
12688,9210
2318,6177
2318,2321
2318,13946
2318,2313
9209,9030
13946,2318
1882,1876
1882,7291
13528,13947
13528,10601
13528,13524
13947,13528
5027,1769
5017,11745
5017,5015
5017,13948
12933,12935
12933,13949
12933,12931
12936,12936
12936,12936
12936,12935
13949,12933
8673,8670
10100,71
10101,71
10101,11868
10101,11868
5901,5930
5901,5898
5901,6629
6632,5902
4389,4380
4386,4360
4386,4379
4386,7847
7847,11525
7847,4386
7847,4360
10983,10971
11691,11689
11691,13950
11691,11688
13950,11691
13950,13951
13950,11692
13952,13951
13951,13950
13951,13953
13951,13952
13953,13951
13953,13954
13953,13955
3376,3365
13956,13957
13957,13958
13957,13958
13957,13956
13959,13960
13959,13961
13959,13962
13960,13962
13960,13963
13960,13959
13961,13958
13961,13959
13961,13962
13962,13960
13962,13961
13962,13959
13963,13082
13963,13960
13963,13964
13082,13080
13082,13963
13082,13965
13964,13966
13964,13965
13964,13963
13077,13074
13077,13967
13077,13968
13967,13077
13967,13969
13967,13970
13968,13971
13968,13970
13968,13077
13972,13973
13973,13972
13973,13974
13973,13975
13976,13975
13976,11198
13976,13977
13975,13976
13975,13973
13975,13974
11198,13976
11198,11195
11198,13978
13977,13976
13977,13978
13977,13974
13978,13977
13978,13979
13978,11198
13974,13973
13974,13977
13974,13975
13980,13979
13979,13981
13979,13980
13979,13978
13981,13979
11199,11195
11199,11197
11199,11197
4318,11196
4318,4315
4318,4319
4319,4318
4319,13982
4319,4315
13982,4319
11200,11196
13983,13984
13984,13983
13984,11191
13984,11189
11191,4321
11191,13985
11191,13984
13985,11191
13986,6669
6669,13986
6669,11189
6669,4324
11189,4320
11189,6669
11189,13984
4308,4302
4308,4308
4308,4308
13987,13988
13988,13989
13988,13990
13988,13987
13989,4325
13989,13991
13989,13988
13990,13988
13990,13992
13990,13993
4325,4305
4325,13989
4325,4326
13991,13989
13991,13993
13991,13994
13992,13990
13993,13991
13993,13994
13993,13990
13994,13993
13994,13995
13994,13991
4326,13996
4326,4325
4326,4305
13997,13998
13997,4303
13997,13999
13998,14000
13998,13997
13998,14001
4303,13997
4303,4300
4303,4304
13999,13996
13999,14002
13999,13997
14003,14004
14004,14005
14004,14006
14004,14003
14005,14007
14005,14004
14005,14008
14006,14009
14006,14010
14006,14004
14002,13999
13996,13999
13996,4326
13996,14011
14011,13996
13995,14012
13995,14013
13995,13994
4304,4300
4304,14014
4304,4303
4421,4307
14014,4304
4422,4332
14015,4419
14015,14016
14015,14017
4419,4417
4419,14015
4419,14018
14016,14015
14016,14019
14016,14020
14017,14019
14017,14021
14017,14015
14019,14016
14019,14017
14019,14021
14021,14017
14021,14022
14021,14019
14018,4419
14020,14016
14023,4420
4420,14024
4420,14023
4420,4417
14024,4420
11220,11217
11220,13237
11220,4424
13237,11220
13237,4284
13237,14025
4424,14026
4424,11220
4424,4418
14026,4424
14022,14021
14022,13249
14022,14027
14028,14027
14027,14029
14027,14028
14027,14022
14029,14027
13249,14022
13249,9541
13249,14030
4341,4337
4341,4341
4341,4341
4342,4337
13071,4396
13072,4338
13971,13968
13965,13969
13965,13964
13965,13082
13969,13967
13969,13965
13969,13970
13970,13968
13970,13967
13970,13969
13083,14031
13083,13080
13083,13081
13084,14032
13084,13080
13084,14031
14031,14033
14031,13083
14031,13084
14031,14034
14033,14035
14033,14031
14033,14036
14035,14033
14035,14037
14035,14038
14036,14033
14036,14036
14036,14036
8974,14039
8974,8966
8974,8971
14039,8974
8976,8967
12758,14040
12758,9563
12758,14041
12757,12754
12756,12754
9561,9557
9559,9557
14042,9556
9556,9555
9556,14042
9556,9551
14043,8969
8969,4340
8969,14043
8969,14044
14044,8969
4237,4241
4237,4234
4237,4238
4237,4236
4238,14045
4238,4237
4238,4241
4238,4234
4241,4237
4241,4236
4241,4238
9603,1173
10689,8163
11501,11499
14046,1166
1166,14046
1166,14047
1166,1163
14047,1166
12384,8164
14048,14049
14049,14048
14049,14050
14049,12046
14050,14049
12046,1162
12046,14049
13930,12041
10387,10383
1177,1773
1177,14051
14051,1177
13926,13924
13936,10378
10379,10376
14052,10385
10385,14053
10385,14052
10385,10382
14053,10385
10384,10382
10384,14054
10384,14055
14055,10384
14054,10384
14054,14056
14054,14057
14056,14054
14056,8151
14056,14058
14057,14054
14058,14056
8151,14056
8151,8149
8151,14059
14059,8151
8152,8149
10381,10377
10373,10372
10373,10374
10373,14060
14060,10373
14061,10367
10367,14061
10367,10365
10367,10366
11078,10848
14062,14063
14062,14064
14062,10022
14063,14062
14064,14062
10022,14062
10022,14065
10022,14065
10022,10021
14065,10022
14065,10022
14065,7256
14066,14067
14066,14068
14066,14069
14067,14066
14067,14070
14067,14069
14068,14071
14068,14066
14068,14072
14069,14066
14069,14067
14069,14073
14070,14067
14071,14068
14073,10020
14073,14069
11013,11012
11013,11014
11013,1856
9845,9832
7066,7064
12159,12156
12159,12158
12159,7109
12158,12156
12158,13007
12158,12159
10393,10386
7256,14073
7256,14065
1285,11970
1285,11168
10016,7258
8098,6974
9750,7516
14074,13513
13513,3560
13513,13520
13513,14074
13541,13539
13541,13535
13541,14075
13536,13520
13536,13540
13536,13133
13536,13535
13535,13533
13535,13536
13535,13541
14075,13541
4169,4164
1042,7312
1042,1040
1042,1037
1046,1039
12358,10477
9478,9850
9478,9476
9478,9849
11397,1014
14076,10087
10087,1011
10087,14076
12368,6851
12368,6850
12368,12367
6851,12368
6851,6847
6851,6853
14077,14078
14077,14079
14077,12365
14078,6867
14078,14077
14078,14080
14079,14077
14079,14081
14079,12365
12365,4171
12365,14077
12365,14079
14081,14082
14081,14079
14081,14080
14082,14081
14080,14081
14080,6867
14080,14083
14080,14078
6868,6852
14083,14080
6867,6852
6867,14078
6867,14080
13024,7916
6903,6456
6887,6891
6887,6895
6887,6883
10398,10397
8875,13034
8875,8871
8875,8872
922,918
922,14084
922,14085
923,918
923,14086
923,14087
925,14087
925,919
925,14086
6474,5317
13637,13634
13890,13813
13948,11745
13948,5017
13948,11746
11745,11743
11745,5017
11745,13948
11746,11744
11746,13948
11746,11743
9526,9524
3543,3536
3543,3538
13037,3561
13414,13412
13516,13415
13515,13509
13512,14088
13512,13509
13512,13510
13511,13510
14088,13512
12212,12210
12213,1516
12213,12210
12213,14089
1514,12206
1514,12206
1514,1509
1516,12213
1516,14090
1516,1509
12206,1520
12206,1514
12206,1514
12207,14091
12207,1520
12207,14092
14090,14093
14090,1516
14090,14089
14089,12211
14089,14090
14089,12213
14093,14094
14093,14090
14093,12211
14094,14093
14094,14095
14094,14096
12211,14097
12211,12205
12211,14093
12211,14089
14095,14094
14095,14097
14095,14096
14096,14098
14096,14095
14096,14094
14098,14091
14098,14096
14098,14097
14091,12207
14091,14098
14091,14092
14097,14098
14097,12211
14097,14095
14097,14092
14092,14091
14092,14097
14092,12207
14099,12208
14099,14100
14099,14101
14099,14102
12208,14099
12208,1521
12208,14103
14100,14104
14100,14099
14100,12209
14101,14103
14101,14099
14101,14105
14102,14106
14102,14099
14102,12204
14103,14101
14103,12208
14103,14107
14107,14105
14107,14105
14107,14103
14105,14107
14105,14107
14105,14101
12209,1521
12209,14100
12209,14108
14108,14109
14108,12209
14108,14104
14110,14104
14110,14109
14110,14109
14104,14110
14104,14100
14104,14108
14109,14108
14109,14110
14109,14110
14111,14112
14111,14113
14111,14114
14112,14115
14112,14111
14112,14116
14113,14111
14113,14117
14113,14118
14114,14118
14114,14119
14114,14111
14118,12275
14118,14114
14118,14113
14119,14114
14119,12262
14119,14115
14115,14120
14115,14112
14115,14119
14115,14121
14120,14122
14120,14115
14120,14123
14121,14123
14121,14124
14121,14115
12262,14119
12262,12257
12262,14122
14122,12279
14122,14120
14122,12262
12279,12261
12279,14122
12279,12277
14117,14113
14117,12270
14117,14125
12275,12271
12275,14118
12275,12270
12270,14117
12270,12267
12270,12275
12273,12269
12273,12268
12273,12283
12293,14126
12293,12260
12293,12263
12263,12258
12263,12290
12263,14127
12263,12293
12264,12258
14126,14128
14126,12293
14126,14129
12290,12263
12290,12287
12290,14130
12290,14128
14127,12263
14128,14131
14128,14126
14128,12290
14131,12292
14131,14128
14131,14132
14130,12290
12292,12289
12292,14131
12292,14133
12291,12287
14134,14135
14135,14124
14135,14116
14135,14134
14124,14121
14124,14135
14124,14136
14116,14135
14116,14137
14116,14112
14136,14124
14138,14139
14139,12278
14139,14123
14139,14138
12278,12277
12278,14139
12278,14140
14123,14139
14123,14121
14123,14120
14140,12278
14137,14116
14137,14125
14137,14141
14125,14137
14125,12284
14125,14117
14141,14137
12284,14125
12284,12282
12284,14142
14142,12284
12285,12282
14143,14144
14144,14145
14144,14143
14144,14146
14133,12292
14133,14147
14133,14132
14148,14146
14146,14129
14146,14148
14146,14144
14132,14131
14132,14149
14132,14133
14147,14133
14147,14145
14147,14149
14145,14147
14145,14144
14145,14129
14149,14132
14149,14129
14149,14147
14129,14149
14129,14146
14129,14145
14129,14126
4594,14150
4594,4591
4594,14151
14152,14150
14152,14153
14152,14151
14150,14152
14150,4594
14150,14154
14153,14154
14153,14152
14153,13265
14151,14155
14151,4594
14151,14152
14154,14153
14154,13265
14154,14150
13265,14154
13265,14153
13265,4593
1272,12839
1272,9650
1272,1267
9650,5438
9650,14156
9650,1272
10672,10671
9467,9464
12272,12268
2058,2054
11535,8039
2056,2053
8240,2073
7725,1726
11029,1752
14157,11036
11036,14157
11036,11032
11036,11492
14158,11494
14158,1753
14158,11491
11494,11492
11494,14158
11494,11491
1753,1748
1753,14158
1753,11032
11491,11487
11491,14158
11491,11494
11489,11486
12380,12379
9966,9578
9966,9962
9966,9577
9966,14159
9577,14160
9577,7478
9577,9966
9577,7477
14160,14161
14160,9577
14160,14162
14161,14160
14161,14163
14161,14163
14162,14164
14162,14165
14162,14160
3407,3265
3407,14166
3407,14167
14166,3407
14167,3407
8726,8750
8726,8727
8726,8599
8725,8599
8725,14168
8725,8598
14168,8725
14168,14169
14168,14170
14168,14171
14169,14168
14169,8751
14169,8751
14170,14168
14171,14168
8751,14169
8751,14169
8751,8750
313,309
12951,9041
10615,916
10615,916
10615,912
916,911
916,10615
916,10615
13164,11815
13164,13177
13180,11815
13180,11816
11812,11807
11812,12055
13177,13175
13177,13171
13178,13179
13178,13175
11816,11812
14172,13174
14172,13178
14173,14172
12700,12699
14174,9327
9327,14175
9327,14174
9327,9326
14175,14176
14175,9327
14175,14177
14177,14175
14176,14178
14176,14175
14176,14179
14179,14176
14178,14180
14178,14176
14178,14181
14182,14180
14180,14183
14180,14178
14180,14182
14183,9335
14183,14180
14183,14184
14185,9335
9335,9332
9335,14183
9335,14185
14181,14178
14184,14183
9336,9332
3725,3653
3725,3615
3725,3799
14186,14187
14187,14186
14187,14188
14187,12975
14188,14187
12975,8253
12975,14187
12975,14189
14189,12975
6874,6870
9294,8872
9294,1003
9294,9290
10194,10193
7069,7068
7070,14190
7070,7068
7070,7082
14190,7070
7082,14191
7082,7070
7082,7050
14191,7082
7083,7050
10998,10163
12633,14192
12633,12630
12633,14193
14192,12633
14193,12633
14193,12640
14193,14194
12640,14193
12640,12634
12640,9043
14194,14193
12643,14195
12643,12641
14195,12643
12638,12636
4227,4410
4227,4224
4227,14196
4413,4410
4413,14197
4413,14197
14197,14198
14197,4413
14197,4413
14198,14197
4388,4380
7355,7351
7355,9573
7355,9761
9573,7355
9573,7342
9573,4895
9761,12181
9761,12181
9761,9758
9761,7355
2726,14199
2726,2725
2726,2718
14199,12894
14199,2726
14199,14200
12894,14199
12894,12890
12894,12890
14200,14201
14200,14202
14200,14199
14201,14200
14202,14200
9052,9049
10741,14203
10741,10742
10741,10738
13122,10059
10722,10719
10722,10839
10722,10729
10838,10560
9813,9810
13743,13742
13743,13743
13743,13743
10715,10713
10715,10736
10715,10714
14204,10736
10736,10715
10736,14204
10736,10716
14205,5190
5190,3159
5190,14206
5190,14205
14206,5190
3172,3169
3305,3301
570,566
3037,3021
3019,3015
3040,3018
9797,3034
3033,3031
6845,3085
2970,2965
2966,2962
11105,11110
11105,11681
11105,11102
8961,8958
2371,2365
719,7839
719,715
719,14207
7839,7836
7839,7836
7839,719
14207,719
11721,9719
9805,9803
13399,9804
9571,9570
6312,6307
4297,4293
4297,14208
4297,14209
14208,4297
14208,14210
14208,14211
14209,14212
14209,12826
14209,4297
14212,14209
12826,12822
12826,14209
12826,4294
4384,4378
4384,14213
4384,4385
14213,4384
14213,14214
14213,14215
4385,14216
4385,4384
4385,4378
14216,4385
14214,14213
14214,11461
14214,14217
11461,14214
11461,11459
11461,14218
14217,14214
14218,11461
11462,11459
11463,11460
11463,12824
11463,14219
11464,11460
11465,14220
11465,14221
11465,14222
11465,11460
12824,11463
12824,12821
12824,12828
14219,11463
12825,14223
12825,12821
12825,14224
14223,12825
14224,12825
14220,14225
14220,11465
14220,14226
14225,14220
14226,14220
14222,11465
14221,11465
12828,14227
12828,12824
12828,12823
14227,12828
14210,14228
14210,14228
14210,14208
14211,14229
14211,14208
14211,14230
14231,14228
14228,14210
14228,14210
14228,14231
4298,4293
4298,14232
4298,14233
14232,4298
14233,4298
4313,4203
4313,14234
4313,14235
14234,4313
14235,4313
4381,14236
4381,4377
4381,14215
14236,14229
14236,4381
14236,14237
14236,14238
14215,4381
14215,14239
14215,14213
4382,4377
4383,4377
14239,14215
14229,14211
14229,14236
14229,14240
14237,14236
14238,14236
14230,14211
14240,14229
4229,4406
4229,4225
4229,14241
4230,4225
4358,14242
4358,4354
4358,14243
4359,4354
14242,12101
14242,4358
14242,14244
14242,14245
14243,4358
12101,4347
12101,14242
12101,14246
14244,14242
14245,14242
14246,12101
4350,14247
4350,4345
4350,4347
12102,4347
14247,4350
4349,4345
4349,4403
4349,14248
4407,4402
4407,14249
4407,14250
14249,14251
14249,4407
14249,14252
14250,14253
14250,14254
14250,4407
14251,14249
14252,14249
14255,14256
14255,14253
14255,14257
14256,14258
14256,14255
14256,14259
14256,14260
14253,14255
14253,14250
14253,14261
14257,14262
14257,14255
14257,14263
14264,14265
14264,14258
14264,14266
14265,4414
14265,14264
14265,14267
14258,14264
14258,14256
14258,14268
14258,14266
14266,14259
14266,14258
14266,14264
4414,4411
4414,14265
4414,14269
14267,14265
4415,4411
14269,4414
14268,14258
14262,14270
14262,14257
14262,14271
14270,14262
14270,14263
14270,14272
14271,14262
14271,4408
14271,14272
4408,14271
4408,4402
4408,14273
4408,14272
14273,4408
14272,14271
14272,4408
14272,14270
14263,14257
14263,14270
14263,14259
14259,14266
14259,14256
14259,14263
14260,14256
14254,14250
14261,14253
14196,4227
14196,4228
14196,14274
14274,14196
4406,4229
4406,14275
4406,4401
14241,4229
4405,4401
14275,4406
4228,14276
4228,4224
4228,14196
14276,4228
4403,4349
4403,4400
4403,14277
4404,4400
14277,14278
14277,4403
14277,14248
14278,14277
14248,14279
14248,4349
14248,14277
14279,14248
12105,12104
12105,4351
12105,4352
12106,12104
4351,12105
4351,4346
4351,14280
4352,14281
4352,4346
4352,12105
14281,4352
14280,4351
695,690
9123,4327
9123,10136
9123,3780
12832,9120
14282,7090
7090,14282
7090,7091
7090,7089
14283,14284
14284,14283
14284,1087
14284,1085
9722,9721
1087,9721
1087,1084
1087,14284
1085,1079
1085,14284
1085,1080
4629,4625
12950,4620
4621,4618
4622,4619
4622,7835
4622,14285
4622,14286
4623,4619
14285,7838
14285,4622
14285,14287
14286,4622
7838,14288
7838,14285
7838,7835
14288,7838
14287,14285
720,715
720,14289
720,14290
14290,720
722,716
14289,720
717,714
717,14291
717,13481
14291,717
14291,13483
14291,14292
13457,13455
13457,4612
13457,14293
4612,14294
4612,4607
4612,13457
14293,13457
13483,14291
13483,13481
13483,14295
718,714
14292,14291
4609,4617
4609,4605
4609,4606
4611,14296
4611,4606
4611,4617
4610,4605
13485,13482
14296,4611
13484,14297
13484,13477
13484,13482
14297,13484
14295,13483
13439,13438
13442,13440
13491,13441
13449,13445
13453,13451
13463,14298
13463,13462
13463,712
14298,13463
712,707
712,13463
712,13446
13474,13471
4613,4607
14294,4612
13458,13455
750,744
13470,749
709,705
746,742
9778,13545
9778,13544
7541,7540
13087,7539
13087,7541
8260,8256
3425,3420
6211,14299
6211,6207
6211,14300
6212,6207
14299,13312
14299,6211
14299,14301
14300,6211
13312,11717
13312,14299
13312,14302
14302,13312
13313,11717
14301,14299
6210,6206
13335,14303
13335,13330
13335,14304
13336,14305
13336,14303
13336,13330
14305,13336
14303,14306
14303,13335
14303,13336
14307,13332
14307,14306
14307,14308
13332,10968
13332,14307
13332,14309
14306,14307
14306,14303
14306,14309
14308,14307
13333,10968
14309,14306
14309,14310
14309,13332
14310,14309
14310,14304
14310,14304
14304,13335
14304,14310
14304,14310
13323,6209
13321,13316
13319,13315
6219,6216
6219,13329
6219,6220
13334,13329
13334,14311
13334,14312
14312,13334
8553,8550
839,835
10608,10608
10608,10608
10608,842
7042,1188
828,13356
828,824
828,13360
13360,13358
13360,13356
13360,828
13358,14313
13358,13360
13358,13354
14313,13358
13359,13357
13359,13355
13359,13362
13369,13368
13393,13391
6240,4222
4221,4217
13064,1186
1212,14314
1212,1204
1212,13869
14314,1212
1949,1821
1949,14315
1949,14316
1950,1819
1950,14315
1950,14316
14315,1950
14315,1949
14315,14316
14316,1949
14316,1950
14316,14315
7038,14317
7038,1250
7038,1249
14318,13880
13880,14318
13880,14317
13880,13878
14317,13880
14317,7038
14317,7037
7037,1189
7037,14317
7037,14319
14319,14320
14319,14321
14319,7037
14320,14319
14321,14322
14321,14319
14321,14323
14322,14321
14323,14321
1650,13876
1650,1648
1650,1652
13876,13873
13876,1650
13876,13881
13881,13879
13881,13876
13881,13882
13882,1247
13882,13879
13882,13881
1652,1246
1652,1247
1652,1650
1239,425
1237,424
1210,1203
1206,1201
1822,1660
8018,1234
1820,1659
13870,1649
13870,13874
13870,13871
13871,13869
13871,13870
13871,13875
13061,7033
7035,7034
7035,7032
7035,7032
7034,14324
7034,7035
7034,7030
14324,7034
8243,1549
1556,8242
1556,1558
1556,1196
1558,1556
1558,8242
1558,1197
6471,6445
6901,6899
12235,1697
1690,1682
1690,1690
1690,1690
5246,5240
12404,12407
12404,12402
12404,12409
12406,12403
12407,12403
12407,12404
12407,14325
14325,12407
14325,12409
14325,14326
14326,14325
12409,12405
12409,14325
12409,14327
12409,12404
14327,12409
4511,4509
7707,7706
7707,14328
7707,14329
7705,14329
7705,7704
7705,7706
14328,14330
14328,14331
14328,7707
14329,7705
14329,14331
14329,7707
2698,12492
2698,2673
2698,2672
11467,11466
14311,13334
13308,13377
13308,13306
13308,14332
13378,13377
14332,13308
13309,13306
13310,13304
4502,4499
4501,4498
4769,199
4515,14333
4515,540
4515,14334
14333,4515
14334,4515
4372,553
4373,553
4521,4519
14335,13888
13888,13500
13888,14335
13888,13886
4495,4492
4496,4492
4476,4472
4477,14330
4477,14336
4477,4474
4478,14337
4478,14336
4478,4474
14331,14328
14331,14338
14331,14329
14338,14336
14338,14331
14338,14330
14330,4477
14330,14328
14330,14338
14336,4477
14336,14338
14336,4478
14337,4478
10926,1383
9639,372
374,14339
374,14340
374,370
14339,374
14340,374
13094,4789
13103,13016
13014,13013
13017,9416
13018,9416
12139,12135
12139,12146
12139,14341
14341,12139
12140,12135
12147,12146
9641,4700
383,378
383,6670
383,14342
14342,383
11022,4811
11204,11206
11204,9711
11204,11205
3721,3719
3721,3663
3721,3690
3690,3686
3690,3721
3690,3691
9992,3756
9992,3744
9992,3741
14343,14344
14343,14345
14343,14346
14344,14347
14344,14343
14344,14348
14345,14343
14345,11350
14345,14349
14346,11352
14346,14343
14346,11353
11352,14346
11352,14350
11352,4919
11353,11350
11353,4919
11353,14346
11350,14345
11350,4918
11350,11353
14350,11352
14350,14351
14350,14352
14351,14353
14351,14347
14351,14350
14352,14354
14352,14355
14352,14350
14353,14356
14353,14351
14353,14357
14347,14351
14347,14344
14347,14358
14354,14352
14355,14352
14359,12965
14359,14356
14359,14360
12965,14359
12965,14361
12965,869
14356,14359
14356,14353
14356,14362
14360,14363
14360,14359
14360,14364
14365,14363
14363,14360
14363,14366
14363,14365
14366,14363
14364,14360
12966,14367
12966,869
12966,14368
14367,14369
14367,12966
14367,14370
14369,14371
14369,14367
14369,14372
14370,14367
14371,14369
14371,14373
14371,14374
14372,14369
9414,868
9414,14373
9414,9411
14373,9414
14373,14371
14373,14375
14375,14373
14368,12966
11351,14376
11351,4918
11351,14349
14376,11351
14376,14377
14376,14378
14377,14349
14377,14376
14377,14378
14378,14377
14378,14376
14378,14379
14379,14378
14349,14345
14349,14377
14349,11351
14374,14371
14348,14344
14357,14380
14357,14381
14357,14353
14381,14357
14380,14358
14380,14357
14380,14382
14358,14380
14358,14383
14358,14347
14383,14382
14383,14358
14383,14384
14382,14383
14382,14380
14382,14384
14384,14383
14384,14382
14384,14385
14385,14384
14362,14356
12320,12318
12320,14386
12320,4971
14386,12320
14386,12319
14386,14387
4971,4969
4971,12320
4971,12318
4972,12199
4972,14388
4972,4969
12315,12310
14387,14386
12319,14386
12319,685
12319,14389
14389,12319
14388,4972
12201,12199
11609,11608
1333,1326
13218,13216
13219,13216
11606,11605
11606,14390
11606,14391
14390,11606
14391,11606
12308,12306
12308,12308
12308,12308
9211,1233
9211,1232
9211,1651
1651,1235
1651,9211
1651,419
1235,1230
1235,1233
1235,1651
7709,7716
7709,7045
7709,8224
7716,7709
7716,8224
7716,7713
8224,7711
8224,7716
8224,7709
1836,14392
1836,1833
1836,14393
14392,7902
14392,1836
14392,14394
14393,14395
14393,1837
14395,14396
14395,14397
14395,14398
14396,14399
14396,14400
14397,14401
14397,14395
14397,14394
14398,14399
14398,1837
14398,14395
14400,992
14400,14402
14402,14403
14402,14400
14402,14404
14401,14405
14401,14405
14401,14397
14394,14406
14394,14397
14394,14392
14406,14404
14406,14394
14406,7902
14404,14406
14404,14403
14404,14402
7902,992
7902,14392
7902,14406
14403,14402
14403,14405
14403,14404
14405,14403
14405,14401
14405,14401
6451,6449
6459,6455
10415,1641
10415,10415
10415,10415
1505,1503
6470,6468
6469,6468
1837,14398
1837,1833
1837,14393
14407,14399
14399,14407
14399,14398
14399,14396
1831,991
1688,1685
1672,1667
11186,814
11175,11174
11610,14408
11610,14408
11610,9413
14408,11610
14408,11610
14408,14409
14409,14408
1331,1325
1328,1324
13607,11716
13608,11716
13595,11713
13596,11700
10323,10322
10323,10324
10323,10321
10324,10323
10324,10325
10324,10321
8024,1676
10326,8023
1675,1671
1644,1643
1644,1810
1644,1639
9225,8004
11083,5013
11083,5011
11083,14410
12732,14411
12732,7900
12732,14412
14411,12732
14411,14412
14411,9186
14412,14411
14412,14413
14412,12732
9186,9183
9186,14411
9186,14414
14414,9186
14413,14412
8250,8247
8250,8250
8250,8250
1161,1159
8837,8835
11557,1293
11703,11701
11629,11621
14361,12965
12311,12309
11859,12876
11859,8777
11858,11857
11858,3508
5775,14415
5775,5768
5775,14416
3691,3626
3691,3690
3691,3686
3802,3802
3802,3802
3802,3636
4312,702
4276,4275
4276,4274
4276,14417
14417,4276
4277,14418
4277,4269
4277,4274
14418,4277
8845,8842
8845,8839
8845,14419
8846,8842
14419,8845
8851,8839
8852,8840
8852,14420
8852,14421
8853,8840
14420,8852
14420,11560
14420,14422
14421,8852
11560,14420
11560,11558
11560,14423
14422,14420
11561,11558
14423,11560
14424,11570
14424,8847
14424,14425
11570,14424
11570,11567
11570,11571
8847,8843
8847,14424
8847,8848
14425,8848
14425,11571
14425,14424
8848,14425
8848,8847
8848,8843
11571,14425
11571,11570
11571,11567
11543,14426
11543,14427
11543,224
14426,11543
14427,14428
14427,14428
14427,11543
14429,14428
14428,14429
14428,14427
14428,14427
9328,9326
684,679
684,3732
684,681
13223,13222
13223,13222
13223,691
691,14430
691,13223
691,688
14430,691
13221,12863
12762,3655
1634,14431
1634,1599
1634,14432
14431,1634
14432,1634
10858,10855
10252,9569
10849,10845
10025,10024
8237,14433
8237,8236
8237,14434
14433,8237
14434,8237
14072,14068
4768,13011
4768,13010
4768,4765
13011,4768
13011,4790
13011,13010
4104,3935
8922,4459
8921,4459
4049,14435
4049,4043
4049,4045
14435,4049
11161,11159
4101,14436
4101,4099
4101,14437
14436,4101
14437,4101
4063,3896
9669,9667
2142,2138
12723,12506
9221,8014
554,24
554,7856
554,7858
7859,7858
11540,555
220,216
4013,3936
3742,3738
9726,9725
9726,6034
9726,9723
10201,6034
10201,8721
10201,7077
11082,5024
11082,5024
11082,5028
5024,5020
5024,11082
5024,11082
5024,5023
5023,11744
5023,5024
5023,5019
14438,8366
8366,14438
8366,14439
8366,8349
14439,14440
14439,14441
14439,8366
14440,14439
14441,14442
14441,14443
14441,14439
14442,14441
14443,14441
1432,1429
1432,14444
1432,1434
14444,1432
14444,5918
14444,14445
1434,14446
1434,14447
1434,1432
1434,1430
5918,1433
5918,5915
5918,14444
1433,5918
1433,1431
1433,1429
13431,13430
12550,12549
13493,13432
13493,1007
13493,12551
12551,13433
12551,13493
12551,12549
13432,13493
13432,13430
13432,14448
14448,13432
9692,9695
9692,9690
9692,14449
9695,9692
9695,14450
9695,9693
14449,9692
14450,9695
10782,8867
9235,9236
9235,9233
9235,983
9235,454
11228,9581
9582,9579
10328,8328
11264,11260
11264,14451
11264,14452
14451,11264
14451,14453
14451,14454
14452,11264
14452,14454
14452,14455
14455,14452
14454,14452
14454,14456
14454,14451
14456,14454
14453,14451
14453,11957
14453,14457
14457,14453
11957,14453
11957,14458
11957,592
14458,11957
14458,3440
14458,14459
3440,14458
3440,14460
3440,14461
3440,3438
14459,14458
14459,14462
14459,14463
14462,14459
12929,12398
12928,12398
11391,11388
12355,14464
12355,1043
12355,1044
12357,1044
9686,9681
9686,9683
9686,9683
9687,9681
9687,9689
9687,6855
10652,10651
10652,1270
10652,1271
1271,10652
1271,1266
1271,14465
14465,1271
6862,5431
12809,12808
12814,12810
6855,9682
6855,9687
6855,6849
14466,11188
14466,11188
14466,14467
11188,14466
11188,14466
11188,11185
14467,9713
14467,14466
14467,11187
11187,11185
11187,14467
11187,9713
9713,14467
9713,11187
9713,9712
11184,11179
11181,4322
5661,5653
5661,14468
5661,5657
5653,5661
5653,14469
5653,821
14468,14470
14468,5661
14468,14471
14472,14470
14470,14468
14470,14473
14470,14472
14473,14470
14471,14468
5664,5659
5660,5657
5663,5658
14469,14474
14469,5653
14469,14475
14474,14469
14475,14469
5652,821
14476,5655
5655,14477
5655,14476
5655,822
14477,5655
9548,779
9549,779
11070,11069
11070,14478
11070,14479
11071,14480
11071,14481
11071,11069
14480,11071
14481,11071
5916,5913
14482,13048
14482,14483
14482,14484
13048,14446
13048,68
13048,14482
14483,14482
14483,14485
14483,14484
14484,14486
14484,14482
14484,14483
14485,14487
14485,14483
14485,14486
14486,14484
14486,14488
14486,14485
14488,14486
14488,14489
14488,14487
14487,14490
14487,14488
14487,14485
5800,1261
9925,9920
9925,9925
9925,9925
14491,14492
14492,10676
14492,14491
14492,14493
10676,14492
10676,14494
10676,59
14493,14495
14493,14492
14493,14494
14495,14493
14495,14496
14495,14497
14494,10676
14494,14496
14494,14493
14496,14495
14496,14494
14496,12842
12842,11950
12842,10096
12842,14496
14497,14498
14497,14499
14497,14495
14498,14497
14498,10097
14498,10097
10097,5261
10097,14498
10097,14498
11950,12842
11950,5257
11950,10677
12841,10096
14499,14497
11953,11949
11953,11947
11953,11954
11954,11947
11954,11953
11954,14500
14500,11954
13049,68
14446,1434
14446,13048
14446,1400
14447,14501
14447,1434
14447,14490
14445,14444
1399,1394
1399,1430
1399,1400
1400,14446
1400,1399
1400,1394
14489,14488
14489,14502
14489,14501
14490,14487
14490,14502
14490,14447
14502,14489
14502,14490
14502,14501
14501,14447
14501,14502
14501,14489
14156,9650
14156,14503
14156,14504
14503,14504
14503,14156
14503,14505
14504,14503
14504,14156
14504,14506
14505,14503
14506,14504
11868,10101
11868,10101
11868,1273
12837,12834
12837,14507
12837,5799
14507,12837
5799,12837
5799,1260
5799,14508
14508,5799
12840,12839
10310,9602
5754,5751
7057,7053
5457,5411
5329,5325
9477,14509
9477,14509
9477,5423
14509,11975
14509,9477
14509,9477
11975,11974
11975,11974
11975,11976
11975,14509
5345,5342
5345,5398
5345,14510
5398,5345
5398,5397
5398,5394
14510,5346
14510,14511
14510,5345
5343,5341
5343,14512
5343,5395
14512,5343
14512,14513
14512,5344
5399,5395
5399,14513
5399,14514
14513,14512
14513,14515
14513,5399
14515,14513
14515,14514
14515,14511
5344,14516
5344,14512
5344,5341
14516,14517
14516,5344
14516,14518
14517,14516
14517,14519
14517,14520
14519,14521
14519,14517
14519,14511
14520,14518
14520,14517
14520,14521
14521,14522
14521,14520
14521,14519
14522,14521
14522,14523
14522,5346
14511,14515
14511,14510
14511,14524
14511,14519
14524,14525
14524,14526
14524,14511
14525,5397
14525,14524
14525,14527
5397,5398
5397,14525
5397,5394
14527,14525
14527,14528
14527,14528
14514,14515
14514,14526
14514,5399
14528,14526
14528,14527
14528,14527
14526,14524
14526,14528
14526,14514
14523,14522
5346,14510
5346,5342
5346,14522
14518,14516
14518,14520
14518,14529
14529,14518
5437,1485
11984,11983
11984,14530
11984,13158
14530,14531
14530,11984
14530,14532
13158,11984
13158,13157
13158,14533
14531,14534
14531,14535
14531,14530
14532,14530
14534,14531
14535,14536
14535,14531
14535,14537
14536,14535
14537,14538
14537,14535
14537,14539
14538,14540
14538,14537
14538,14541
14539,14537
13154,13151
13154,14542
13154,13156
13154,14543
14542,13154
14542,14544
14542,14545
13156,14546
13156,13152
13156,13154
14543,14547
14543,14546
14543,14544
14543,13154
14543,14548
5566,5565
5566,14549
5566,13150
13155,14545
13155,14550
13155,13151
14545,14551
14545,13155
14545,14542
14545,14550
14550,14549
14550,13155
14550,14545
14552,14553
14552,14552
14552,14552
14553,14552
14553,14554
14553,14555
14541,14556
14541,14557
14541,14538
14556,14544
14556,14541
14556,14554
14557,14558
14557,14559
14557,14541
14540,14558
14540,14538
14540,14560
14558,14557
14558,14540
14558,14561
14560,14540
14561,14558
14559,14557
13153,14562
13153,13152
13153,13148
14563,14562
14563,14562
14563,14546
14562,13153
14562,14563
14562,14563
14546,14543
14546,13156
14546,14563
14547,14543
14544,14542
14544,14556
14544,14543
14548,14543
14551,14554
14551,14545
14551,14564
14554,14553
14554,14551
14554,14556
14564,14551
14564,14564
14564,14564
14555,14553
14555,14565
14555,14566
5567,5565
5567,14549
5567,14566
14549,5567
14549,14550
14549,5566
14549,14567
14566,14568
14566,5567
14566,14555
14567,14549
14565,14555
14568,14566
14568,14568
14568,14568
5572,5569
8909,5571
11526,8902
5509,5505
214,207
1491,1481
5380,1482
5333,5327
5331,5326
12721,5436
13534,14569
13534,13532
13534,13533
6676,14570
6676,6675
6676,6677
6677,6676
6677,14571
6677,6675
14571,6677
14571,14570
14571,14572
14570,14572
14570,6676
14570,14571
14572,14573
14572,14570
14572,14571
14573,13002
14573,14572
14573,13001
13001,13000
13001,13002
13001,14573
13002,14573
13002,13001
13002,13000
770,766
770,14574
770,14575
14574,770
14574,14576
14574,14577
14575,14478
14575,14578
14575,770
14576,14574
14577,14574
771,766
12990,12988
12991,12988
12994,12993
10568,10567
14155,14151
14478,11070
14478,14575
14478,14579
14578,14575
14579,14478
14479,11070
777,775
768,765
768,14580
768,769
14580,768
11639,14581
11639,4595
11639,14582
14581,11639
14582,11639
13954,13953
13954,14583
13954,14584
14583,14585
14583,13954
14583,14586
14584,14587
14584,13955
14584,13954
14587,14584
13955,14584
13955,14588
13955,13953
14588,13955
4539,4535
4539,14589
4539,14590
4540,14590
4540,14590
4540,4535
14589,4539
14589,14591
14589,14592
14590,4540
14590,4540
14590,4539
6673,14593
6673,11632
6673,4374
14593,6673
14593,11634
14593,14594
11634,14595
11634,11632
11634,14593
11634,11633
14594,14593
14594,14596
14594,14597
14596,14594
14597,14594
14598,14595
14595,11634
14595,14598
14595,14599
14599,14595
11633,11634
11633,787
11633,14600
14600,11633
786,14601
786,789
786,782
786,14602
14601,786
14601,14602
14601,11670
14602,14603
14602,14601
14602,11671
14602,786
12663,789
11635,785
11635,11302
11635,11672
11672,11669
11672,14604
11672,11635
14604,11672
14604,14605
14604,14606
14606,14604
14605,14604
11670,11668
11670,14607
11670,14601
14603,14602
12986,12983
759,14608
759,760
759,755
14608,759
10579,10579
10579,10579
10579,758
10577,10575
10574,10571
10594,10573
10594,10594
10594,10594
10593,10591
13834,10592
13834,14609
13834,14610
14610,13834
14609,13834
14591,14589
14591,14611
14591,14612
14592,14589
4537,14613
4537,4534
4537,14614
14613,14585
14613,4537
14613,14615
14614,4537
14614,14616
14614,14617
14617,14617
14617,14617
14617,14614
14616,14614
4538,14618
4538,14619
4538,4534
14618,4538
14619,4538
14585,14583
14585,14613
14585,14586
14615,14613
14615,14586
14615,14620
14621,14620
14620,14621
14620,14615
14620,14622
14620,14623
14622,14620
14623,14620
14586,14585
14586,14615
14586,14583
14611,14591
14611,14624
14611,14625
14624,14611
14624,14626
14624,14612
14625,14611
14627,14626
14627,14628
14627,14629
14626,14624
14626,14627
14626,14630
14628,14627
14628,14631
14628,14632
14629,14627
14631,14628
14631,4599
14631,14633
4599,14631
4599,773
4599,4600
14633,14631
14612,14624
14612,14591
14612,14634
14634,14635
14634,14612
14634,14636
14635,14634
14635,14635
14635,14635
14636,4600
14636,14634
14636,14637
4600,4599
4600,14632
4600,14636
4600,773
14632,14638
14632,4600
14632,14628
14638,14632
14630,14626
11671,14639
11671,11668
11671,14602
14639,11671
14637,14636
11647,11640
11648,11646
11649,11642
11692,14640
11692,11689
11692,13950
14640,11692
4564,4559
4565,14641
4565,4560
4565,14642
4566,4560
4566,14641
4566,14642
14641,14642
14641,4566
14641,4565
14642,14641
14642,4566
14642,4565
4562,4561
4562,14643
4562,4558
14643,4562
11657,11654
11644,4528
11644,11645
11644,11641
11650,4528
11650,11643
11650,11643
11643,11641
11643,11650
11643,11650
11645,11644
11645,14644
11645,11641
4588,4583
14644,11645
12980,11652
11663,4578
11663,11655
11663,4579
4579,4576
4579,4575
4579,11663
11638,11637
14607,11670
12981,4556
12981,14645
12981,14646
12982,4556
14645,12981
14646,14647
14646,14648
14646,12981
14647,14649
14647,14646
14647,14650
14648,14646
14649,14651
14649,14647
14649,14652
14650,14647
14651,14653
14651,14649
14651,14654
14651,14655
14652,14649
14653,14656
14653,14651
14653,14657
14654,14651
14655,14651
14656,14653
14656,14658
14656,14659
14657,14653
14658,14656
14659,14660
14659,14660
14659,14656
14660,14661
14660,14659
14660,14659
14661,14660
13112,4541
6663,4523
14012,13995
14012,12665
14012,14662
14013,14663
14013,13995
14013,14664
14663,14013
14663,14663
14663,14663
14664,14665
14664,14013
14664,12665
14665,14664
12665,14012
12665,4366
12665,14664
11221,14666
11221,11217
11221,14667
14668,14666
14666,14668
14666,11221
14666,14669
14667,11221
14669,14666
14025,13237
14025,14670
14025,14671
14672,14671
14671,14672
14671,14673
14671,14025
14673,14671
13238,4284
14670,14025
14030,13250
14030,13249
14030,14674
14675,13250
13250,14675
13250,14030
13250,9541
14674,14030
12666,14676
12666,4366
12666,14677
14676,12666
14677,14678
14677,14662
14677,12666
14678,14677
14662,14012
14662,14679
14662,14677
14679,14662
4368,4364
4368,14007
4368,14680
4369,4364
14007,4368
14007,14005
14007,14681
14680,4368
14681,14007
14008,14005
14009,14006
14009,14682
14009,14683
14682,14009
14682,14684
14682,14685
14683,14009
14684,14682
14684,14686
14684,14000
14685,14682
14000,13998
14000,14687
14000,14684
14001,13998
14687,14000
14010,14006
14010,14686
14010,14686
14686,14684
14686,14010
14686,14010
13248,13247
13251,9542
14688,13239
13239,14689
13239,14688
13239,4285
14689,13239
13236,9545
13245,9546
4283,14690
4283,4279
4283,9544
14690,4283
6642,14691
6642,4287
6642,14692
14691,6642
14692,6642
6639,6636
6637,14693
6637,6634
6637,14694
14693,14695
14693,6637
14693,13089
14694,14696
14694,6637
14694,14697
14696,14694
6657,6652
6657,14695
6657,14698
14695,6657
14695,14693
14695,14699
14698,6657
14699,14695
14697,14694
6659,6654
13089,14693
13089,14700
13089,6655
14700,13089
14700,14701
14700,14702
6645,6644
6645,6655
6645,14703
14703,14704
14703,6647
14703,6645
14704,14703
6646,6644
6647,14703
6647,14705
6647,6644
14705,6647
14701,6638
14701,14700
14701,14702
14702,6638
14702,14700
14702,14701
6638,14702
6638,6635
6638,14701
6641,14706
6641,4286
6641,14707
14706,6641
14707,6641
13230,13227
13966,13964
13958,13961
13958,13957
13958,13957
14032,13084
14034,14031
13085,14708
13085,13081
13085,14709
14710,14708
14708,13085
14708,14710
14708,14711
14711,14708
14709,13085
14037,14035
14038,14035
4398,4394
7532,4077
7538,7535
14040,12758
14041,12758
14045,4238
8890,14712
8890,14713
8890,8886
9696,8502
9696,14713
9696,14714
14713,9696
14713,14712
14713,8890
14714,9696
14712,14715
14712,14713
14712,8890
14715,14712
14533,13158
9862,9859
11989,11989
11989,11989
11989,8892
5511,5506
6466,6463
7164,1469
9651,5438
10102,213
12976,8491
12304,10550
12305,10550
5651,14716
5651,5648
5651,8483
14716,5651
7172,5674
7172,7171
7172,7173
7182,5637
7173,14717
7173,7172
7173,7171
14717,7173
14717,7180
14717,7098
7180,646
7180,14717
7180,7098
7098,5564
7098,7180
7098,14717
7179,646
7179,14718
7179,14719
4323,4317
4531,820
5732,642
5733,14720
5733,14721
5733,642
14720,14722
14720,5733
14720,14723
14721,14724
14721,5733
14721,14725
14722,14720
14723,14720
14724,14721
14725,14726
14725,14727
14725,14721
14726,14725
14727,14725
14727,14728
14727,14729
14728,14727
14729,14727
7170,5502
7169,5502
645,638
9075,9067
9075,9092
9075,11035
11035,11031
11035,9075
11035,9074
9074,9067
9074,11034
9074,11035
6873,6869
6902,6872
13070,14730
13070,14731
13070,13068
14730,13070
14731,13070
14569,13534
12167,7108
8928,8926
14718,7179
14719,7179
9968,14732
9968,12752
9968,7485
14732,9968
14733,14734
14733,14735
14733,14164
14734,14735
14734,14733
14734,14736
14735,14737
14735,14734
14735,14733
14164,14162
14164,14736
14164,14733
14737,14738
14737,14735
14737,14739
14740,14741
14741,14742
14741,14743
14741,14740
14742,14741
14742,14744
14742,14745
14743,14741
14744,14742
14744,14746
14744,14747
14746,14744
14746,14748
14746,14749
14747,14744
14748,14746
14748,14750
14748,14159
14750,14748
14159,14748
14159,14751
14159,9966
14745,14742
14749,14746
14752,14751
14751,14753
14751,14752
14751,14159
14751,14754
14753,14751
14754,14755
14754,14756
14754,14751
14757,14755
14755,14754
14755,14757
14755,14758
14758,14755
14758,14759
14758,14760
14758,14761
14756,14754
14759,14762
14759,14763
14759,14758
14760,14758
14761,14758
14764,14762
14764,14738
14764,14765
14762,14759
14762,14764
14762,14766
14738,14764
14738,14737
14738,14767
14765,14764
14763,14759
14766,14762
14739,14737
14767,14738
4998,4729
4998,4693
4998,4728
4999,14768
4999,4729
4999,14769
14768,4694
14768,4999
14768,14770
14769,4693
14769,14770
14769,14770
14769,4999
4694,14770
4694,4690
4694,14768
14770,4694
14770,14768
14770,14769
14770,14769
4693,14769
4693,4998
4693,4690
12179,9763
3976,11729
3976,3973
3976,3975
11346,11343
11347,11343
3977,11735
3977,3973
3977,14771
14772,11735
11735,14772
11735,3977
11735,11729
14771,3977
13287,13284
13287,14773
13287,14774
14774,13287
13283,13282
13283,14775
13283,924
14775,13283
14773,13287
4095,4025
4095,11349
4095,11349
11349,11344
11349,4095
11349,4095
13288,4093
11005,11004
11005,10994
11005,8261
4748,4744
11723,14776
11723,14084
11723,11722
11724,11722
14084,922
14084,11723
14084,14777
14777,14084
14085,14778
14085,922
14085,14776
14778,14085
14776,14779
14776,11723
14776,14085
14779,14776
14087,925
14087,14086
14087,923
14086,923
14086,14087
14086,925
9272,9270
9272,9269
9272,9282
4665,4780
4665,4702
4665,11003
11003,4665
11003,11002
11003,14780
14780,11003
6277,6012
4896,4851
5005,8311
5005,14781
5005,5001
8311,5005
8311,4825
8311,8310
14781,5005
8312,4869
8312,4868
8312,8308
8307,8306
8307,14782
8307,4899
14782,8307
14783,10992
14783,4676
14783,4852
10992,4797
10992,14783
10992,14784
4676,14783
4676,4672
4676,4677
4852,14784
4852,14783
4852,4678
14784,7356
14784,4852
14784,10992
7356,7351
7356,14784
7356,10989
9281,8322
8325,8322
8325,4795
11425,14785
11425,4808
11425,4809
7364,7352
12180,9762
12181,9761
12181,9761
12181,9762
12181,9759
9759,9757
9759,12181
9759,9758
10989,4735
10989,7356
11436,4806
11436,11435
11436,10991
4808,4810
4808,11425
11741,11740
11741,11740
11741,14786
14786,11741
4677,11440
4677,4676
4677,4672
11440,4677
11440,14787
11440,11439
14787,11440
11437,11435
11437,11439
11437,11439
14785,11425
13189,13185
13201,13209
13201,13191
13201,13195
13201,13202
4079,4073
13210,4078
13202,13196
13202,13205
13202,13201
12766,12769
12766,12764
12766,12768
12766,12908
12769,12765
12769,12766
12769,12768
12769,12909
12768,12765
12768,12766
12768,12764
12768,12769
10997,13032
10997,13030
10997,10996
13032,2151
13032,10997
13032,14788
13032,14789
14788,13032
14789,13032
13031,13030
12509,12505
14410,11083
9071,9070
14790,14791
14790,14416
14790,14792
14791,14790
14791,14793
14791,14794
14416,5775
14416,14790
14416,14794
14792,14795
14792,14795
14792,14790
14415,14795
14415,14793
14415,5775
14795,14792
14795,14792
14795,14415
14793,14791
14793,14415
14793,14796
14794,14797
14794,14791
14794,14798
14794,14416
14796,14793
14796,14797
14796,14798
14797,14798
14797,14796
14797,14794
14798,14797
14798,14796
14798,14794
14106,14799
14106,1518
14106,14102
12204,12203
12204,14102
12204,1519
12203,12204
12203,1519
12203,14799
14799,14106
14799,1518
14799,12203
1518,1510
1518,14799
1518,14106
9576,7477
14800,13046
13046,14800
13046,14801
13046,13042
14801,13046
13045,13042
11897,4074
4075,4071
7530,4076
4110,3866
9204,9172
9204,9226
9204,9170
9204,974
978,972
1861,1847
1861,1858
1861,14802
14802,1861
13260,14803
13260,12100
13260,9501
14803,13260
8697,12081
8697,8009
8697,8008
13647,9364
13647,14804
14804,13647
13644,13641
7463,7456
7463,7457
4177,1619
4177,4196
10092,10090
6814,12606
6814,6810
6814,6842
6842,6767
6842,12605
6842,6814
12604,12602
7400,7381
6812,6782
6812,6808
6812,6836
13745,13701
12608,6737
12608,6734
12608,6823
6737,6729
6737,12608
6737,6821
8144,8141
8144,6843
8144,6843
6827,6800
6827,14805
6827,6828
6828,14806
6828,6827
6828,6800
6838,6743
6838,14807
6838,6745
14807,6838
14807,14808
14807,6839
6839,14809
6839,6745
6839,14807
14808,14807
14808,14810
14808,14809
14809,14811
14809,6839
14809,14808
14810,14808
14810,14812
14810,14811
14811,14813
14811,14809
14811,14810
14812,14810
14812,14806
14812,14813
14813,14805
14813,14811
14813,14812
14806,14812
14806,6828
14806,14805
14805,6827
14805,14813
14805,14806
6798,6766
1178,1172
13804,9795
13804,12091
13804,14814
12091,9794
12091,14815
12091,13804
14814,14816
14814,13804
14814,14817
14815,14818
14815,12091
14815,12093
14818,14815
12093,12092
12093,12090
12093,14815
14816,14814
14817,14814
12069,8702
5068,2455
5068,6116
5068,5066
5866,5146
5866,6116
5866,2455
8400,8397
4196,4195
4196,4178
8413,9815
8413,8414
8413,8410
12659,9610
12659,14819
12659,14820
14821,14822
14821,14822
14821,14823
14822,14821
14822,14821
14822,14824
14823,14819
14823,14824
14823,14821
14819,14823
14819,14820
14819,12659
14820,14819
14820,12659
14820,14824
14824,14823
14824,14820
14824,14822
10841,10733
14203,10741
14203,10761
14203,14825
10761,14825
10761,14203
10761,10759
10760,1919
10760,14825
10760,1921
14825,10761
14825,10760
14825,14203
10762,1921
10762,10749
10762,10763
10763,10752
10763,1921
10763,10762
10753,10754
10753,10752
10753,10750
10749,10762
10749,10746
10749,10751
10751,14826
10751,10747
10751,10749
14826,10751
6498,6497
6498,12122
6498,6395
5069,2916
2914,2911
2915,2912
5037,5032
6595,5036
6594,6590
6593,14827
6593,6590
6593,14828
14828,6593
14827,5038
14827,6593
14827,14829
5038,2905
5038,14827
5038,14830
14829,14827
14830,5038
5039,2905
2897,2894
14831,6546
6546,6545
6546,14831
6546,3404
3404,3399
3404,6545
3404,6546
6092,3078
5860,5855
5859,5855
5888,5886
3077,3074
10801,6090
6171,6169
6170,6168
14163,14161
14163,14161
14163,14165
14163,14832
14165,14162
14165,14833
14165,14163
14832,14834
14832,14835
14832,14836
14832,14163
14833,14837
14833,14165
14833,14736
14834,14838
14834,14832
14834,14839
14838,14834
14838,14840
14838,14841
14839,14834
14841,14842
14841,14843
14841,14838
14842,14841
14843,14844
14843,14845
14843,14841
14846,14847
14847,14848
14847,14846
14847,14844
14848,14847
14844,14843
14844,14849
14844,14847
14849,14844
14845,14843
14840,14838
14836,14832
14835,14832
14837,14850
14837,14833
14837,14851
14736,14164
14736,14734
14736,14833
14850,14837
14850,14852
14850,14853
14850,14854
14851,14837
14852,14850
14853,14855
14853,14856
14853,14850
14853,14857
14854,14850
14858,14856
14858,14859
14858,14860
14856,14858
14856,14861
14856,14853
14859,14858
14860,14862
14860,14858
14860,14863
14862,14860
14862,14864
14862,14865
14863,14860
14866,14865
14866,14867
14866,14868
14865,14866
14865,14869
14865,14862
14867,14870
14867,14871
14867,14866
14868,14866
14871,14867
14870,14867
14869,14865
14864,14862
14861,14856
14855,14853
14857,14853
2108,2104
2108,14872
2108,5065
14872,2108
5070,5065
2109,2104
5675,5646
5676,5646
3395,3392
3394,3392
6367,6165
6368,6165
6173,6162
6364,6163
2874,2871
6108,6104
6108,14873
6108,14874
14873,6108
14874,6108
6145,6107
6115,6113
3677,3670
11008,6349
11008,14875
11008,14876
11009,14877
11009,6349
11009,14878
14877,11009
14878,11009
11007,6348
10932,9630
10046,1022
1023,1019
6674,6667
2890,2886
2887,2885
6133,6085
2947,251
2987,2983
2878,2873
2115,2870
2115,2107
2115,14879
2116,2107
14879,2115
2872,2870
3103,3100
3104,3100
5099,5063
2782,2779
6241,3843
14880,2899
14880,14881
14880,14882
2899,2895
2899,14880
2899,14883
14881,14884
14881,14880
14881,14885
14882,14880
14886,2768
2768,2766
2768,14886
2768,2571
2571,14887
2571,2569
2571,2768
14887,2571
2769,2766
2919,2901
2919,2917
2918,2917
2920,10402
2920,10401
2920,14888
10401,2920
10401,2919
10402,3088
10402,14889
10402,8575
14888,2920
14889,10402
3029,3027
2932,249
2943,2941
2900,2895
14883,2899
14884,14881
14885,14881
3761,14890
3761,3760
3761,14891
14890,3761
14891,3761
3773,3699
7137,2944
2942,2940
3156,3153
5629,5671
5629,5626
5629,14892
5630,5626
14892,5629
5631,5627
5632,8465
5632,5627
5632,14893
14893,5632
8466,8465
8467,5666
5667,5665
5579,5576
14876,11008
14875,11008
14875,14894
14875,14895
14894,14875
14894,14896
14894,14897
14895,14875
14896,14898
14896,14894
14896,14899
14897,14894
14898,14896
14898,4059
14898,14900
14899,14896
4059,14898
4059,3928
4059,14901
14900,14898
14901,4059
4060,3928
6344,3992
7388,7382
9399,9401
9399,5987
9399,14902
9403,9401
14902,9399
9400,5987
9375,5941
9385,9374
9386,9374
9383,5937
9382,5937
6010,6009
6037,6011
10580,5669
5670,620
10581,5671
12998,763
11469,10836
442,12819
442,12819
442,437
12819,8665
12819,442
12819,442
1894,12113
1894,1892
1894,14903
1895,1892
14903,1894
12117,12113
5777,5778
5777,5769
5777,5772
12714,14904
12714,5427
12714,14905
14904,12714
14905,12714
5428,5352
7302,7301
5308,5303
5308,14906
5308,5351
5351,2044
5351,14907
5351,5308
14907,14908
14907,5351
14907,14909
5376,14910
5376,5372
5376,5435
14910,5434
14910,5376
14910,14911
5435,5433
5435,5376
5435,14908
14908,14907
14908,14912
14908,5435
5434,5433
5434,14910
5434,14911
5377,14913
5377,5372
5377,14912
5378,12715
5378,5372
5378,14911
14906,5308
14906,14913
14906,14909
14913,14906
14913,5377
14913,14912
14912,14909
14912,14913
14912,14908
14912,5377
14909,14906
14909,14912
14909,14907
11944,9240
14911,14910
14911,5434
14911,5378
12716,12715
12718,5233
5306,2037
2038,2034
7889,1988
7889,7887
7889,1989
11515,1989
12747,12746
12745,12737
5269,5264
14464,14914
14464,12355
14464,14915
14914,14464
14915,14916
14915,14464
14915,14917
14916,14915
14917,14915
12793,12783
12793,12795
12793,12792
12799,12796
12799,14918
12799,12804
12817,12798
2024,2021
2024,12776
2024,14919
14919,2024
10103,8743
8857,5311
8857,8854
8857,14920
13119,13117
14920,8857
10115,14921
10115,10114
10115,10114
14921,14922
14921,14922
14921,10115
14922,14923
14922,14921
14922,14921
14923,14922
5293,5290
5293,14924
5293,14925
14925,5293
5292,10602
5292,14926
5292,5289
14926,5292
5316,14927
5316,5314
5316,14928
14924,5293
14924,14929
14924,14928
14928,14924
14928,14927
14928,5316
14927,5316
14927,14928
14927,10107
14929,14924
10107,5315
10107,14927
10107,10110
10107,10110
40,14930
40,33
40,39
14930,40
9104,7211
9104,7211
9104,461
7204,6392
12124,12123
12124,12123
12124,6362
11882,14931
11882,37
11882,14932
11883,14932
11883,37
11883,14933
14934,14933
14933,14934
14933,14931
14933,11883
14931,11882
14931,14932
14931,14933
14932,11883
14932,14931
14932,11882
12369,5318
11399,5336
10416,8329
11848,11847
9095,14935
9095,8167
9095,9096
14935,9095
8027,6458
3185,3191
3185,3293
3185,3178
11962,589
3602,3600
3602,3600
3602,3596
3294,3293
3294,3295
3294,3191
3298,3300
3298,3296
3298,3201
3582,3575
5301,12805
5301,12788
5301,5296
12800,12796
14918,12799
5231,5226
5231,5374
5231,14936
14936,5231
11943,5374
5232,5226
5251,5248
5456,5250
5313,5281
1998,1993
11884,38
11884,14937
11884,14938
14937,11884
14938,11884
11875,11872
11875,11876
11875,11871
9078,1983
5046,3247
11964,590
3405,14939
3405,3402
3405,3399
14939,11262
14939,3405
14939,14940
3402,3405
3402,3398
3402,14941
3403,3398
11246,519
3340,3339
3340,561
3340,3341
561,3340
561,14942
561,558
14942,561
14942,14942
14942,14942
3377,3257
5045,3413
11262,11259
11262,14939
11262,14943
14943,11262
11265,11260
11265,11265
11265,11265
14460,3440
14460,3408
14460,3441
14461,14463
14461,3440
14461,14944
14945,14463
14463,14945
14463,14461
14463,14459
14944,14946
14944,14461
14944,3408
14946,14944
3408,14460
3408,3266
3408,14944
11263,11259
14940,14939
14941,3402
3409,3441
3409,3406
3409,3266
3441,3438
3441,14460
3441,3409
3439,585
