u,v
71201546,3898771399
71201546,4724605281
71201546,1970912974
3898771399,3643190987
3898771399,71201546
3898771399,9288197100
4724605281,4494705954
4724605281,3524177097
4724605281,71201546
1970912974,71201546
1970912974,71205330
1970912974,9288197113
71205330,1970912974
71205330,3261403441
71205330,2503982290
71205330,9288197104
3261403441,71205330
3261403441,8287525415
3261403441,3608509118
2503982290,71205330
2503982290,3974274523
2503982290,4471947499
9288197104,8873267205
9288197104,71205330
9288197104,9288197107
72945739,277921078
72945739,10541893403
72945739,4121312008
277921078,2508716610
277921078,72945739
277921078,11835681578
10541893403,825160017
10541893403,72945739
10541893403,10541893402
4121312008,828179365
4121312008,10541944217
4121312008,72945739
251555278,2813364664
251555278,11841036226
251555278,5012466367
251555278,13532746054
2813364664,251555278
2813364664,11841036227
2813364664,11841036225
11841036226,5012466364
11841036226,251555278
5012466367,13534104249
5012466367,13611204032
5012466367,251555278
13532746054,13532746051
13532746054,13532746055
13532746054,251555278
251555281,4764722770
251555281,11901200542
251555281,10604361312
251555281,10604361311
4764722770,828179428
4764722770,251555281
4764722770,2508808956
11901200542,251555281
11901200542,5057830416
11901200542,1024814320
10604361312,3383437149
10604361312,10604361311
10604361312,251555281
10604361311,2210411372
10604361311,10604361312
10604361311,251555281
251555709,6489444303
251555709,3320199179
251555709,5031707173
6489444303,5012466364
6489444303,251555709
6489444303,6489444298
3320199179,251555709
3320199179,1025392820
3320199179,9924841908
3320199179,12037851844
5031707173,5031707172
5031707173,9924841908
5031707173,1024814614
5031707173,251555709
251555713,8414332968
251555713,8412885861
251555713,2813364670
251555713,8414332964
8414332968,4701946747
8414332968,251555713
8414332968,8414332964
8412885861,12037851956
8412885861,1025389936
8412885861,251555713
2813364670,251555713
2813364670,5012444175
2813364670,10604359894
8414332964,8414332968
8414332964,251555713
8414332964,5012432646
251556335,9599257935
251556335,4397118116
9599257935,251556335
9599257935,2811745352
9599257935,1510041876
4397118116,9599257936
4397118116,2966749545
4397118116,9599257926
251557144,618628884
618628884,3334220689
251557148,6207354237
251557148,251557149
6207354237,1032159416
6207354237,6207354238
6207354237,4438231200
251557149,251557150
251557149,2656872469
251557150,251557151
2656872469,6207354238
2656872469,251557150
251557151,2966748926
2966748926,2656872483
2966748926,2966748924
251557155,3063780266
3063780266,251557156
251557156,251557144
251557156,2656872500
2656872500,251557144
2656872500,3334224800
251715130,1025829145
251715130,12464978948
251715130,7142008603
1025829145,620162538
1025829145,251715130
1025829145,1025829108
12464978948,251715130
12464978948,8548181453
12464978948,12106459722
7142008603,7142008607
7142008603,10175412177
7142008603,251715130
251839524,10922061201
251839524,4648938564
251839524,6413621475
251839524,10313748782
251839524,13089868534
10922061201,10922061200
10922061201,251839524
10922061201,10922061199
4648938564,4648938563
4648938564,251839524
4648938564,3942844557
6413621475,10110052217
6413621475,251839524
6413621475,11003216116
10313748782,2506590481
10313748782,251839524
10313748782,11752404966
13089868534,10556408045
13089868534,251839524
13089868534,13089868544
252288158,2614905879
252288158,2991097115
252288158,2991097091
252288158,2801772625
2614905879,252288158
2614905879,8242928656
2614905879,8242928655
2614905879,13556348050
2991097115,252288158
2991097115,2614905883
2991097115,10570938785
2991097091,8242928655
2991097091,2614905881
2991097091,252288158
2801772625,252288158
2801772625,6485672708
2801772625,3791493169
2801772625,10537901327
252291615,10573005272
252291615,10573005268
10573005272,10573005264
10573005272,252291615
10573005272,10573005268
10573005268,2836516391
10573005268,252291615
10573005268,10573005272
252408244,1520815754
1520815754,1520815706
1520815754,1025495901
252408245,533996500
533996500,533996502
252408454,5407036699
5407036699,2566839116
252409617,2421216803
252409617,2421216826
252409617,1539069557
2421216803,252409617
2421216803,1539071459
2421216803,2644849322
2421216826,2421216827
2421216826,2504299755
2421216826,2421216840
1539069557,2421216801
1539069557,2644849322
1539069557,252409617
252409784,2421216853
252409784,1105134912
252409784,825159594
252409784,1105135755
2421216853,252409784
2421216853,3902166225
2421216853,1105135024
1105134912,252409784
1105134912,1105134422
825159594,1105134422
825159594,4571908077
825159594,252409787
825159594,252409784
1105135755,252409784
1105135755,1105135024
252409787,1105133828
252409787,2421216778
252409787,825159594
252409787,2421216701
1105133828,252409787
1105133828,831659951
1105133828,4571908014
2421216778,252409787
2421216778,2421216780
2421216778,825159430
2421216701,4571908014
2421216701,1016736324
2421216701,252409787
252409791,2421216477
252409791,2421216488
252409791,2421216444
252409791,1016736324
2421216477,252409791
2421216477,1018857192
2421216477,2421216515
2421216488,252409791
2421216488,1601688610
2421216444,1601688610
2421216444,825160953
2421216444,252409791
1016736324,2421216522
1016736324,2421216519
1016736324,2421216701
1016736324,252409791
252414760,831631723
252414760,277907799
252414760,3641306720
831631723,252414760
831631723,831631644
831631723,11614928435
277907799,1025495892
277907799,252414760
277907799,829209426
3641306720,1025495715
3641306720,1515477269
3641306720,252414760
252529160,1568204111
252529160,1015158242
252529160,12061935784
1568204111,1568204075
1568204111,252529160
1568204111,1568204159
1568204111,1568204089
1015158242,12104980603
1015158242,1015158342
1015158242,252529160
12061935784,252529160
12061935784,12106408690
12061935784,12061935787
253090582,11835681669
253090582,253090583
253090582,4706296489
11835681669,417906251
11835681669,11835681670
11835681669,253090582
253090583,277921167
253090583,4706296483
253090583,253090582
4706296489,4706296490
4706296489,11793918094
4706296489,253090582
277921167,253090583
277921167,4706296488
277921167,10541893402
4706296483,253825914
4706296483,253090583
4706296483,4706296484
253362733,11793918116
253362733,6715220603
253362733,6715220604
11793918116,11793918110
11793918116,11793918110
11793918116,253362733
6715220603,253362733
6715220603,6715220605
6715220603,9393336528
6715220604,6715220605
6715220604,253362733
6715220604,253825914
253819135,622204771
253819135,1188085123
253819135,6952381288
622204771,622204769
622204771,253819135
622204771,253819307
1188085123,1188085234
1188085123,253819135
1188085123,253820648
6952381288,503904641
6952381288,6952381287
253819307,1197009583
253819307,702499426
253819307,622204771
1197009583,1197010339
1197009583,253819307
1197009583,1197002572
702499426,13390644540
702499426,702499523
702499426,13377760343
702499426,253819307
253819316,1032159266
253819316,622204737
253819316,1024987110
1032159266,253819316
1032159266,3088017990
1032159266,1032159573
622204737,1032159983
622204737,1032159573
622204737,253819316
622204737,2508189937
1024987110,1032159990
1024987110,253819316
1024987110,702499497
253819317,1032159535
253819317,2508189933
253819317,2508189937
253819317,622204719
1032159535,2508189935
1032159535,253819317
1032159535,896336405
2508189933,253819317
2508189933,1024988200
2508189937,2508189935
2508189937,253819317
2508189937,622204737
622204719,1027194652
622204719,2508189913
622204719,697791314
622204719,253819317
253819556,896336405
253819556,2508189909
253819556,896336472
896336405,1032159535
896336405,253819556
896336405,896336338
2508189909,253819556
2508189909,896336338
2508189909,896336338
896336472,896336458
896336472,896336589
896336472,253819556
896336472,896336564
253819570,896336714
253819570,10078060242
253819570,10078060511
253819570,5477634020
253819570,1025289025
896336714,896336709
896336714,253819570
896336714,704440073
10078060242,10078060578
10078060511,253819570
10078060511,908207013
10078060511,10078060242
5477634020,9402681818
5477634020,253819570
5477634020,896336663
1025289025,1025288581
1025289025,10078060578
1025289025,1034252489
253819571,1034252059
253819571,10132397973
253819571,1025288452
1034252059,1034252489
1034252059,1025288581
10132397973,10078060296
10132397973,253819571
10132397973,5119700749
1025288452,253819571
1025288452,10132397974
253820648,621144001
253820648,1188085123
253820648,253820851
621144001,1569484187
621144001,253820648
621144001,1569484158
253820851,622204769
253820851,2006216736
622204769,253820851
622204769,1197004215
622204769,622204771
2006216736,1596738206
2006216736,10078060432
253825602,10933913990
253825602,1601689441
253825602,253825831
253825602,253825831
10933913990,253825602
10933913990,2815912141
10933913990,11793918145
1601689441,253825602
1601689441,1601689420
1601689441,2815912141
253825831,253825602
253825831,253825602
253825831,11793918110
11793918110,253825831
11793918110,11793918116
11793918110,11793918116
253825914,4706296483
253825914,1601689472
253825914,6715220604
1601689472,825160403
1601689472,825160017
1601689472,253825914
253827828,3259705338
253827828,1510041623
253827828,5012466340
3259705338,253827828
3259705338,3259705339
3259705338,3259705344
1510041623,2210423400
1510041623,2210423377
1510041623,2210423395
1510041623,253827828
5012466340,5012466346
5012466340,5012466336
5012466340,253827828
253827829,3259705339
253827829,3259705343
253827829,2612546026
253827829,7860226866
3259705339,3259705338
3259705339,253827829
3259705339,3259705344
3259705343,253827829
3259705343,3259705346
3259705343,9629048061
2612546026,253827829
2612546026,5057830724
2612546026,11901200512
7860226866,9924841906
7860226866,253827829
7860226866,7860226864
253941599,1050142147
1050142147,2836516844
1050142147,1029865581
253942089,2836516843
253942089,2614944179
2836516843,253942089
2836516843,2669116176
2836516843,10270062348
2614944179,1029865632
2614944179,2669116176
253943921,2418265866
253943921,10296922330
253943921,10266294951
2418265866,4648939205
2418265866,253943921
2418265866,10554801805
10296922330,10296922334
10296922330,253943921
10296922330,10296922328
10266294951,10266294974
10266294951,253943921
10266294951,8203002742
253944995,10307253323
253944995,632238135
253944995,8196750191
10307253323,253944995
10307253323,1516088456
10307253323,10307253322
632238135,253944995
632238135,10266295011
632238135,3078227101
8196750191,253944995
8196750191,1515948729
8196750191,620149923
258421964,2507522705
258421964,11641406107
258421964,1515477269
2507522705,258421964
2507522705,12202471754
2507522705,11627254643
11641406107,1025495644
11641406107,258421964
11641406107,11641406110
1515477269,258421964
1515477269,1515477223
1515477269,3641306720
258421967,3770153069
258421967,11641409779
258421967,567880186
3770153069,258421967
3770153069,831631268
3770153069,831631397
11641409779,258421967
11641409779,11641409794
11641409779,11641409780
567880186,3616245737
567880186,567880516
567880186,258421967
258421972,2618929634
258421972,4954753770
258421972,9226037679
2618929634,4954753738
2618929634,825160681
4954753770,825160681
4954753770,2507522597
4954753770,831732997
9226037679,3202307356
9226037679,258421972
9226037679,9226037684
258421980,1601688809
258421980,1601688835
1601688809,1601688784
1601688809,1601688811
1601688835,831732786
1601688835,1601688820
1601688835,1601688929
1601688835,9420119325
263716345,12525932276
12525932276,263716345
12525932276,826769337
264348911,7540325369
7540325369,920640394
7540325369,264348911
7540325369,7928563463
264360529,5873115269
264360529,1515854544
264360529,620101901
264360529,538361400
5873115269,264360529
5873115269,1518951650
5873115269,1518951640
5873115269,11802020658
1515854544,620101902
1515854544,264360529
1515854544,1515854554
620101901,2963325404
620101901,264360529
620101901,620101897
538361400,11517472113
538361400,264360529
538361400,11517472106
538361400,620061631
264363621,3774350124
264363621,1520454349
264363621,1516088439
3774350124,264363621
3774350124,4398126517
3774350124,3774350127
1520454349,264363621
1516088439,9775273929
1516088439,264363621
1516088439,9775273944
264365408,7277997732
264365408,13466617837
264365408,2610198037
7277997732,264365408
7277997732,1599555485
7277997732,8733927156
13466617837,7580458801
13466617837,264365408
13466617837,13466617893
2610198037,2610198040
2610198037,8733877194
2610198037,264365408
264376710,1516088419
264376710,7475272860
264376710,12844396298
1516088419,264376710
1516088419,4089172508
1516088419,4089172532
7475272860,264376710
7475272860,2169569369
7475272860,7475272862
12844396298,267130201
12844396298,264376710
12844396298,12844396300
265667843,1049106208
265667843,4581517385
265667843,1921937628
1049106208,1049105080
1049106208,8211384968
1049106208,265667843
4581517385,13532783412
4581517385,265667843
4581517385,13532783415
4581517385,13532783422
1921937628,1921937633
1921937628,13532783412
1921937628,265667843
267129972,1518951551
267129972,621164917
267129972,1518951568
1518951551,267129972
1518951551,2668715494
1518951551,1518951568
621164917,2157187698
621164917,1518951607
621164917,2862052289
621164917,621164920
621164917,2668715502
1518951568,2862052287
1518951568,1516088418
267130201,581130066
267130201,1518951577
267130201,12844396298
581130066,538353629
581130066,1518951584
581130066,267130201
581130066,1518951604
1518951577,267130201
1518951577,5174418022
1518951577,1518951584
268817196,10555177530
268817196,10542068292
10555177530,1516088442
10555177530,10555177520
10542068292,1516088443
10542068292,268817196
274776103,824787724
274776103,825161385
274776103,824787748
824787724,10080202987
824787724,274776103
824787724,824787805
825161385,274776103
825161385,825160959
825161385,4477476867
824787748,274776103
824787748,2504665976
824787748,824787805
274776110,7502769666
274776110,9447366056
274776110,829529047
7502769666,4497244231
7502769666,274776110
7502769666,10052455723
9447366056,274776110
9447366056,9447366057
9447366056,11835734544
829529047,11673408579
829529047,274776110
829529047,1018651527
274778177,3897585917
274778177,10052455720
3897585917,3163902065
3897585917,3897585912
10052455720,823673404
10052455720,274778177
10052455720,10052455722
274782329,4438194782
274782329,727807036
274782329,4438194787
4438194782,13617148667
4438194782,274782329
4438194782,4438247630
727807036,4438194889
727807036,274782329
727807036,4438194784
4438194787,4438194891
4438194787,274782329
4438194787,836253846
277907445,1109425293
277907445,252408245
1109425293,828166980
1109425293,252408245
277907447,533996512
277907447,12178934052
533996512,277907448
533996512,1109426271
12178934052,831631857
12178934052,831631464
12178934052,831631596
277907448,7599599846
7599599846,2503821956
1025495892,1025495926
1025495892,829209485
1025495892,277907799
829209426,11614928444
829209426,6975364749
829209426,277907799
277907803,13061858351
277907803,13061858348
277907803,277907808
13061858351,828167090
13061858351,277907803
13061858351,13061858349
13061858348,277907803
13061858348,1025495773
13061858348,13061858344
277907808,277907803
277907808,1025495908
277907808,828167028
1025495908,1025495773
1025495908,277907808
1025495908,1025495634
828167028,828167090
828167028,277907808
828167028,11614928461
2508716610,277921078
11835681578,10541893402
11835681578,277921078
11835681578,11835681579
4706296488,277921167
4706296488,11835681663
4706296488,4706296487
10541893402,11835681578
10541893402,10541893403
10541893402,277921167
277922111,13617148745
277922111,824787884
277922111,8050792859
13617148745,277922111
13617148745,4438247630
13617148745,13617148746
824787884,824787824
824787884,727807009
824787884,277922111
8050792859,836253846
8050792859,8050792860
8050792859,277922111
277922116,11212240873
277922116,277922117
277922116,4438230885
11212240873,702501341
11212240873,11212240874
11212240873,277922116
277922117,727806527
277922117,277922116
277922117,727806757
4438230885,4438230886
4438230885,277922116
4438230885,702501333
727806527,417916598
727806527,702501345
727806527,277922117
727806757,727806657
727806757,277922117
727806757,727806739
277922245,2792799396
277922245,13617166658
277922245,277922249
2792799396,277922245
2792799396,1601688340
2792799396,4208932890
13617166658,277922245
13617166658,13617166656
13617166658,4208932891
277922249,5054540871
277922249,277922245
277922249,5054530500
5054540871,13592299605
5054540871,13612885086
5054540871,277922249
5054530500,5054530502
5054530500,277922249
5054530500,13617166628
277922574,896336738
277922574,5054530493
277922574,1802772577
896336738,277922574
896336738,5054584942
896336738,728630694
896336738,5054584948
5054530493,277922574
5054530493,5054530490
5054530493,5054530491
1802772577,1802772572
1802772577,277922674
1802772577,277922574
277922674,727806696
277922674,727806696
277922674,1802772577
727806696,727806646
727806696,277922674
727806696,277922674
292934383,1029865582
292934383,1032159448
292934383,1029864441
1029865582,12111397568
1029865582,292934383
1029865582,1029865470
1032159448,1032159472
1032159448,4458911725
1032159448,292934383
1029864441,1032159734
1029864441,1029865855
1029864441,292934383
292934390,1015158425
292934390,1015158348
292934390,1015158402
1015158425,13415448494
1015158425,3242230491
1015158425,292934390
1015158348,1015158201
1015158348,1043111343
1015158348,292934390
1015158402,1015158262
1015158402,292934390
1015158402,1601985026
292934395,12111397730
292934395,1015158093
292934395,8403208959
12111397730,292934395
12111397730,1032159475
12111397730,12111397726
1015158093,8403208967
1015158093,292934395
1015158093,1015158079
8403208959,1015158336
8403208959,292934395
8403208959,8403208967
292934485,12115118462
292934485,1015187899
292934485,12115118483
292934485,4446867349
12115118462,1603964686
12115118462,292934485
12115118462,3957261438
1015187899,292934485
1015187899,12115115916
1015187899,4446867345
12115118483,292934485
12115118483,3957261441
12115118483,12115118489
4446867349,12111434789
4446867349,4446867348
4446867349,292934485
292934832,12111397568
292934832,1015158167
292934832,1043111701
12111397568,292934832
12111397568,1029865582
12111397568,12111397578
1015158167,292934832
1015158167,1032159976
1015158167,1015158314
1043111701,2508716465
1043111701,1015158272
1043111701,292934832
292934835,5076733735
292934835,1015158184
292934835,1015158369
5076733735,1015158051
5076733735,292934835
5076733735,5076733733
1015158184,1015158209
1015158184,292934835
1015158184,2587271826
1015158369,1015158210
1015158369,292934835
1015158369,1015158061
292935852,1025522192
292935852,1596009839
292935852,3201790713
1025522192,3201790727
1025522192,1015188068
1025522192,292935852
1596009839,3201790699
1596009839,1596009838
1596009839,3201790717
1596009839,292935852
3201790713,3201790712
3201790713,292935852
3201790713,3201790719
3201790713,3201790717
316325622,9014131595
316325622,11801884162
316325622,5645355570
9014131595,316325622
9014131595,11801884164
9014131595,9014131593
11801884162,316325622
11801884162,567882209
11801884162,11801884163
5645355570,11702018944
5645355570,417906195
5645355570,316325622
316325623,11801964600
316325623,831732740
316325623,11329832282
11801964600,567882209
11801964600,316325623
11801964600,11801964605
831732740,316325623
831732740,11793919217
831732740,828166988
11329832282,316325623
11329832282,9995878212
11329832282,11329832284
316325626,9995878212
316325626,828166917
316325626,828166952
9995878212,11329832282
9995878212,316325626
9995878212,9995878206
828166917,828167081
828166917,316325626
828166917,828166979
828166952,11793860832
828166952,5645741440
828166952,316325626
316325699,11412841281
316325699,11412766961
316325699,11387421685
11412841281,9625187190
11412841281,316325699
11412841281,11412841282
11412766961,316325699
11412766961,11412841273
11412766961,11412841273
11387421685,9625187194
11387421685,316325699
11387421685,11387421681
316325708,11387421490
316325708,11387380429
316325708,11387380434
11387421490,316325708
11387421490,11387380468
11387421490,11387421493
11387380429,11274348460
11387380429,316325708
11387380429,11387380456
11387380434,316325708
11387380434,9624770786
11387380434,11387380435
339666230,828167047
339666230,2504423232
339666230,1025495669
339666230,11412841280
828167047,339666230
828167047,10933940601
828167047,11412841273
2504423232,339666230
2504423232,1025495827
1025495669,1025495827
1025495669,828166967
1025495669,339666230
1025495669,10933940602
11412841280,339666230
11412841280,417903050
11412841280,10933940601
339666233,9624770781
339666233,9624770798
339666233,11387380441
9624770781,9624770790
9624770781,339666233
9624770781,9624770783
9624770798,339666233
9624770798,9624770780
9624770798,9624770797
11387380441,339666233
339666238,11412841304
339666238,9624770806
339666238,11412766950
11412841304,9624770803
11412841304,339666238
11412841304,11412841305
9624770806,339666238
9624770806,9624770810
9624770806,9624770807
11412766950,11412766953
11412766950,339666238
11412766950,11412766951
339666246,9624770787
339666246,9624770790
339666246,9624770783
9624770787,339666246
9624770787,9624770786
9624770787,9624770790
9624770790,339666246
9624770790,9624770781
9624770790,9624770787
9624770783,339666246
9624770783,9624770781
9624770783,9624770785
417816303,12085970415
417816303,10253268926
417816303,8252011824
12085970415,12085970422
12085970415,417816303
12085970415,12087936139
10253268926,417816303
10253268926,12087936138
10253268926,732923812
8252011824,417903100
8252011824,417816303
8252011824,13415450189
417816306,12083997062
417816306,12083996669
417816306,829529123
12083997062,417816306
12083997062,12083997067
12083997062,12083997065
12083996669,12083996631
12083996669,417816306
12083996669,12083996670
829529123,8252011737
829529123,12087870648
829529123,417816306
417816307,12083997060
417816307,12083997065
417816307,2503822011
12083997060,417816307
12083997060,12083997061
12083997060,829529099
12083997065,417816307
12083997065,12083997062
12083997065,12083997067
2503822011,417816307
2503822011,12033278057
2503822011,12033278044
417816308,12085970320
417816308,12085970298
417816308,6975364753
12085970320,417816308
12085970320,12085970326
12085970320,12085970323
12085970298,12085970274
12085970298,417816308
12085970298,12085970296
6975364753,417816308
6975364753,12085970324
6975364753,12085970296
417883816,2566966446
417883816,417883820
417883816,1016736321
2566966446,2948558238
2566966446,417883816
2566966446,3616245871
417883820,7864614737
417883820,417883816
417883820,13420942476
1016736321,13357813834
1016736321,417883816
1016736321,1016736108
7864614737,7864614755
7864614737,417883822
7864614737,417883820
13420942476,417883820
417883822,7864614737
417883822,1600265147
417883822,3266053546
1600265147,417883822
1600265147,10130690450
1600265147,10175352210
3266053546,2952534963
3266053546,7864614713
3266053546,417883822
417903050,11412841280
417903050,4479813456
4479813456,4479813457
417903090,4294558975
417903090,4294558954
417903090,12033277714
4294558975,417903090
4294558975,11749810282
4294558975,4294558977
4294558954,829529117
4294558954,417903090
4294558954,4294558959
12033277714,417903090
417903100,8252011824
417903100,829529024
417903100,1015158337
829529024,417903100
829529024,829529117
829529024,12114541200
1015158337,12033278020
1015158337,12033278030
1015158337,417903100
417903120,11517373066
417903120,828167044
417903120,2063087145
11517373066,9288468607
11517373066,417903120
11517373066,11517373068
828167044,1520815733
828167044,9288468645
828167044,417903120
2063087145,1018633297
2063087145,3264413812
2063087145,417903120
2063087145,4479803750
417903125,11504343397
417903125,9288468660
417903125,3264413776
11504343397,417903125
11504343397,11504343392
11504343397,11504343400
9288468660,11517411605
9288468660,417903125
9288468660,9288468533
3264413776,11504343401
3264413776,417903125
3264413776,567880342
417903137,9288468522
417903137,9288468588
417903137,1515974557
9288468522,9288468607
9288468522,417903137
9288468522,9288468523
9288468588,9288468591
9288468588,417903137
9288468588,9288468585
1515974557,1515974538
1515974557,1515974624
1515974557,417903137
417906195,5645355570
417906195,5420363431
417906195,9824231297
417906195,9014131598
5420363431,11801884110
5420363431,5420363433
5420363431,417906195
9824231297,831732787
9824231297,9824231292
9824231297,417906195
9014131598,4706296533
9014131598,417906195
9014131598,11702060721
417906233,8236686938
417906233,11756504304
417906233,8236686949
8236686938,8236686937
8236686938,417906233
8236686938,11756504303
11756504304,11690717725
11756504304,11756504303
11756504304,417906233
8236686949,11690717698
8236686949,8236686948
8236686949,417906233
417906251,11835681669
417906251,823673638
417906251,823672810
823673638,828179327
823673638,417906251
823673638,823673467
823672810,417906251
823672810,823673673
823672810,11801964685
417916598,417916599
417916598,727806527
417916598,727806383
417916599,417916598
417916599,4649083913
417916599,4438230876
727806383,727806375
727806383,417916598
727806383,727806473
727806383,727806346
4649083913,702501346
4649083913,417916599
4649083913,4649083910
4438230876,417916599
417916606,703335685
417916606,618628877
703335685,703335698
703335685,417916606
703335685,702501346
618628877,618628878
417916634,4438230835
417916634,417916637
4438230835,417916634
4438230835,698832896
4438230835,4438230843
417916637,417916639
417916639,1025288845
417916639,618628866
1025288845,417916639
1025288845,503904730
1025288845,696933688
618628866,3063780254
618628866,417916654
417916654,703335682
417916654,3063780254
703335682,417916654
703335682,12299190465
703335682,1569484264
3063780254,618628875
443025224,3264413812
443025224,443025229
443025224,3264413836
3264413812,2063087145
3264413812,443025224
3264413812,3264413836
443025229,443025224
443025229,9288424600
443025229,10964928046
3264413836,10964928051
3264413836,443025224
3264413836,3264413812
9288424600,443025229
9288424600,3264413808
9288424600,9288424598
9288424600,3264413795
10964928046,10964928051
10964928046,10964928047
10964928046,443025229
484777324,10740792987
484777324,10740792989
484777324,825160940
484777324,831733029
10740792987,484777324
10740792987,12202471728
10740792987,12202471746
10740792989,484777324
10740792989,12178960148
10740792989,12202471747
825160940,825159477
825160940,4769559348
825160940,484777324
831733029,2507522545
831733029,831732760
831733029,484777324
503904641,3063780243
503904641,2508189961
503904641,3063780246
3063780243,6952381287
3063780243,503904641
2508189961,621144011
2508189961,2508189965
2508189961,503904641
3063780246,10240272772
3063780246,2508189965
503904730,7142008635
503904730,1025288845
503904730,7142008637
7142008635,503904730
7142008635,7142008636
7142008635,503918463
7142008637,7142008638
7142008637,503904730
7142008637,698832826
503918463,698832826
503918463,7142008635
503918463,13152954230
698832826,503918463
698832826,7142008637
698832826,698832805
13152954230,704440121
13152954230,503918463
13152954230,13152954235
533996502,1109424803
533996502,533996506
1109424803,11614928435
1109424803,533996506
533996506,277907447
1109426271,831631464
1109426271,277907448
538081008,538353629
538081008,1977173171
538081008,1518951612
538353629,538081008
538353629,581130066
538353629,538354240
1977173171,567877603
1977173171,538081008
1977173171,2566896932
1518951612,8492242125
1518951612,1518951604
1518951612,538081008
538081030,2148896488
538081030,1370110976
2148896488,10086801944
2148896488,538081030
2148896488,10086801942
1370110976,538081030
1370110976,11208933541
538081039,12299248433
538081039,10086801942
538081039,9236375993
538081039,10086801953
12299248433,2460622008
12299248433,538081039
12299248433,12299248444
10086801942,10086801944
10086801942,538081039
10086801942,2148896488
10086801942,9236375988
9236375993,2460622008
9236375993,2460622059
9236375993,538081039
10086801953,12299248444
10086801953,10086801944
10086801953,538081039
538081045,5979606846
538081045,2169488070
538081045,12794844931
5979606846,5979606847
5979606846,538081045
5979606846,12794803676
2169488070,538081045
2169488070,5979606850
2169488070,538354663
12794844931,538081045
12794844931,5979606841
12794844931,12794844932
538081237,11939598483
538081237,11939598481
538081237,5174417720
11939598483,2169569369
11939598483,538081237
11939598483,11939594264
11939598481,538081237
11939598481,2157187698
11939598481,11939598480
5174417720,538081577
5174417720,5174418021
5174417720,538081237
538081559,620173084
538081559,621164920
538081559,1516088422
620173084,538081559
620173084,620173078
620173084,11725604881
620173084,1518951607
621164920,538081559
621164920,538081577
621164920,621164917
1516088422,11725460159
1516088422,538081559
1516088422,9167377195
538081577,5174417720
538081577,1402567842
538081577,621164920
1402567842,538081577
1402567842,538358540
1402567842,6485699708
538083056,9281238515
538083056,8211384942
538083056,9668299116
538083056,8335669877
9281238515,538083056
9281238515,2204418540
9281238515,11036255803
8211384942,538083056
8211384942,8211384938
8211384942,8211384939
9668299116,9668304117
9668299116,11881586833
9668299116,538083056
9668299116,9609258281
8335669877,8211384955
8335669877,8335669873
8335669877,538083056
538083255,4518987226
538083255,1021993561
4518987226,538083255
4518987226,10719110132
4518987226,6949054756
1021993561,2619170741
1021993561,3185110561
538083263,13375916720
538083263,2792852530
538083263,1015117572
13375916720,13375916717
13375916720,538083263
13375916720,13375916718
2792852530,1015117482
2792852530,538083263
2792852530,7388819687
1015117572,1015117504
1015117572,538083263
1015117572,1015117515
538083267,1015117482
538083267,1569484259
538083267,1015117545
1015117482,1015117541
1015117482,538083267
1015117482,2792852530
1569484259,538083267
1569484259,1569484453
1569484259,7388819698
1569484259,13526674243
1015117545,1015117504
1015117545,538083267
1015117545,1015117474
538083424,13526674245
538083424,5843651802
538083424,10719101904
538083424,10719101885
13526674245,538083424
13526674245,1015117486
13526674245,10719101887
5843651802,13526674228
5843651802,538083424
5843651802,11994502588
10719101904,5843651808
10719101904,538083424
10719101904,10719101902
10719101885,4398138358
10719101885,538083424
10719101885,10719101887
538084004,6166199543
538084004,2644859935
6166199543,3259831179
6166199543,538084004
6166199543,10175412154
2644859935,2612546031
538352822,1516088421
538352822,538352823
538352822,1977173153
538352822,2566896938
1516088421,538352822
1516088421,7475272884
1516088421,11752428808
538352823,538352822
538352823,5979606836
538352823,1030171689
1977173153,538354245
1977173153,538352822
1977173153,567877603
2566896938,538352822
2566896938,5979606837
2566896938,8492242129
2566896938,12844362591
5979606836,538352823
5979606836,1977193227
5979606836,5979606837
1030171689,538352823
1030171689,3184940587
1030171689,3184940586
538352830,1030171674
538352830,5264718501
538352830,1030174048
538352830,13520233844
1030171674,538352830
1030171674,10592619121
1030171674,2915139821
5264718501,538352830
5264718501,5264718504
5264718501,5264718502
1030174048,11383894272
1030174048,11383894275
1030174048,538352830
13520233844,13520233842
13520233844,2566896953
13520233844,538352830
538352892,11383894272
538352892,11383894291
538352892,3184940586
11383894272,1030174048
11383894272,538352892
11383894272,11383894273
11383894291,538352892
11383894291,2915138100
11383894291,11383894271
3184940586,1030174054
3184940586,538352892
3184940586,1030171689
538354240,567877603
538354240,538354245
538354240,538353629
567877603,538354240
567877603,1977173153
567877603,1977173171
538354245,1977173153
538354245,7475272884
538354245,538354240
538354245,7475272863
7475272884,538354245
7475272884,1516088421
7475272884,7475272883
7475272863,4089172532
7475272863,7475272864
7475272863,538354245
538354663,12794840197
538354663,538354667
538354663,2169488070
12794840197,538354663
12794840197,8492242125
12794840197,12794849601
538354667,4526019096
538354667,538354664
538354667,538354663
538354664,538354667
538354664,4526019089
538354664,4525933089
4526019089,538354664
4526019089,12846604850
4526019089,4526019093
4525933089,538354664
4526019096,538354667
4526019096,4526019097
4526019096,4526019093
538354677,4526018372
4526018372,538354677
4526018372,4526019097
4526018372,2499506246
538355703,538359121
538355703,6489445098
538355703,621164949
538359121,1516088429
538359121,538355703
538359121,538358267
6489445098,538355706
6489445098,538355703
6489445098,6489445096
621164949,8872312252
621164949,8260408109
621164949,2614905760
621164949,538355703
538355706,6489445098
538355706,10246462265
538355706,9742051852
10246462265,10246462262
10246462265,10246462262
10246462265,538355706
9742051852,538368750
9742051852,538355706
9742051852,9742051850
538355931,1775817727
538355931,3902225668
538355931,10573392256
538355931,4398126517
1775817727,538355931
1775817727,1775817724
1775817727,4602431797
3902225668,538355931
3902225668,9742051931
3902225668,9627306572
10573392256,9903672878
10573392256,538355931
10573392256,10573392257
4398126517,3774350124
4398126517,10573392257
4398126517,538355931
538355939,8240863573
538355939,538356096
538355939,538357409
8240863573,538355939
8240863573,1516088427
8240863573,8240863570
538356096,538356013
538356096,538355939
538356096,4258690111
538357409,9742051840
538357409,1516088429
538357409,538355939
538356013,538356096
4258690111,4715468007
4258690111,4777669032
4258690111,538356096
538356331,8260256259
538356331,3232770077
538356331,2915139827
8260256259,538356331
8260256259,8260256260
8260256259,2915139818
3232770077,538356331
3232770077,7340715723
3232770077,12704201440
2915139827,11383892412
2915139827,10233760171
2915139827,538356331
9742051840,538357409
9742051840,10246462262
9742051840,9742051839
1516088429,8240863565
1516088429,538359121
1516088429,538357409
538358266,538358267
538358266,1516088424
538358266,1516088424
538358267,1028952074
538358267,538358266
538358267,538358540
538358267,538359121
1516088424,1021993056
1516088424,538358266
1516088424,538358266
1516088424,8260408109
1028952074,538358267
1028952074,1516088426
538358540,11756461755
538358540,1402567842
538358540,538358267
11756461755,5366179375
11756461755,11756461756
11756461755,538358540
538360422,10705551860
538360422,10922098863
10705551860,538360422
10705551860,10707039429
10705551860,10705551859
10922098863,10309843377
10922098863,538360422
10922098863,10309843390
538360428,2506590480
538360428,6456658000
538360428,13120701221
2506590480,10705551843
2506590480,1515854793
2506590480,538360428
6456658000,6456658001
6456658000,1519108950
6456658000,538360428
13120701221,10705551899
13120701221,13120701225
538360698,2043057390
538360698,11517472026
538360698,8512967502
538360698,8512981055
2043057390,538360699
2043057390,538360698
2043057390,11517472104
11517472026,538360698
11517472026,11517472028
11517472026,11517472027
8512967502,11517365540
8512967502,11517472027
8512967502,538360698
8512981055,11517472066
8512981055,538360698
8512981055,8512981052
538360699,2043057390
538360699,620041759
538360699,538360700
620041759,620101886
620041759,620041755
620041759,538360699
538360700,620041755
538360700,1086656277
538360700,538360699
620041755,538360700
620041755,11530358382
620041755,620041759
620041755,11530358385
1086656277,538360700
1086656277,620105068
1086656277,1021993489
538360862,11530343234
538360862,4535791513
538360862,11530343232
538360862,11517472037
11530343234,8512981077
11530343234,538360862
11530343234,11530343235
4535791513,538360862
4535791513,4535791514
4535791513,538361020
11530343232,8512967498
11530343232,11530343233
11530343232,538360862
11517472037,10288711858
11517472037,11517472038
11517472037,538360862
538361020,4535791513
538361020,2620409325
538361020,621117468
538361020,538361022
538361020,2963326844
2620409325,538361020
2620409325,621117470
2620409325,2564790383
621117468,621117467
621117468,11530343206
621117468,2481200526
621117468,538361020
538361022,1518956009
538361022,2564790383
538361022,538361020
2963326844,620162566
2963326844,538361020
2963326844,2481200526
1518956009,538361022
1518956009,8512967498
1518956009,1518956012
2564790383,538361022
2564790383,2620409325
2564790383,620162589
2564790383,1518956014
538361075,11724585862
538361075,2043057379
538361075,11724585868
11724585862,538361075
11724585862,8512981074
11724585862,11735178530
2043057379,11724585866
2043057379,538361075
2043057379,11735178530
11724585868,11530343240
11724585868,538361075
11724585868,11735178547
11517472113,1518951636
11517472113,538361400
11517472113,11517472116
11517472106,538361402
11517472106,538361400
11517472106,11517472108
620061631,620068461
620061631,620061433
620061631,538361400
620061631,620101875
538361402,11517472106
538361402,10288711866
538361402,11725510378
538361402,10288711863
10288711866,11517472087
10288711866,11517472080
10288711866,538361402
11725510378,538361402
11725510378,620101886
11725510378,8512981051
10288711863,11517472076
10288711863,11517472060
10288711863,538361402
538368750,9742051852
538368750,1516088431
538368750,9903672878
1516088431,621164950
1516088431,9775266611
1516088431,1516088437
9903672878,10573392256
9903672878,9903672877
9903672878,538368750
538373594,1015188036
538373594,12061919558
538373594,1015117543
1015188036,538373594
1015188036,12039842002
1015188036,12037848111
12061919558,12061919564
12061919558,12061919564
12061919558,538373594
1015117543,5843651831
1015117543,5054573416
1015117543,538373594
538373598,12037848136
538373598,10875599015
538373598,12037848142
538373598,4724580407
12037848136,11994505910
12037848136,538373598
12037848136,12037848135
10875599015,12037848111
10875599015,538373598
10875599015,10875599009
12037848142,538373598
12037848142,12039841976
12037848142,12037848140
4724580407,538373598
4724580407,4724587886
4724580407,5006534520
538374023,13556348103
538374023,2619170746
538374023,10711230641
538374023,4156187733
13556348103,10719110124
13556348103,10711230641
13556348103,538374023
2619170746,3188487767
2619170746,538374023
2619170746,4156187733
10711230641,2619170747
10711230641,13556348103
10711230641,10719110127
4156187733,538374023
4156187733,1015117470
538374419,1601689459
538374419,11702060721
538374419,4706296531
1601689459,538374419
1601689459,1601689449
11702060721,538374419
11702060721,9014131598
11702060721,4764722753
4706296531,4764722750
4706296531,11756480767
4706296531,538374419
538374955,831732951
538374955,2465833276
538374955,538374958
831732951,538374955
831732951,831732788
831732951,538374956
2465833276,831732788
2465833276,2465833275
2465833276,538374955
538374958,831733049
538374958,538374955
538374958,10080203000
538374956,538374957
538374956,831732951
538374956,1515479991
538374957,831733049
538374957,538374956
538374957,1515479991
1515479991,538374960
1515479991,538374957
1515479991,538374956
831733049,538374958
831733049,831732951
831733049,538374957
10080203000,538374958
10080203000,10080202998
10080203000,10080203001
538374960,4706296607
538374960,4706296611
538374960,1515479991
4706296607,4764722743
4706296607,538374960
4706296607,4706296608
4706296611,538374960
4706296611,11756504300
4706296611,4706296612
538374991,4706296589
538374991,3960180231
538374991,4706296583
4706296589,9014131555
4706296589,538374991
4706296589,4706296576
3960180231,5420363422
3960180231,538374991
3960180231,11825848230
4706296583,4706296576
4706296583,538374991
4706296583,4706296578
538374992,11750239396
538374992,9014131555
538374992,11750239393
538374992,11702036849
11750239396,4706296594
11750239396,538374992
11750239396,11750239397
9014131555,538374992
9014131555,4706296589
9014131555,9014131554
11750239393,4706296601
11750239393,538374992
11750239393,11750239395
11702036849,4706296590
11702036849,11702036850
11702036849,538374992
538374994,4706296616
538374994,4706296620
538374994,9288295791
4706296616,9288295789
4706296616,538374994
4706296616,4706296617
4706296620,538374994
4706296620,4706296632
4706296620,4706296622
4706296620,10080203001
9288295791,9288295798
9288295791,538374994
9288295791,9288295789
538375486,567880296
538375486,9288468459
538375486,4764783176
538375486,9288468453
567880296,538375486
567880296,567880342
567880296,567880341
9288468459,9288468488
9288468459,538375486
9288468459,9288468458
4764783176,538375486
4764783176,9288468496
4764783176,4764783175
9288468453,538375486
9288468453,9288468457
9288468453,9288468457
544655422,8830407690
544655422,1510580576
544655422,3974531217
544655422,7519520208
8830407690,2984635033
8830407690,544655422
8830407690,7525130424
1510580576,646842711
1510580576,544655422
1510580576,7525130429
3974531217,1510613171
3974531217,646842706
3974531217,1510580576
3974531217,4171987659
3974531217,544655422
7519520208,9953414852
7519520208,646842706
7519520208,544655422
566611952,566611955
566611952,2218578975
566611955,566611952
566611955,566611969
2218578975,9998266324
2218578975,566611952
2218578975,10175412177
566611969,566611975
566611969,11796206283
566611975,566611981
566611975,3542095848
11796206283,1849045281
11796206283,566611969
566611981,566611952
566611981,566611991
566611981,9998266335
3542095848,8946026354
3542095848,566611991
3542095848,566611975
566611991,566611981
566611991,3542095848
9998266335,2218574095
9998266335,11180933218
9998266335,566611981
3616245737,567880186
3616245737,1515477227
3616245737,11627254638
567880516,567880341
567880516,10614016450
567880516,567880186
567880342,567880296
567880342,3264413776
567880342,3618322063
567880341,567880296
567880341,567880516
567880341,3618341810
3618341810,8553919686
3618341810,567880341
3618341810,10614016450
3618322063,567880342
3618322063,1515477227
3618322063,3618322073
10614016450,567880516
10614016450,3618341810
10614016450,10614016484
567881528,9914351888
567881528,8414332969
567881528,2508808922
567881528,12037851988
9914351888,567881594
9914351888,567881528
9914351888,9914351883
8414332969,567881528
2508808922,1025391799
2508808922,2508808923
2508808922,567881528
12037851988,567881528
12037851988,12037851986
12037851988,12037851990
567881530,9914351894
567881530,9914351891
567881530,9914351889
567881530,2508808925
9914351894,2210411375
9914351894,567881530
9914351894,9914351892
9914351891,567881530
9914351891,567881594
9914351891,9914351889
9914351889,567881588
9914351889,567881530
9914351889,9914351891
2508808925,1025390664
2508808925,2508808926
2508808925,567881530
567881531,9914351895
567881531,5057830417
567881531,9914351897
567881531,2508808927
9914351895,567881801
9914351895,567881531
9914351895,9914351897
5057830417,567881807
5057830417,567881531
5057830417,9914351898
9914351897,2210411375
9914351897,567881531
9914351897,9914351895
2508808927,1025393357
2508808927,2508808924
2508808927,567881531
567881588,567881596
567881588,2210411377
567881588,9914351889
567881588,1016694147
567881596,567881589
567881596,567881588
567881596,9914351880
2210411377,567881588
2210411377,567881801
2210411377,9914351892
1016694147,5029494050
1016694147,5029494047
1016694147,5029494041
1016694147,567881588
567881589,12037845102
567881589,567881596
567881589,12037851985
567881589,11880588446
12037845102,11880588427
12037845102,567881589
12037845102,12037845099
12037851985,12037851986
12037851985,567881589
12037851985,12037851975
11880588446,12037845099
11880588446,567881589
11880588446,1016693691
567881594,9914351891
567881594,9914351888
567881594,9914351879
567881594,2508808923
9914351879,9914351880
9914351879,567881594
9914351879,9914351883
2508808923,567881594
2508808923,2508808922
2508808923,1025390664
9914351880,567881596
9914351880,9914351879
9914351880,9914351883
567881801,2210411377
567881801,9914351895
567881801,567881811
567881801,1016693460
567881811,2508808942
567881811,9914351898
567881811,567881801
1016693460,5029494054
1016693460,5029494050
1016693460,5029494015
1016693460,567881801
567881807,9914351898
567881807,2508808924
567881807,5057830732
567881807,5057830417
9914351898,567881811
9914351898,567881807
9914351898,5057830417
2508808924,567881807
2508808924,1025393081
2508808924,2508808927
5057830732,567881837
5057830732,567881807
5057830732,9914351899
2508808942,567881811
2508808942,567881841
2508808942,2508808956
567881837,9914351899
567881837,2508808921
567881837,567881924
567881837,5057830732
567881837,5057830731
9914351899,567881841
9914351899,567881837
9914351899,5057830732
2508808921,567881837
2508808921,1025393081
2508808921,1025390895
567881924,9924841911
567881924,1025390895
567881924,567881837
5057830731,567881837
567881841,2508808942
567881841,9914351899
567881841,1016694516
1016694516,567881841
1016694516,1052400985
1016694516,2508808938
9924841911,567881924
9924841911,1052400985
9924841911,9924841908
1025390895,567881924
1025390895,2508808921
1025390895,1025392820
567882154,5012432646
567882154,5012432638
567882154,5012432641
5012432646,5012432633
5012432646,567882154
5012432646,8414332964
5012432638,1016694576
5012432638,567882154
5012432638,1016695126
5012432641,5012432633
5012432641,567882154
5012432641,5012432639
567882209,5420363437
567882209,11801964600
567882209,11801884162
5420363437,567882209
5420363437,5420363436
5420363437,5420363434
567882956,2508245874
567882956,1015158342
567882956,2508246015
567882956,1015158211
2508245874,12105743087
2508245874,567882956
2508245874,2508245914
1015158342,1015158203
1015158342,567882956
1015158342,1015158242
1015158342,1015158292
2508246015,4697746306
2508246015,2508246033
2508246015,567882956
1015158211,1040660803
1015158211,567882956
1015158211,567883486
567882957,1015117509
567882957,7394161906
567882957,1015117549
1015117509,567882957
1015117509,12061935792
1015117509,12061935798
7394161906,567882957
7394161906,1040660214
7394161906,7394161901
1015117549,12061919565
1015117549,1015117525
1015117549,2508245897
1015117549,567882957
567883486,3242230499
567883486,12061935792
567883486,1015158211
3242230499,567883486
3242230499,1029865163
3242230499,7391711198
12061935792,1015117509
12061935792,567883486
12061935792,12061935797
1518951584,581130066
1518951584,12794844927
1518951584,1518951577
1518951604,581130066
1518951604,1518951612
1518951604,1518951599
581147619,1021993225
581147619,8872312233
581147619,8872312256
1021993225,1518951727
1021993225,581147619
1021993225,4904776397
8872312233,8872312234
8872312233,581147638
8872312233,581147619
8872312256,8260408113
8872312256,581147619
8872312256,8872312252
581147638,11725484244
581147638,8872312233
11725484244,1518951733
11725484244,11725484248
618601916,618601918
618601916,2949951709
618601916,10868028627
618601918,12497668390
618601918,618601916
618601918,5426236679
2949951709,618601916
2949951709,3533935464
2949951709,2949951708
10868028627,10868028628
10868028627,5426236680
10868028627,618601916
10868028627,10868028635
12497668390,618601918
12497668390,618601919
12497668390,12497668391
5426236679,12497668377
5426236679,618601918
5426236679,10868028630
5426236679,10868028667
618601919,11373115777
618601919,5398123999
618601919,12497668390
11373115777,618601919
11373115777,5398124002
11373115777,5398124002
5398123999,618601919
5398123999,5398123992
5398123999,9931881873
618604147,1634583333
618604147,1377226891
618604147,1377226855
1634583333,1377226895
1634583333,618604147
1634583333,3533935516
1377226891,2504333916
1377226891,1377226889
1377226891,825160624
1377226891,618604147
1377226855,1377226856
1377226855,618604147
1377226855,2421090272
618628875,7142008639
618628875,618628877
7142008639,417916606
7142008639,7142008640
618628878,417916637
618628878,417916634
3334220689,2656872502
3334220689,2656872487
620041754,2836516384
620041754,1520622593
620041754,620044353
620041754,11725510584
2836516384,620041754
2836516384,8491423721
2836516384,8491423722
1520622593,11530358352
1520622593,1520622588
1520622593,620041754
620044353,7142008595
620044353,620041754
620044353,620044644
11725510584,2506590450
11725510584,620041754
11725510584,11725510581
11530358382,1514159544
11530358382,620041755
11530358382,11530358376
11530358385,1021992995
11530358385,620041755
11530358385,11530358383
620101886,1025829084
620101886,620041759
620101886,11725510378
620044254,12987642181
620044254,620101862
620044254,620044301
12987642181,620068465
12987642181,620044254
12987642181,12987642183
620101862,620101863
620101862,10238231881
620101862,620044254
620044301,620044646
620044301,1520685982
620044301,620044254
620044301,1849099851
620044646,620044301
620044646,7142008597
620044646,620044645
1520685982,9998266309
1520685982,620044301
1520685982,826769891
1849099851,1849099980
1849099851,620044301
1849099851,620162538
7142008595,7142008597
7142008595,620044353
7142008595,7142008596
620044644,620044645
620044644,620044353
620044644,620061433
620044645,620044646
620044645,620044644
620044645,620101875
620061433,620061631
620061433,620044644
620061433,2043057364
620061433,1518951636
620101875,12987625367
620101875,620044645
620101875,620061631
620101875,2043057364
7142008597,620044646
7142008597,7142008595
7142008597,7142008598
2043057364,2043057366
2043057364,620101875
2043057364,620061433
1518951636,11517472113
1518951636,8491423722
1518951636,620061433
1518951636,1514159544
620068461,620061631
620068461,620062253
620068461,620101878
620068461,620101879
620062153,1518951640
620062153,1518951650
620062153,1518951654
1518951640,620062153
1518951640,1519192323
1518951640,1519197650
1518951640,5873115269
1518951650,5873115269
1518951650,11530343240
1518951650,620062153
1518951650,1518951654
1518951654,2963325413
1518951654,620062153
1518951654,1518951650
620062253,1515948410
620062253,1519192323
620062253,620068461
1515948410,620062253
1515948410,1515948401
1515948410,620062255
1519192323,620062253
1519192323,1518951640
1519192323,620101897
620062255,2953159757
620062255,620101877
620062255,1515948410
2953159757,620101892
2953159757,620062255
2953159757,2953159755
620101877,620068462
620101877,620062255
620101877,620101890
620101878,620068462
620101878,620101876
620101878,620068461
620101879,11802020661
620101879,620068461
620101879,1028952092
620068462,620101878
620068462,620068464
620068462,620101877
620068464,620068462
620068464,12987625370
620068464,620101869
12987625370,620068465
12987625370,620068464
12987625370,12987625367
620101869,4044333818
620101869,620101868
620101869,620068464
620068465,12987642181
620068465,12987625370
620068465,12987625367
620068465,620162550
12987625367,620068465
12987625367,12987642181
12987625367,620101875
620162550,620068465
620162550,620162554
620068469,620101868
620101868,620101870
620101868,620068469
620101868,620101869
620101863,620101862
620101863,620101864
620101863,10238231879
10238231881,620101867
10238231881,12987642183
10238231881,620101862
620101864,620101863
10238231879,620101863
620101865,620101866
620101865,826769891
620101865,620101867
620101866,620162540
620101866,620101867
620101866,620101865
826769891,620101865
826769891,826769652
826769891,1520685982
826769891,9998266309
620101867,620101866
620101867,10238231881
620101867,620101865
620101867,826769302
620162540,620101866
826769302,12987642185
826769302,13173228886
826769302,826769883
826769302,620101867
620101870,620101868
4044333818,620101869
620101874,2567121274
620101874,10128610180
620101874,12794869918
620101874,2043057380
2567121274,620101874
2567121274,1768907555
2567121274,2164083348
10128610180,10128610159
10128610180,10123663550
10128610180,620101874
12794869918,620101874
12794869918,4044336299
12794869918,1021993686
2043057380,1520622605
2043057380,11530358352
2043057380,620101874
620101876,620101878
620101890,620101877
620101890,11725484227
620101890,620101892
11802020661,620101879
11802020661,2963325404
11802020661,11802020666
1028952092,620101879
1028952092,620101897
1028952092,2963325404
1025829084,1514159535
1025829084,620101886
1025829084,1514159544
11725484227,620101890
620101892,2953159757
620101892,5326005229
620101892,620101890
620101891,3110815206
620101891,11801993166
620101891,1516119387
3110815206,620101891
3110815206,11725484228
3110815206,2953159028
11801993166,11753100221
11801993166,620101891
11801993166,11801993164
1516119387,12509620869
1516119387,620101891
1516119387,620162551
5326005229,11725484228
5326005229,620101892
5326005229,5326005231
620101897,1028952092
620101897,620101901
620101897,1519192323
2963325404,11802020661
2963325404,620101901
2963325404,1028952092
620101902,11517472077
620101902,1515854544
620101902,11802020658
620101902,11517472087
11517472077,11530343251
11517472077,620101902
11517472077,11517472092
11802020658,5873115269
11802020658,620101902
11802020658,11735178551
11517472087,10288711866
11517472087,11517472086
11517472087,620101902
620105062,620105064
620105062,620162572
620105062,2481192537
620105064,620105071
620105064,620105063
620105064,620105062
620162572,11530343243
620162572,11530343236
620162572,620105062
2481192537,5873115264
2481192537,620105062
2481192537,620105065
620105063,620105064
620105063,2481200514
620105063,11530343206
2481200514,621117473
2481200514,620105063
2481200514,11828723472
11530343206,621117456
11530343206,621117468
11530343206,620105063
620105071,11735181804
620105071,620105075
620105071,620105064
620105065,1021993690
620105065,11735181804
620105065,2481192537
1021993690,620105065
1021993690,1021993161
1021993690,11752411022
11735181804,620105071
11735181804,620105065
11735181804,11735181808
620105067,11752411022
620105067,1518951720
11752411022,1021993690
11752411022,620105067
11752411022,11752411025
1518951720,11752404942
1518951720,5681305141
620105068,1086656277
620105068,620126834
620105068,2164083343
620126834,4044336299
620126834,620105068
620126834,8512967493
2164083343,620105068
2164083343,11752404966
2164083343,2164083354
620105075,11530365487
620105075,620105071
620105075,8512980774
620105073,8512980774
620105073,11735181798
620105073,1518956014
8512980774,620105075
8512980774,620105073
8512980774,8512980770
11735181798,621117476
11735181798,11735181799
11735181798,620105073
1518956014,620105079
1518956014,620105073
1518956014,2564790383
11530365487,620105075
11530365487,11530365493
11530365487,620105077
620105077,10722143218
620105077,5477669914
620105077,11530365487
10722143218,8512980776
10722143218,620105077
10722143218,10722143217
5477669914,620105077
5477669914,5477669913
5477669914,11530365475
620105079,1518956014
620105079,8462532112
620105079,10722143239
8462532112,620105079
8462532112,8512980776
8462532112,5477669911
10722143239,5477669908
10722143239,620105079
10722143239,8462532108
4044336299,2164083352
4044336299,12794869918
4044336299,620126834
8512967493,1515854643
8512967493,8512967492
8512967493,620126834
620126840,2506590481
2506590481,620126843
2506590481,10313748782
2506590481,620126840
620126843,2506590481
620126843,11752404966
620126843,10313748765
11752404966,620126843
11752404966,2164083343
11752404966,10313748782
10313748765,10313748764
10313748765,620126843
10313748765,10313766219
620126844,4648938570
620126844,1519008206
620126844,4648938571
620126844,4648938565
4648938570,620126846
4648938570,620126844
4648938570,10313748767
1519008206,6456655578
1519008206,620126844
1519008206,1025873024
4648938571,10922061199
4648938571,620126844
4648938571,4648938573
4648938565,620126844
620126846,4648938570
620126846,10313766219
620126846,620126851
10313766219,620126846
10313766219,10313766218
10313766219,10313748765
620126851,1515854819
620126851,620126846
620126851,10313766337
1515854819,620126851
1515854819,1519008215
1515854819,10922061204
10313766337,10313766339
10313766337,620126851
10313766337,10313766334
620126856,10313766339
620126856,10313766269
620126856,1520627937
10313766339,10313766337
10313766339,620126856
10313766339,10313766338
10313766269,620126856
10313766269,10313766342
10313766269,10313766265
1520627937,620126856
1520627937,1519108949
620126861,13612793002
620126861,6567688451
620126861,10573166539
13612793002,620126861
13612793002,1849109648
13612793002,13612793009
6567688451,6567688453
6567688451,6567688479
6567688451,620126861
10573166539,6413621470
10573166539,1849109648
10573166539,620126861
620126862,7142008619
620126862,4648939189
620126862,13090489898
620126862,7142008634
7142008619,4648938575
7142008619,620126862
7142008619,7142008620
4648939189,620126862
4648939189,10922098810
4648939189,10922061204
13090489898,10922098845
13090489898,620126862
13090489898,13090489901
7142008634,620126862
620126870,4648938562
620126870,10313766383
4648938562,4648938559
4648938562,4648938560
10313766383,10313766342
10313766383,620126870
10313766383,10313766382
620149898,620149900
620149898,6567688479
620149898,3936436271
620149898,13612793009
620149900,620149898
620149900,836253247
620149900,3936436272
6567688479,620149898
6567688479,6567688451
6567688479,6567688477
3936436271,6567688448
3936436271,620149898
3936436271,3936436272
13612793009,620149898
13612793009,13612793002
13612793009,13612793015
836253247,10573166594
836253247,3936436274
836253247,620149900
836253247,4753281507
3936436272,10573166603
3936436272,620149900
3936436272,3936436271
620149903,620126870
620149903,10309843248
10309843248,620149903
10309843248,10309843231
10309843248,10309843244
620149910,3302702105
620149910,10296922384
620149910,1516088451
3302702105,10296922334
3302702105,620149910
3302702105,5940408334
10296922384,10296922383
10296922384,620149910
10296922384,8203002742
1516088451,1516088449
1516088451,1516088447
1516088451,620149910
620149922,10247522720
620149922,5246056863
620149922,10131359674
10247522720,620149922
10247522720,8098099371
10247522720,10247522718
5246056863,9775273991
5246056863,620149922
5246056863,9775273964
10131359674,8098099377
10131359674,10131359671
620149923,8196750020
620149923,4743621691
620149923,8196750191
8196750020,620149923
8196750020,2607806148
8196750020,8196750019
4743621691,620149925
4743621691,620149923
4743621691,7704626566
620149925,9775266581
620149925,4743621691
9775266581,7704626567
9775266581,620149925
9775266581,3329518970
620162538,1025829145
620162538,620162539
620162538,1849099851
620162539,620162538
620162554,12987642157
620162554,620162552
620162554,620162550
620162551,12987625398
620162551,1516119387
12987625398,620162550
12987625398,12987625370
620162552,12987642101
620162552,2567121260
620162552,620162554
12987642101,12509620869
12987642101,12987625398
2567121260,12987642103
2567121260,620162559
2567121260,620162552
12987642157,8736028859
12987642157,12987642155
620162559,2567121260
620162559,8736028836
8736028836,12987642148
8736028836,2953159015
8736028836,620162559
620162566,2963326844
620162566,8512981074
620162566,1025829162
8512981074,620162566
8512981074,8512981073
8512981074,11724585862
1025829162,2481200526
1025829162,11517472054
1025829162,620162566
11530343243,620162572
11530343243,11530343244
11530343243,2963325413
11530343236,620162572
11530343236,11517472052
11530343236,11530343238
620162589,621117470
620162589,621117476
620162589,2564790383
621117470,2620409325
621117470,620162589
621117470,621117467
621117476,621117474
621117476,11735181798
621117476,620162589
620173078,11752404929
620173078,620173084
620173078,11752404938
11752404929,620173078
11752404929,2966596845
11752404929,11752404930
11752404938,620173078
11752404938,2147723019
11752404938,2966593200
11725604881,620173087
11725604881,620173084
11725604881,11725604885
1518951607,620173084
1518951607,2147723019
1518951607,621164917
1518951607,11828705214
620173087,11725604874
620173087,1027145198
620173087,8040145704
620173087,11725604881
11725604874,11725460122
11725604874,620173087
11725604874,11725604879
1027145198,620173087
1027145198,11725604893
1027145198,2966596916
8040145704,1021993711
8040145704,620173087
8040145704,1027145150
620300547,620300548
620300548,1599555506
620300548,620300547
620300548,620300550
1599555506,620300548
1599555506,2964397329
1599555506,12841991143
1599555506,5265700069
620300550,620300548
620300552,3540614218
620300552,2614944113
620300552,10706759367
3540614218,3540614219
3540614218,620300552
3540614218,3540614226
2614944113,620300552
2614944113,2614905815
2614944113,10706759367
10706759367,620300552
10706759367,2614944113
10706759367,10706759383
620300554,12841991147
620300554,620300556
620300554,12841991143
620300554,11602920593
12841991147,620300554
12841991147,12841991144
12841991147,3540614212
620300556,3540614211
620300556,11602920593
12841991143,1599555506
12841991143,620300554
12841991143,12841991144
11602920593,620300554
11602920593,4642978411
11602920593,620300556
620300555,620300558
620300555,7134199956
620300555,4642978408
620300555,4642974630
620300558,4642978409
620300558,620300555
620300558,4642978411
620300558,2614944149
7134199956,620300555
4642978408,2418111771
4642978408,620300555
4642978408,4642971469
4642974630,2964482039
4642974630,620300555
3540614211,4642974630
3540614211,2964397329
620300557,10564075846
620300557,2418111856
620300557,10564075847
10564075846,620300557
10564075846,2677670372
2418111856,1599555523
2418111856,620300557
2418111856,2614905829
10564075847,13479271064
10564075847,5044927368
10564075847,620300557
4642978409,620300558
4642978409,5266038620
4642978409,4642978411
4642978411,11602920593
4642978411,620300558
4642978411,4642978409
2614944149,620300558
2614944149,2614905829
2614944149,1599555523
620300559,7134199951
620300559,1599555523
620300559,6474190764
7134199951,3330014315
7134199951,620300559
7134199951,13301746307
1599555523,2418111856
1599555523,620300559
1599555523,2614944149
6474190764,620300560
6474190764,620300559
6474190764,6474190762
620300560,13502563958
620300560,6459081427
620300560,6474190764
13502563958,13502563960
13502563958,620300560
13502563958,13502563959
6459081427,620300564
6459081427,620300560
6459081427,6459081428
620300563,620300564
620300563,5044933521
620300564,6459081427
620300564,620300570
620300564,620300563
620300564,1049105480
5044933521,3902225720
5044933521,10706757691
5044933521,2690000143
5044933521,620300563
620300570,5266038611
620300570,620300571
620300570,620300564
1049105480,1049105243
1049105480,1021992812
1049105480,620300564
620300567,4642971475
620300567,2844074772
4642971475,4642971470
4642971475,1599555500
4642971475,620300567
2844074772,1050143373
2844074772,620300567
2844074772,3540614213
620300568,3330014321
620300568,3540614232
620300568,620300571
3330014321,13301733233
3330014321,3330014322
3330014321,13301733235
3540614232,3330014323
3540614232,620300568
620300571,620300570
620300571,620300568
620300571,5258323522
620300569,2844074778
620300569,12003299436
620300569,3330013290
2844074778,1050143373
2844074778,620300569
2844074778,12003299415
12003299436,3330013292
12003299436,620300569
12003299436,12003299415
3330013290,3330013288
3330013290,13301733274
3330013290,620300569
5266038611,620300574
5266038611,620300570
5266038611,2718621589
5258323522,5258322120
5258323522,5258323523
5258323522,620300571
620300572,8733877198
620300572,13301733260
620300572,6280356318
8733877198,620300572
8733877198,3330014294
8733877198,8733877194
13301733260,2797480741
13301733260,620300572
13301733260,3330014317
6280356318,620300572
6280356318,1516088437
6280356318,8733927118
620300574,1021993217
620300574,5266038611
620300574,5266038607
1021993217,620300574
1021993217,2718621591
1021993217,1021992917
5266038607,620300574
5266038607,1021992812
5266038607,5266038605
621117456,11517472052
621117456,11530343206
621117456,11517472054
11517472052,621117456
11517472052,11517472059
11517472052,11530343236
11517472054,1025829162
11517472054,11517472055
11517472054,621117456
621117467,621117468
621117467,621117474
621117467,621117470
621117467,621117473
621117474,621117476
621117474,11828723472
621117474,621117467
621117473,2481200514
621117473,11828723472
621117473,621117467
2481200526,1025829162
2481200526,621117468
2481200526,2963326844
11828723472,621117473
11828723472,621117474
11828723472,2481200514
621144000,1601687824
621144000,1025288648
621144000,1025288701
1601687824,1601687822
1601687824,621144000
1025288648,1025288701
1025288648,621144026
1025288648,621144000
1025288701,1025288648
1025288701,2204254041
1025288701,621144000
1569484187,621144030
1569484187,621144001
1569484187,1569484194
1569484187,621144026
1569484158,621144001
1569484158,621144011
1569484158,1569484194
1569484158,1188085234
621144011,2508189961
621144011,621144023
621144011,1569484158
621144023,621144011
621144023,1569484216
621144023,2508189965
1569484216,621144023
1569484216,11188440536
1569484216,1569484261
1569484216,1569484194
2508189965,2508189961
2508189965,3063780246
2508189965,621144023
621144024,621144051
621144024,621144026
621144024,621144037
621144051,1015117498
621144051,621144050
621144051,621144024
621144051,621144044
621144026,1025288648
621144026,621144024
621144026,1569484187
621144026,1025289209
621144037,6938175899
621144037,6938165980
621144037,621144024
1025289209,1569484220
1025289209,621144026
1025289209,11750244099
1025289209,1601687931
1025289209,11750244095
621144030,1569484187
6938175899,621144037
6938175899,2204254041
6938175899,6938175898
6938165980,6938165981
6938165980,4597911636
6938165980,621144037
621144044,1849109603
621144044,13612842035
621144044,4597911636
621144044,621144051
1849109603,4597911593
1849109603,621144044
1849109603,13612842036
1849109603,1849109610
13612842035,13612842036
13612842035,1921983202
13612842035,621144044
4597911636,1849109616
4597911636,621144044
4597911636,6938165980
621144050,621144051
621144050,11750244095
621144050,4649083915
11750244095,621144050
11750244095,1025289209
11750244095,11750244099
4649083915,621144050
4649083915,13520233755
4649083915,13520233761
1015117498,621144051
1015117498,621144073
1015117498,8665291301
621144073,1015117498
621144073,1025288465
621144073,13611204028
621144073,621144081
1025288465,4597907669
1025288465,11750491010
1025288465,621144073
13611204028,621144073
13611204028,621144075
13611204028,13611204029
621144081,4753275202
621144081,621144100
621144081,621144073
621144075,621144077
621144075,13611204028
621144075,621144110
621144077,621144111
621144077,621144075
621144077,621144091
621144110,621144111
621144110,621144075
621144110,1015117526
621144111,621144077
621144111,621144134
621144111,621144110
621144091,621144134
621144091,621144077
621144091,621144098
4753275202,621144081
4753275202,4753275201
4753275202,621144083
621144100,621144083
621144100,621144081
621144100,621144098
621144083,621144103
621144083,621144100
621144083,4753275202
621144103,621144102
621144103,621144083
621144103,1025288555
621144103,621144138
621144134,621144091
621144134,621144136
621144134,621144111
621144098,621144091
621144098,621144094
621144098,621144100
621144094,621144136
621144094,621144098
621144094,621144102
621144136,621144094
621144136,621144138
621144136,621144134
621144102,621144138
621144102,621144094
621144102,621144103
621144138,621144102
621144138,621144136
621144138,621144103
1025288555,4597907667
1025288555,621144103
1025288555,2508808857
1015117526,4597907673
1015117526,621144110
1015117526,621144114
621144114,4597907674
621144114,1015117526
621144114,13527231813
4597907674,4597907677
4597907674,4597907677
4597907674,621144114
13527231813,621144114
13527231813,7559978765
13527231813,13527231820
621144115,1015117502
621144115,9633169924
621144115,4597911614
1015117502,621144115
1015117502,1015117557
1015117502,9633169924
9633169924,621144117
9633169924,621144115
9633169924,1015117502
4597911614,621144115
4597911614,1015117540
4597911614,4597911610
621144117,1015117514
621144117,9633169924
621144117,13510588373
1015117514,1015117462
1015117514,5054530517
1015117514,621144117
13510588373,13510588370
13510588373,621144117
13510588373,13510588375
621144126,1015117480
621144126,1015117515
621144126,1015117476
1015117480,1015117565
1015117480,621144126
1015117480,1015117558
1015117515,1015117565
1015117515,1015117572
1015117515,621144126
1015117476,13510506680
1015117476,1015117492
1015117476,621144126
2157187698,11939598481
2157187698,7717056167
2157187698,621164917
2862052289,2668715502
2862052289,2668715510
2862052289,621164917
2862052289,1518951569
2668715502,1516088418
2668715502,2862052289
2668715502,621164917
8872312252,9775266589
8872312252,621164949
8872312252,8872312256
8260408109,8260417220
8260408109,621164949
8260408109,1516088424
2614905760,8260408116
2614905760,621164949
2614905760,8260408113
621164950,1516088431
621164950,581147638
621244150,10921990956
621244150,10921990935
10921990956,621244150
10921990956,8816509038
10921990956,10921990955
10921990935,10303383140
10921990935,10921990936
621244154,1520489317
621244154,3302702104
621244154,4648939203
1520489317,621244154
1520489317,1520489323
1520489317,621244155
3302702104,1520489314
3302702104,621244154
3302702104,10296958913
4648939203,4648939202
4648939203,621244154
4648939203,1519008241
621244155,4648939195
621244155,1520484598
621244155,1520489317
4648939195,1515855036
4648939195,621244155
4648939195,4648939194
1520484598,10921990967
1520484598,621244155
1520484598,1520484601
1027194652,622204719
1027194652,1024987118
1027194652,622204720
2508189913,622204719
2508189913,1032159535
697791314,1032159736
697791314,1024987118
697791314,3489341898
697791314,622204719
622204720,841812658
622204720,841812649
622204720,1027194652
841812658,841812650
841812658,622204720
841812658,697791325
841812649,841812652
841812649,622204720
841812649,841812653
622204724,841812660
841812660,622204724
841812660,841812650
841812660,845060912
622204734,10087504572
622204734,10073767278
622204734,10087504570
10087504572,622204740
10087504572,10087504580
10087504572,622204734
10073767278,622204740
10073767278,622204734
10073767278,10073767118
10087504570,10087504580
10087504570,10073767354
10087504570,622204734
1032159983,622204740
1032159983,622204737
1032159983,7111038033
1032159573,622204737
1032159573,622204738
1032159573,2508189933
622204738,841812652
622204738,1032159573
622204738,622204752
841812652,622204738
841812652,841812649
841812652,1024988200
622204752,622204738
622204752,841812653
622204752,836253831
622204740,10087504572
622204740,1032159983
622204740,2508189925
622204740,10073767278
2508189925,622204740
2508189925,896336446
2508189925,10073767277
622204749,13359540737
622204749,3088018014
622204749,696933618
622204749,13380781880
13359540737,13359540732
13359540737,622204749
13359540737,13359540738
3088018014,3088018019
3088018014,622204749
3088018014,3088018011
696933618,3200067866
696933618,696933655
696933618,696933664
696933618,622204749
13380781880,13380781883
13380781880,622204749
13380781880,13380781882
841812653,622204752
841812653,841812650
841812653,841812649
841812653,845060912
836253831,3088018011
836253831,3088018009
836253831,622204752
622204758,1027194754
622204758,702499497
622204758,5873786635
1027194754,622204758
1027194754,1024987391
1027194754,1032159990
702499497,1032159255
702499497,1024987110
702499497,622204758
5873786635,1024987958
5873786635,5873786634
5873786635,622204758
1197004215,2654916693
1197004215,622204769
1197004215,1197010339
622646609,10570555647
622646609,10570555648
10570555647,622646609
10570555647,8211384946
10570555647,1519082060
10570555648,2669116189
10570555648,825189455
10266295011,632238135
10266295011,8098113419
10266295011,10266295005
3078227101,632238135
3078227101,3080256575
3078227101,3080256576
646705450,11828655072
646705450,1637652262
646705450,5006443391
11828655072,4846314865
11828655072,646705450
11828655072,11828655080
1637652262,646705450
1637652262,651292212
5006443391,6270387731
5006443391,646705450
646705506,3627743154
646705506,12452840704
646705506,4846314865
3627743154,3627743155
3627743154,646705506
3627743154,8744119559
12452840704,646705506
12452840704,3623988270
12452840704,12452840696
4846314865,7471589425
4846314865,646705506
4846314865,11828655072
4846314865,3623988270
646705690,1970912976
646705690,646705713
646705690,2251208597
1970912976,1970912981
1970912976,646705690
1970912976,1970912980
1970912976,3643232574
646705713,4724656440
646705713,646705690
646705713,3624014370
2251208597,2251205279
2251208597,3618384995
2251208597,646705690
2251208597,2251205290
2251208597,6351038556
4724656440,646705713
4724656440,2251205279
4724656440,3624014793
3624014370,11065375417
3624014370,646705739
3624014370,646705713
3624014370,3631827422
646705739,11065375417
646705739,3631827422
646705739,3624014370
11065375417,3624014793
11065375417,646705739
11065375417,3624014370
3631827422,646705739
3631827422,1970912980
3631827422,3624014370
646705792,3643211066
646705792,2901981267
646705792,3624014793
3643211066,9864662888
3643211066,646705792
3643211066,1970912980
2901981267,646705792
2901981267,646705797
2901981267,3631827430
2901981267,4494705954
3624014793,11065375417
3624014793,11065375429
3624014793,3624014473
3624014793,646705792
3624014793,4724656440
646705797,3593340063
646705797,2901981267
646705797,3616221373
646705797,3624014482
3593340063,646705797
3593340063,3593340055
3593340063,3593340054
3616221373,646705797
3616221373,3616221378
3616221373,1016736315
3624014482,2272423665
3624014482,646705797
3624014482,3624008051
646705912,8783743598
646705912,1510613118
646705912,8733927156
8783743598,646705912
8783743598,8758767176
8783743598,646842687
1510613118,646705912
1510613118,646842690
1510613118,3978162841
8733927156,646705912
8733927156,7277997732
8733927156,2567976393
646705925,5054591184
646705925,8758767176
646705925,8758767183
5054591184,646705925
5054591184,8758767183
5054591184,1925492198
5054591184,5054591183
8758767176,646705925
8758767176,646842687
8758767176,8783743598
8758767183,7277997737
8758767183,5054591184
8758767183,646705925
646706058,10713003669
646706058,1564382616
646706058,7519509004
10713003669,646706058
10713003669,1564382652
10713003669,1510613222
1564382616,646706058
1564382616,1564382652
7519509004,2514965775
7519509004,6744542115
7519509004,646706058
7519509004,7519509008
646842448,8691267004
646842448,6270387722
646842448,3974191300
646842448,8691267001
8691267004,646842448
8691267004,8691267001
8691267004,10114681905
6270387722,12452840644
6270387722,646842488
6270387722,646842448
3974191300,3974191278
3974191300,646842454
3974191300,646842448
8691267001,646842488
8691267001,646842448
8691267001,8691267004
646842454,3298953352
646842454,3974191300
646842454,7472184293
3298953352,646842454
3298953352,12452840630
7472184293,1523882493
7472184293,6299896468
7472184293,646842454
646842473,1510579379
646842473,2217335639
646842473,1510579386
646842473,7471589469
1510579379,646842473
1510579379,2901966849
1510579379,4724604828
2217335639,646842473
2217335639,2217335587
2217335639,4153118293
1510579386,4609578282
1510579386,646842473
1510579386,2460675379
1510579386,1510579379
7471589469,2217335597
7471589469,646842473
7471589469,2460675379
646842488,10582000895
646842488,10582000898
646842488,6270387722
646842488,8691267001
10582000895,646842488
10582000895,2860767337
10582000895,10582000897
10582000898,646842488
10582000898,10582000897
10582000898,2217335597
646842647,8592825928
646842647,8592825850
646842647,2860767331
8592825928,646842647
8592825850,1510580103
8592825850,646842647
8592825850,8758767260
2860767331,3978292251
2860767331,2245272583
2860767331,646842647
646842664,4510274563
646842664,6351038596
646842664,6351038589
646842664,9866591601
4510274563,646842664
4510274563,3974279031
4510274563,3298954573
4510274563,3974530938
6351038596,646842664
6351038596,5006443395
6351038596,6351038598
6351038589,6351038586
6351038589,6351038598
6351038589,646842664
9866591601,9288587629
9866591601,3974279031
9866591601,646842664
646842674,9903672877
646842674,8733927132
646842674,2964397318
9903672877,646842674
9903672877,9903672878
9903672877,2614905780
8733927132,8733877201
8733927132,11182048128
8733927132,646842674
2964397318,8480832142
2964397318,2964397323
2964397318,646842674
646842687,646842690
646842687,8758767176
646842687,1510613120
646842687,8783743598
646842690,2984635061
646842690,646842687
646842690,1510613118
1510613120,1510613131
1510613120,5054591183
1510613120,646842687
2984635061,2245281765
2984635061,646842690
2984635061,4997533632
2984635061,2984635060
646842700,2245281765
646842700,7525130424
646842700,8830407706
2245281765,646842700
2245281765,2984635061
2245281765,4997533632
7525130424,8830407690
7525130424,646842700
7525130424,7525130429
8830407706,646842700
8830407706,2984635046
8830407706,3974531358
646842706,7519520208
646842706,3974531217
646842706,3978296960
3978296960,9953414851
3978296960,3974531439
3978296960,646842706
646842711,1564382765
646842711,1510580576
646842711,1510613167
646842711,7525130440
1564382765,1925492278
1564382765,646842711
1564382765,8830448638
1510613167,1925492342
1510613167,646842711
1510613167,1510613198
7525130440,1925492219
7525130440,646842711
7525130440,7525130429
646842721,1510613212
646842721,1564395051
646842721,13208605595
1510613212,3978296961
1510613212,1510613224
1510613212,9846932821
1510613212,646842721
1564395051,646842721
1564395051,1564395048
1564395051,9953414833
13208605595,646842721
13208605595,4375703826
13208605595,2984635046
646842732,2901966849
646842732,3108068714
646842732,3593340055
646842732,3901301559
2901966849,646842732
2901966849,3974279031
2901966849,3901301559
2901966849,1510579379
3108068714,646842732
3593340055,3593340063
3593340055,646842732
3593340055,3616221370
3901301559,2901966849
3901301559,646842732
3901301559,1564382852
3901301559,3627743196
646842748,3618384995
646842748,2251205279
646842748,2908304884
646842748,3624014473
3618384995,3624008045
3618384995,646842748
3618384995,2251208597
2251205279,4724656440
2251205279,646842748
2251205279,2251208597
2908304884,3624008050
2908304884,646842748
2908304884,3624008043
3624014473,646842748
3624014473,3624014793
3624014473,3624014476
651292212,1637652262
678533012,10556408062
678533012,1021993361
678533012,1017010207
10556408062,678533012
10556408062,10556408063
10556408062,1017010701
10556408062,10563834207
1021993361,678533012
1021993361,10556408063
1021993361,1849064299
1021993361,10556408033
1017010207,10563834206
1017010207,678533012
1017010207,678533054
678533019,4496921152
678533019,678533022
678533019,4496921187
4496921152,678533019
4496921152,4496921796
4496921152,4496921151
678533022,678533032
678533022,678533019
678533022,1017011524
4496921187,679874009
4496921187,678533019
4496921187,4496921794
678533032,678533022
1017011524,10110049206
1017011524,678533022
1017011524,1017010368
678533054,3234466714
678533054,4507975650
678533054,1017010207
3234466714,3234466670
3234466714,1017009629
3234466714,678533054
4507975650,10123537916
4507975650,1768907680
4507975650,678533054
678533158,10123663522
678533158,678533161
678533158,10116960225
10123663522,678533158
10123663522,678533161
10123663522,10128610163
678533161,10123663522
678533161,10123537902
678533161,678533158
678533161,10116960225
10116960225,1768907680
10116960225,678533158
10116960225,678533161
10123537902,8548181465
10123537902,678533161
10123537902,8548181461
678533194,10073767321
10073767321,678533194
10073767321,10073767360
10073767321,678533203
678533203,3489341431
678533203,3489341439
678533203,10073767321
3489341431,678533207
3489341431,678533203
3489341431,3489341439
3489341439,678533203
3489341439,3489341469
3489341439,3489341431
678533207,3489341431
678533207,10073767319
678533207,10073767264
10073767319,678533207
10073767319,1017009565
10073767319,3489341422
10073767264,3489341441
10073767264,678533207
10073767264,10073767296
678533241,6918466793
678533241,11231249158
678533241,9931630216
678533241,6918467018
6918466793,678533241
6918466793,9931630209
6918466793,703310301
11231249158,10073767120
11231249158,678533241
11231249158,11231249190
9931630216,3489341393
9931630216,678533241
9931630216,10073767296
6918467018,703310336
6918467018,6918467016
6918467018,678533241
678533314,7653153502
678533314,696731970
678533314,9405126612
678533314,9405126613
7653153502,678533314
7653153502,7653153501
7653153502,9405126601
696731970,1032159683
696731970,678533314
696731970,683427722
9405126612,678533314
9405126612,7653153501
9405126613,678533314
9405126613,1032159683
678533327,1032159314
678533327,5176255685
678533327,729825738
1032159314,678533327
1032159314,679392886
1032159314,10073767389
5176255685,1032159681
5176255685,678533327
5176255685,9405126601
729825738,1032159546
729825738,1024987298
729825738,678533327
729825738,694617338
678533339,679365454
678533339,679365529
678533339,1032159687
679365454,6207352374
679365454,685576756
679365454,678533339
679365529,679365550
679365529,678533339
1032159687,679365492
1032159687,678533339
1032159687,1032159565
678533385,679365939
678533385,679365992
678533385,685576443
679365939,678533385
679365992,678533385
679365992,679365930
679365992,836378457
685576443,678533385
685576443,836378457
685576443,704440058
6207352374,679365863
6207352374,679365454
6207352374,6207352373
685576756,836378456
685576756,836378468
685576756,679365454
679365469,679365477
679365469,3063807508
679365477,679365529
679365477,942905861
3063807508,3063807507
3063807508,679365469
3063807508,679365550
942905861,685576569
942905861,679365477
942905861,685576552
942905861,691912938
679365492,1032159687
679365492,6207354195
679365492,1032160050
6207354195,6207354194
6207354195,683428160
6207354195,679365492
1032160050,1032159416
1032160050,679365492
1032160050,6207354238
679365550,679365469
679365550,3063807508
679365783,679365930
679365783,679365914
679365783,685576742
679365930,679365927
679365930,679365992
679365930,679365783
679365914,679365909
679365914,679365783
679365914,679365816
685576742,685576599
685576742,836378457
685576742,679365783
679365816,679365914
679365816,836378456
679365816,679365895
836378456,685576756
836378456,685576599
836378456,679365816
679365895,679365891
679365895,679365816
679365895,845060919
679365863,679366052
679365863,6207352374
679365863,836378468
679366052,10040278108
679366052,679365863
679366052,845060919
836378468,845060919
836378468,685576756
836378468,679365863
679365891,679365895
845060919,845060886
845060919,836378468
845060919,679365895
845060919,679366052
679365909,679365914
679365927,679365930
836378457,679365992
836378457,685576742
836378457,685576443
10040278108,679366052
10040278108,10040315817
679366206,1016123686
679366206,3489341804
679366206,703334102
1016123686,679366206
1016123686,1016123676
1016123686,1017010779
3489341804,679366206
3489341804,1017011870
3489341804,3489341796
703334102,703334108
703334102,679366206
703334102,3489341796
679366385,908207013
679366385,908207038
679366385,8463595241
908207013,679366385
908207013,10078060511
908207013,13152957874
908207038,679366385
908207038,13152957876
908207038,13152957874
8463595241,8463595242
8463595241,679366385
8463595241,13152974554
679366438,1027194591
679366438,5046627581
679366438,679366439
679366438,694617437
1027194591,679366438
1027194591,1017010633
1027194591,1027194821
5046627581,679366438
5046627581,1032159492
679366439,1032159492
679366439,1024987180
679366439,729808002
679366439,679366438
694617437,1027194821
694617437,1027194406
694617437,679366438
694617437,702499413
1032159492,679366439
1032159492,1017011770
1032159492,5046627576
1024987180,679366439
1024987180,1027194591
1024987180,729808003
729808002,1032159848
729808002,5046627576
729808002,696731925
729808002,679366439
679392886,1584080926
679392886,1032159314
1584080926,1584080967
1584080926,1024987405
1584080926,679392886
679874009,1017008210
679874009,4496921187
679874009,10073767258
1017008210,3489341508
1017008210,679874009
1017008210,1017009419
10073767258,10073767360
10073767258,679874009
10073767258,1017008357
679874042,6205753185
679874042,1017010154
679874042,7134199966
6205753185,1613743371
6205753185,679874042
6205753185,6205752882
1017010154,1017008302
1017010154,679874042
1017010154,6205753194
7134199966,7134199974
7134199966,679874042
7134199966,7134199963
683427444,8463594942
683427444,683427744
683427444,683427744
683427444,683427818
683427444,683427818
8463594942,683427581
8463594942,683427444
8463594942,8463594939
8463594942,8463594944
683427744,691912982
683427744,683427444
683427744,683427444
683427818,8463594927
683427818,683427444
683427818,683427444
683427581,683427611
683427581,8463594942
683427581,683427965
683427611,683427684
683427611,683427581
683427611,683427965
683427965,683427611
683427965,683427581
683427965,8463594929
683427684,683427611
683427684,2504925229
683427684,838030196
2504925229,683427684
2504925229,683428021
2504925229,683428021
838030196,3282363106
838030196,683427684
838030196,2990719776
683427710,3282363106
683427710,2504925218
683427710,8463594934
3282363106,683427710
3282363106,3282371765
3282363106,838030196
2504925218,3282217470
2504925218,3620410233
2504925218,683427710
8463594934,1032159875
8463594934,683427710
8463594934,8463594929
683427722,1032159875
683427722,694090031
683427722,696731970
1032159875,683427722
1032159875,8463594934
1032159875,9405126612
694090031,1032159518
694090031,683427722
694090031,838030193
691912982,683427744
691912982,691912820
691912982,691913203
8463594927,683427818
8463594927,8463594928
8463594927,8463594939
8463594929,8463594939
8463594929,683427965
8463594929,8463594934
683428021,691912987
683428021,2504925229
683428021,2504925229
691912987,683428021
691912987,691912996
691912987,8463594945
683428080,683428082
683428080,683428945
683428080,691913203
683428080,683428626
683428082,8463594947
683428082,683428080
683428082,683428626
683428082,683428945
683428945,691912820
683428945,683428082
683428945,683428080
691913203,691912982
691913203,691913185
691913203,683428080
683428626,2504925262
683428626,683428080
683428626,683428082
8463594947,683428082
8463594947,8463594945
8463594947,8463594949
8463594947,683428090
683428090,683428093
683428090,3316917352
683428090,683428558
683428090,8463594947
683428093,683428345
683428093,683428090
683428093,683428558
683428093,8463594936
3316917352,683428345
3316917352,683428090
3316917352,3316917355
683428558,691912996
683428558,683428090
683428558,683428093
683428345,683428093
683428345,3316917352
683428345,8463594935
8463594936,8463594935
8463594936,8463594938
8463594936,683428104
8463594936,683428093
683428104,683428276
683428104,683428112
683428104,683428313
683428104,8463594936
683428276,683428104
683428276,696741785
683428276,683428112
683428112,683428313
683428112,683428104
683428112,683428276
683428112,683428118
683428313,683428112
683428313,691912864
683428313,683428104
683428118,683428123
683428118,683428112
683428118,2504925248
683428118,8463594954
683428123,3282396825
683428123,683428118
683428123,683428233
2504925248,696741791
2504925248,696741785
2504925248,683428118
8463594954,683428118
8463594954,691912878
8463594954,3316917347
3282396825,683428131
3282396825,683428123
3282396825,3316917347
683428233,683428131
683428233,683428123
683428233,696741791
683428131,3282396825
683428131,683428233
683428131,1032159636
1032159636,683428160
1032159636,683428131
1032159636,1032159603
683428160,1032159636
683428160,838030193
683428160,6207354195
838030193,685576362
838030193,683428160
838030193,694090031
696741791,690026993
696741791,2504925248
696741791,683428233
696741785,683428276
696741785,2504925248
696741785,8463594935
691912864,683428313
691912864,691912878
691912864,691912856
8463594935,8463594936
8463594935,696741785
8463594935,683428345
691912996,683428558
691912996,691912987
691912996,8463594938
2504925262,691913185
2504925262,8463594949
2504925262,683428626
691912820,683428945
691912820,691912982
691912820,8463594944
685576131,1032159603
685576131,685576166
685576131,691912892
1032159603,1032159875
1032159603,685576131
685576166,685576362
685576166,685576131
685576166,685576176
691912892,9402677715
691912892,685576131
691912892,3316888585
685576362,838030193
685576362,685576166
685576362,6207354194
685576176,13386165940
685576176,685576166
685576176,691932354
13386165940,685576176
13386165940,13386165938
13386165940,10040278105
691932354,691932346
691932354,685576176
691932354,1584081203
685576188,10040278105
685576188,845060886
685576188,845060879
10040278105,685576188
10040278105,13386165940
10040278105,10040278106
845060886,685576188
845060886,13152957866
845060886,845060919
845060879,3316917324
845060879,13526491444
845060879,685576188
845060879,697791255
6207354194,6207354195
6207354194,1032159687
6207354194,6207354189
704440058,685576443
704440058,845060888
704440058,704440072
685576454,685576483
685576454,704440072
685576454,685576994
685576483,3063780265
685576483,685576505
685576483,685576454
704440072,704440121
704440072,685576454
704440072,704440058
685576994,685576454
685576994,685576924
685576994,685577146
3063780265,685576483
3063780265,2991117712
685576505,685576552
685576505,685576483
685576505,2966748924
685576552,685576569
685576552,685576505
685576552,942905861
685576552,4587513919
2966748924,3063780265
2966748924,685576505
685576569,942905861
685576569,9044858573
685576569,685576552
4587513919,4587513919
4587513919,4587513919
4587513919,685576552
9044858573,3063807507
9044858573,3063807507
9044858573,685576569
685576599,685576742
685576599,3063807507
685576599,836378456
3063807507,3063807508
3063807507,685576599
3063807507,9044858573
3063807507,9044858573
685576618,845060888
685576618,696933587
685576618,696933576
845060888,685576618
845060888,704440058
845060888,845060857
696933587,696933721
696933587,685576618
696933587,696933606
696933576,685576618
696933576,696933568
696933576,2568866873
685576924,685576994
685576924,2991268649
685576924,685576963
2991268649,1027194556
2991268649,685576924
2991268649,2966749547
685576963,5578079882
685576963,685576924
685576963,13595772741
5578079882,5578079883
5578079882,685576963
5578079882,5578079880
13595772741,685576963
13595772741,13602488675
13595772741,13595772734
685577146,2991117712
685577146,685576994
685577146,698832790
2991117712,1027194556
2991117712,685577146
698832790,698832799
698832790,698832799
698832790,685577146
698832790,698832896
690026274,690026283
690026283,690026288
690026283,690026274
690026283,690026450
690026288,690026283
690026450,2504925271
690026450,690026283
690026450,690026646
690026450,691913033
690026298,690026301
690026301,690026305
690026301,690026298
690026301,690026476
690026305,690026301
690026476,690026301
690026476,691913033
690026476,691912978
690026342,690026347
690026347,690026370
690026347,690026342
690026347,2504925271
690026347,691913128
690026370,690026347
2504925271,690026347
2504925271,690026450
2504925271,4706296472
691913128,690026347
691913128,691912970
691913128,691913094
690026646,690026450
690026646,690026813
690026646,691913094
691913033,690026450
691913033,690026476
691913033,696741778
691913033,691912970
691912978,690026476
691912978,691913185
691912978,691912970
690026489,690026492
690026489,838030194
690026489,690026498
690026492,690026489
690026492,690026755
690026492,690026813
838030194,690026489
838030194,6207354249
838030194,691913048
690026498,690026489
690026498,690026508
690026498,690026506
690026755,6207354248
690026755,690026884
690026755,690026492
690026755,690026789
690026813,690026576
690026813,690026492
690026813,690026646
690026508,690026498
690026506,690026498
690026572,690026576
690026572,690026633
690026572,690026630
690026576,690026586
690026576,690026572
690026576,690026813
690026633,690026572
690026630,690026572
690026586,690026576
690026586,690026609
690026586,690026624
690026609,690026586
690026624,690026586
691913094,691913128
691913094,838030189
691913094,690026646
690026684,2504925253
690026684,690026713
690026684,690026737
2504925253,690026688
2504925253,690026684
2504925253,2504925258
690026713,690026684
690026737,690026684
690026688,2504925253
690026688,690026910
690026688,690026929
690026910,690026688
690026910,6207354244
690026910,690026884
690026929,6207354231
690026929,690026688
690026929,691913350
690026929,690026842
6207354248,690026755
6207354248,690026842
6207354248,6207354247
690026884,690026755
690026884,2504925263
690026884,690026910
690026789,690026755
690026789,11584318845
690026789,6359839957
11584318845,12054535877
11584318845,690026789
11584318845,11584318849
6359839957,4706296471
6359839957,690026789
6359839957,6359839934
690026842,6207354248
690026842,6207354249
690026842,690026929
6207354249,690026842
6207354249,838030194
6207354249,6207354252
2504925263,2504925267
2504925263,690026884
2504925263,2504925261
6207354244,6207354239
6207354244,690026910
6207354244,6207354240
6207354244,6207354242
6207354231,6207354230
6207354231,690026993
6207354231,690026929
691913350,691913355
691913350,690026929
691913350,11584318849
690026993,6207354225
690026993,6207354231
690026993,696741791
6207354225,691913355
6207354225,690026993
6207354225,6207354223
8463594944,8463594945
8463594944,691912820
8463594944,8463594942
691912838,691912856
691912838,2990719776
691912838,3282217472
691912856,691912864
691912856,691912838
691912856,8463594938
2990719776,691912838
2990719776,838030196
2990719776,3282217470
3282217472,2504925220
3282217472,3282217473
3282217472,691912838
8463594938,691912856
8463594938,691912996
8463594938,8463594936
691912878,3316888585
691912878,8463594954
691912878,691912864
3316888585,691912878
3316888585,691912892
3316888585,3282217468
9402677715,3316917345
9402677715,691912892
9402677715,9402681817
691912938,1032159565
691912938,942905861
691912938,691912960
1032159565,691912938
1032159565,251557151
691912960,691913355
691912960,691912938
691912960,1032159834
691913355,691912960
691913355,6207354225
691913355,691913350
1032159834,691912960
1032159834,1032159636
691912970,691913033
691912970,691912978
691912970,691913128
691913185,2504925262
691913185,691913203
691913185,691912978
8463594945,8463594944
8463594945,691912987
8463594945,8463594947
696741778,691913048
696741778,696741807
696741778,691913033
691913048,696741778
691913048,696741807
691913048,838030194
696741807,696741778
696741807,691913048
696741807,3316917355
838030189,4706296475
838030189,691913094
838030189,1024987495
11584318849,11584318845
11584318849,691913350
11584318849,12054535899
691932346,691932354
691932346,1584062717
691932346,1584062720
1584062717,691932346
1584062717,694263311
1584062717,694263311
1584062720,691932346
1584062720,1032159518
1584062720,694090027
1584081203,694263355
1584081203,694263355
1584081203,691932354
691932399,1584062706
691932399,1584062704
691932399,845060854
1584062706,691932399
1584062706,694263339
1584062706,694263339
1584062704,1584062715
1584062704,694090023
1584062704,691932399
845060854,691932399
845060854,2504891898
845060854,845060883
691932480,2504891898
691932480,691932494
691932480,9405126571
2504891898,691932480
2504891898,694090046
2504891898,845060854
691932494,1027194679
691932494,11155459987
691932494,691932480
9405126571,691932480
9405126571,696731870
9405126571,9405126596
1027194679,10052455768
1027194679,691932494
1027194679,4980339831
1027194679,10052455761
1027194679,5000181451
11155459987,691932494
11155459987,11957671229
11155459987,11155459958
691932509,845060909
691932509,694090023
691932509,1584062700
845060909,691932509
845060909,696738754
845060909,694090020
845060909,697791255
694090023,691932509
694090023,1584062704
694090023,694090027
694090023,694090020
1584062700,1584062713
1584062700,691932546
1584062700,691932509
691932546,697791287
691932546,1584062714
691932546,1584062700
697791287,691932546
697791287,10075895697
697791287,697791281
1584062714,691932546
1584062714,694263350
1584062714,694263350
691932559,3316917320
691932559,3316917324
691932559,10075895697
3316917320,691932559
3316917320,3316917317
3316917320,2504891903
3316917320,2504891899
3316917324,845060879
3316917324,691932559
3316917324,2504891903
10075895697,691932559
10075895697,697791287
10075895697,697791281
694090020,9767153542
694090020,845060909
694090020,694090023
694090020,10052455762
9767153542,694090020
9767153542,10052455761
9767153542,10052455768
10052455762,10052455763
10052455762,694090020
10052455762,10052455764
694090027,694263312
694090027,694263327
694090027,1584062720
694090027,694090023
694263312,694263349
694263312,694090027
694263312,694263313
694263312,694263311
694263327,694090027
694263327,694263328
694263327,694263322
694263327,694263338
1032159518,694090031
1032159518,1584062720
1032159518,685576362
694090046,2504891898
694090046,10052455761
694090046,10052455766
10052455761,9767153542
10052455761,694090046
10052455761,1027194679
10052455766,10052455764
10052455766,10052455767
10052455766,694090046
694090087,694263307
694090087,694263338
694090087,694263293
694263307,694090087
694263307,845060883
694263307,4980339705
694263338,694263333
694263338,694263339
694263338,694263327
694263338,694090087
694263293,694263287
694263293,694090087
694263293,694263288
694090098,2504891904
694090098,13386165943
694090098,13526491452
2504891904,694090098
2504891904,694263349
2504891904,2504891899
13386165943,13386165936
13386165943,694090098
13386165943,13386165941
13526491452,13526491444
13526491452,13526491444
13526491452,694090098
694263283,694263344
694263283,694263345
694263283,694263287
694263344,694263283
694263345,694263283
694263287,694263346
694263287,694263293
694263287,694263283
694263346,694263287
694263288,694263293
694263294,845060883
694263294,694263294
694263294,694263294
845060883,694263307
845060883,694263294
845060883,845060854
4980339705,694263307
694263311,694263312
694263311,1584062717
694263311,1584062717
694263349,2504891904
694263349,694263312
694263349,694263350
694263349,694263355
694263313,694263312
694263313,1584062713
694263313,1584062713
1584062713,1584062700
1584062713,694263313
1584062713,694263313
694263322,694263327
694263322,694263322
694263322,694263322
694263328,694263327
694263328,1584062715
694263328,1584062715
1584062715,1584062704
1584062715,694263328
1584062715,694263328
694263333,694263338
694263333,694263333
694263333,694263333
694263339,694263338
694263339,1584062706
694263339,1584062706
694263350,694263349
694263350,1584062714
694263350,1584062714
694263355,694263349
694263355,1584081203
694263355,1584081203
694617338,1027194343
694617338,696731925
694617338,5176255684
694617338,729825738
1027194343,694617338
1027194343,694617350
1027194343,1024987298
696731925,1027194874
696731925,694617338
696731925,729808002
5176255684,1032159848
5176255684,694617338
694617350,13380880002
694617350,696731914
694617350,1027194343
13380880002,694617350
13380880002,694617540
13380880002,13380880004
696731914,694617366
696731914,4980339713
696731914,694617350
694617366,696731892
694617366,696731914
694617366,1599232464
696731892,694617366
696731892,4980339714
696731892,7915865249
1599232464,1024987058
1599232464,694617366
1599232464,1599231934
694617369,3489341880
694617369,8733964595
694617369,8733964573
3489341880,5046708251
3489341880,694617369
3489341880,1024987562
3489341880,8733945386
8733964595,2682035260
8733964595,694617369
8733964573,3489341870
8733964573,729808008
8733964573,694617369
1027194821,694617437
1027194821,3489341827
1027194821,1024862626
1027194406,694617437
1027194406,8733964606
1027194406,3489341829
702499413,1032160046
702499413,1032159656
702499413,694617437
702499413,9767153568
694617481,9405126586
694617481,694617481
694617481,694617481
9405126586,694617481
9405126586,2504891895
9405126586,9405126596
694617537,9405126578
694617537,694617548
694617537,694617575
9405126578,694617540
9405126578,694617537
9405126578,9405126563
9405126578,9405126556
694617548,694617537
694617575,694617537
694617540,13380880002
694617540,9405126578
694617540,4980339713
4980339713,696731914
4980339713,4980339714
4980339713,4980339714
4980339713,694617540
694617664,694618050
694617664,3489341909
694617664,694618032
694618050,694617664
694618050,1027194880
694618050,3489341887
3489341909,694617664
694618032,694617664
694618032,694617962
694618032,3489341899
694617705,1032159333
694617705,702499448
694617705,702499446
1032159333,694617705
1032159333,8321248589
1032159333,1024987505
702499448,1032159237
702499448,1024987505
702499448,9767153568
702499448,694617705
702499446,1032159510
702499446,1024987963
702499446,694617705
702499446,694618059
694617962,694618016
694617962,1024862887
694617962,694618032
694618016,694617962
694618016,697791219
694618016,3489341907
1024862887,694617962
1024862887,697791341
1024862887,697791323
697791219,10073767215
697791219,694618016
697791219,697791196
697791219,5000181451
3489341907,694618116
3489341907,704440131
3489341907,694618016
3489341899,704440131
3489341899,3489341891
3489341899,694618032
1027194880,694618059
1027194880,694618050
1027194880,1024987963
3489341887,3489341891
3489341887,8321248589
3489341887,694618050
694618059,1027194880
694618059,3489341898
694618059,3489341890
694618059,702499446
3489341898,694618059
3489341898,697791314
3489341898,3489341896
3489341890,3489341896
3489341890,694618059
694618116,3489341907
696731870,696731884
696731870,696731974
696731870,9405126571
696731884,1032159683
696731884,696731870
696731884,696731984
696731884,696731974
696731974,696731884
696731974,696731973
696731974,696731870
1032159683,696731970
1032159683,696731884
1032159683,1032159518
696731984,696731884
4980339714,696731892
4980339714,4980339713
4980339714,4980339713
4980339714,2504891895
7915865249,2504891894
7915865249,696731892
7915865249,7915865269
1027194874,696731925
1027194874,1027194343
1027194874,696731932
696731932,696731936
696731932,696731959
696731932,1027194874
696731936,696731932
696731936,696731947
696731936,696731952
696731959,696731932
696731959,696731958
696731959,1599231934
696731947,5046708256
696731947,1024987685
696731947,696731936
696731947,5046708253
696731952,696731951
696731952,696731936
696731952,3489341849
5046708256,5046708255
5046708256,1024987562
5046708256,696731947
1024987685,696731947
1024987685,1024987058
1024987685,5046708258
5046708253,696731947
696731951,696731952
3489341849,1017009943
3489341849,729808008
3489341849,696731952
696731958,696731959
1599231934,1599232464
1599231934,696731959
1599231934,729825773
696731973,696731974
696734075,13380781888
696734075,13369083681
696734075,13152957866
13380781888,696734075
13380781888,13380781883
13380781888,13380781890
13369083681,13378639005
13369083681,696734075
13369083681,13369083696
13152957866,845060886
13152957866,696734075
13152957866,696738741
696734102,696738736
696738736,13378639005
696738736,696734102
696738736,696738741
13378639005,13369083681
13378639005,13378639004
13378639005,696738736
696738741,697791268
696738741,696738736
696738741,13152957866
697791268,696738747
697791268,696738741
697791268,697791255
696738747,697791268
696738747,696738754
696738747,10073767425
696738754,845060909
696738754,10052455768
696738754,696738747
10073767425,697791196
10073767425,696738747
10073767425,10073767215
10052455768,696738754
10052455768,1027194679
10052455768,9767153538
10052455768,9767153542
3316917355,8463594949
3316917355,3316917352
3316917355,696741807
696933568,696933576
2568866873,696933576
696933721,3191435018
696933721,3200067563
696933721,696933587
696933606,13376180802
696933606,696933655
696933606,696933587
13376180802,13376170998
13376180802,696933606
13376180802,13376180801
696933655,696933606
696933655,696933618
696933655,696933664
696933611,13376170998
696933611,13376171000
696933611,696933664
13376170998,696933611
13376170998,13376180802
13376170998,13376170999
13376171000,696933611
696933664,696933655
696933664,696933618
696933664,696933611
3200067866,696933618
3200067866,3200067762
3200067866,3200067962
696933684,13346249340
696933684,696933688
696933684,13390651808
13346249340,696933686
13346249340,696933684
13346249340,13346249339
696933688,696933684
696933688,696933687
696933688,1025288845
13390651808,13390651816
13390651808,696933684
13390651808,13390651815
696933686,13346249340
696933686,2991117691
696933686,836253828
2991117691,696933686
2991117691,696933738
2991117691,2991117694
836253828,696933686
836253828,13346249338
836253828,702499420
696933687,696933688
3191435018,3191435019
3191435018,696933723
3191435018,696933721
3200067563,696933721
3200067563,3200067662
3200067563,3200067561
696933723,13346245739
696933723,13346249311
696933723,3191435018
13346245739,696933723
13346245739,3193024787
13346245739,13346245743
13346249311,696933723
13346249311,13346249310
13346249311,13346245738
696933738,13389430165
696933738,2991117691
13389430165,13389430166
13389430165,13389430164
13389430165,13389430168
697791196,10073767425
697791196,697791341
697791196,697791219
697791341,697791325
697791341,697791196
697791341,1024862887
10073767215,4980339831
10073767215,697791219
10073767215,10073767425
5000181451,697791219
5000181451,704440131
5000181451,1027194679
697791255,845060909
697791255,845060879
697791255,697791281
697791255,697791268
697791281,697791287
697791281,697791255
697791281,10075895697
1032159736,697791314
1032159736,2508189898
1032159736,2508189913
1024987118,697791314
1024987118,697791323
1024987118,1027194880
697791323,697791325
697791323,1024987118
697791323,1024862887
697791325,697791323
697791325,697791341
697791325,841812658
698832799,698832805
698832799,698832790
698832799,698832790
698832896,1027194556
698832896,698832790
698832896,702501353
698832896,4438230835
698832805,698832799
698832805,698832847
698832805,698832826
698832847,698832805
1027194556,2991268649
1027194556,2991117712
1027194556,698832896
1027194556,727806293
702501353,4649083908
702501353,698832896
702501353,702501356
702499389,702499390
702499390,702499389
702499390,702499392
702499390,13390644540
702499392,702499424
702499392,702499390
702499392,2991117694
702499392,4649083272
13390644540,702499390
13390644540,702499426
13390644540,13390644542
702499424,702499422
702499424,702499392
702499424,702499433
2991117694,3063780243
2991117694,702499392
4649083272,702499392
1032160046,702499413
1032160046,8463595212
1032160046,9767153569
1032159656,702499413
1032159656,2682035250
1032159656,9767153565
9767153568,702499448
9767153568,5232649632
9767153568,9767153569
9767153568,702499413
702499420,702499422
702499420,13390654582
702499420,836253828
702499422,702499420
702499422,702499424
702499422,13390644543
13390654582,702499420
13390654582,13390654583
13390654582,1024987958
13390644543,702499422
13390644543,13390644544
13390644543,13390654580
702499433,702499424
702499523,702499426
702499523,1197002572
702499523,702499520
13377760343,1024862514
13377760343,13377760344
13377760343,702499426
1032159510,702499446
1032159510,702499481
1032159510,3489341890
1024987963,702499446
1024987963,1032159333
1032159237,702499448
1032159237,8463595213
1032159237,1032159510
1024987505,702499448
1024987505,5232649632
702499456,8463595219
702499456,8463595229
702499456,8463595234
8463595219,702499456
8463595219,8463595218
8463595219,8463595225
8463595229,702499456
8463595229,8463595230
8463595229,8463595224
8463595234,702499456
702499475,8463595215
702499475,702499481
702499475,2655015018
8463595215,702499475
8463595215,8463595225
8463595215,8463595217
702499481,11221580875
702499481,1032159510
702499481,702499475
2655015018,2655015022
2655015018,702499475
2655015018,2655015019
11221580875,702499481
11221580875,11221580869
11221580875,11221580870
702499494,11221580869
702499494,11221580854
702499494,11221580863
11221580869,11221580875
11221580869,702499494
11221580869,11221580864
11221580854,702499494
11221580863,702499494
1032159255,702499497
1032159255,7111038042
1032159255,5873786634
702499508,2654916700
702499508,2508189915
702499508,5873786648
2654916700,702499508
2654916700,5873786657
2654916700,2654916684
2508189915,702499508
2508189915,702499510
2508189915,5873786636
5873786648,5873786646
5873786648,702499508
5873786648,5873786650
702499510,2655015045
702499510,2508189915
702499510,13378368422
2655015045,702499510
2655015045,2655015046
2655015045,10011401887
13378368422,702499510
13378368422,702499527
13378368422,13378368424
702499518,10011401896
702499518,841812654
702499518,702499520
10011401896,702499518
10011401896,705940519
10011401896,10011401902
841812654,10011401887
841812654,702499518
841812654,705940519
702499520,1197002951
702499520,702499518
702499520,702499523
1197002951,702499520
1197002951,2508220940
1197002951,2508220960
1197002572,702499523
1197002572,1197010339
1197002572,1197009583
702499527,13378368422
702499531,1024863113
1024863113,8665305337
1024863113,702499531
1024863113,1024863187
702501329,5578079891
702501329,702501332
702501329,702501374
5578079891,702501329
5578079891,5578079890
5578079891,5578079888
702501332,702501329
702501332,5578079902
702501332,5578079907
702501374,4438247271
702501374,702501368
702501374,702501329
5578079902,702501332
5578079902,5578079898
5578079902,5578079895
5578079907,5578079908
5578079907,5578079905
5578079907,702501332
702501333,702501341
702501333,4438230885
702501333,727806743
702501341,11212240878
702501341,11212240873
702501341,702501345
702501341,702501333
727806743,727806739
727806743,727806841
727806743,727806720
727806743,702501333
11212240878,11212240881
11212240878,702501341
11212240878,11212240879
702501345,702501341
702501345,702501359
702501345,727806527
702501359,702501345
702501359,702501356
702501359,11212240876
702501346,702501349
702501346,703335685
702501346,4649083913
702501349,1025288666
702501349,4438230875
702501349,702501346
1025288666,702501350
1025288666,702501349
1025288666,4438230868
4438230875,702501349
702501350,1025288666
702501350,13390644538
702501350,4438230864
13390644538,4649083908
13390644538,13390644539
13390644538,702501350
4438230864,4438230843
4438230864,4438230843
4438230864,702501350
4649083908,702501353
4649083908,13390644538
4649083908,4649083907
702501356,11212240888
702501356,702501359
702501356,702501353
702501356,702501370
11212240888,702501356
11212240888,11212240889
11212240888,11212240886
702501370,2568866903
702501370,702501372
702501370,702501356
11212240876,11212240877
11212240876,702501366
11212240876,702501359
702501366,2568866896
702501366,11212240881
702501366,11212240876
2568866896,11212240886
2568866896,702501366
2568866896,2568866903
11212240881,702501366
11212240881,11212240878
11212240881,11212240880
702501368,2568866909
702501368,702501372
702501368,702501374
2568866909,5578079855
2568866909,702501368
2568866909,2568866903
702501372,702501370
702501372,4438247271
702501372,702501368
2568866903,702501370
2568866903,2568866909
2568866903,2568866896
4438247271,4438247273
4438247271,702501374
4438247271,702501372
703104690,1024987405
703104690,11155453150
703104690,1584080967
703104690,3897636754
1024987405,703104690
1024987405,1584080926
1024987405,1024988235
11155453150,11155453144
11155453150,11155453144
11155453150,703104690
1584080967,1584080926
1584080967,703104690
3897636754,703104690
3897636754,1024987661
3897636754,3897636742
3897636754,3897636736
703104718,1024987661
703104718,4449734964
703104718,1024987701
1024987661,7149710860
1024987661,703104718
1024987661,3897636754
4449734964,796327982
4449734964,12591880446
4449734964,703104718
1024987701,1024988147
1024987701,703104718
703310288,703310301
703310288,5001391965
703310288,6918466944
703310301,703310325
703310301,703310288
703310301,6918466793
5001391965,703310288
5001391965,5002907349
6918466944,6918466897
6918466944,703310288
6918466944,6918466936
703310325,703310336
703310325,703310301
703310325,5001493506
703310336,6918467018
703310336,703310325
703310336,1027194954
703310336,703334136
5001493506,703310325
1027194954,1024863427
1027194954,5000185062
1027194954,8195356103
1027194954,703310336
703334136,10073767470
703334136,1024863227
703334136,703310336
703334108,13351837949
703334108,703334102
703334108,13351837951
3489341796,1016123608
3489341796,703334102
3489341796,3489341804
13351837949,703334108
13351837949,13351837950
13351837949,13351837940
13351837951,703334108
703334135,10073767470
703334135,13153006914
703334135,1027127603
10073767470,703334136
10073767470,703334135
10073767470,11231249163
13153006914,1024863227
13153006914,703334135
13153006914,13153006910
1027127603,6918467000
1027127603,703334135
1027127603,11221563031
1024863227,13153006914
1024863227,1024862595
1024863227,703334136
12299190465,703335698
12299190465,703335682
12299190465,2122468434
1569484264,3063780250
1569484264,1569484299
1569484264,703335682
703335698,703335696
703335698,703335685
703335698,12299190465
703335688,703335692
703335692,703335696
703335692,703335696
703335692,703335688
703335696,703335698
703335696,703335692
703335696,703335692
704440121,704440072
704440121,13152954235
704440121,13152954230
704440073,841812651
704440073,896336714
704440073,896336531
841812651,10073767323
841812651,896336552
841812651,704440073
896336531,2655014997
896336531,2655014993
896336531,704440073
704440106,13380846794
704440106,2655015007
704440106,13380885203
13380846794,704440106
13380846794,13380885206
13380846794,13380893004
2655015007,841812661
2655015007,704440106
2655015007,2655015013
13380885203,704440106
13152954235,845060857
13152954235,704440121
13152954235,13152954230
704440131,3489341907
704440131,5000181451
704440131,3489341899
705940519,841812654
705940519,10011401889
705940519,10011401896
10011401889,10011401888
10011401889,705940519
10011401889,10073767444
10011401889,896336800
721399223,1569484705
721399223,721399388
721399223,727806569
721399223,721399333
1569484705,9242988752
1569484705,721399223
1569484705,1569484709
1569484705,2508716621
721399388,721399223
721399388,2122465045
721399388,1018661912
727806569,5054584954
727806569,727806739
727806569,721399223
721399333,836253834
721399333,727806739
721399333,721399223
721399283,721399293
721399283,1569484789
721399283,4846308147
721399293,721399283
721399293,721399471
721399293,836253836
1569484789,721399283
1569484789,9242988770
1569484789,2860767364
4846308147,4846308152
4846308147,721399283
4846308147,9242988751
721399471,721399605
721399471,721399293
721399471,836253823
836253836,721399646
836253836,836253823
836253836,721399293
836253834,4438247601
836253834,4438247597
836253834,1569484716
836253834,721399333
727806739,727806743
727806739,727806569
727806739,727806757
727806739,721399333
2122465045,721399388
2122465045,1818570416
2122465045,2508716621
1018661912,1802776979
1018661912,721399388
1018661912,1818567736
721399605,721399471
721399605,721399620
721399605,727806953
836253823,836253836
836253823,4438247610
836253823,721399471
721399568,721399578
721399568,721399678
721399568,727806996
721399578,721399590
721399578,721399568
721399578,727806996
721399678,721399568
721399678,2568866951
721399678,721399637
727806996,727807020
727806996,721399578
727806996,721399568
721399590,721399620
721399590,721399578
721399590,13390663392
721399620,920640407
721399620,721399605
721399620,721399590
13390663392,727806981
13390663392,721399590
13390663392,13390663394
727806953,727807028
727806953,721399605
727806953,727806940
920640407,721399620
920640407,11212240863
920640407,4438247598
721399634,721399637
721399637,721399634
721399637,4438247599
721399637,721399678
4438247599,721399637
4438247599,4438247605
4438247599,721399655
721399646,4438247598
721399646,4438247597
721399646,727806841
721399646,836253836
4438247598,920640407
4438247598,721399646
4438247598,4438247604
4438247597,721399646
4438247597,836253834
4438247597,4438247602
727806841,727806743
727806841,721399646
727806841,727806726
721399654,721399655
721399654,11212240865
721399654,727807032
721399655,721399654
721399655,4438247606
721399655,4438247599
11212240865,721399654
11212240865,11212240863
11212240865,11212240866
727807032,721399654
4438247606,721399655
2568866951,721399678
2568866951,727806730
2568866951,727806728
721399763,721399766
721399763,727806728
721399763,721399771
721399766,13580324221
721399766,721399763
721399766,721399822
721399766,13580324222
727806728,727806730
727806728,721399763
727806728,2568866951
721399771,727806809
721399771,5578081126
721399771,721399763
721399771,5578081128
13580324221,721399766
13580324221,13580324222
13580324221,2966748910
13580324221,13580324212
721399822,721399766
721399822,4438194767
721399822,13596464925
13580324222,721399766
13580324222,13580324221
13580324222,7502900068
727806809,727806812
727806809,721399771
727806809,727806736
5578081126,721399771
5578081128,721399771
4438194767,721399822
4438194767,13596453262
4438194767,13596464926
13596464925,13596464926
13596464925,13602882333
13596464925,721399822
721399847,5578079865
721399847,2568866937
721399847,727806330
5578079865,721399847
5578079865,5578079864
5578079865,721399861
2568866937,721399847
2568866937,13602882333
2568866937,727806302
727806330,13602488652
727806330,727806282
727806330,721399847
721399861,5578079878
721399861,2568866927
721399861,5578079865
5578079878,721399861
5578079878,5578079876
5578079878,13602488675
2568866927,727806326
2568866927,10234828023
2568866927,721399861
727806176,727806185
727806176,5578079919
727806176,4438144282
727806185,727806176
727806185,727806262
727806185,727806261
5578079919,727806176
4438144282,1569484794
4438144282,727806176
4438144282,1921983224
727806262,727806185
727806262,4438139515
727806262,727806264
727806261,727806185
727806261,727806260
727806261,727806272
727806209,1921983224
727806209,4438139523
727806209,1569484772
1921983224,727806209
1921983224,727806264
1921983224,4438144282
4438139523,4438139502
4438139523,4438139507
4438139523,727806209
1569484772,4438144283
1569484772,1569484794
1569484772,727806209
727806211,727806214
727806211,5578079910
727806211,4438139520
727806214,727806211
727806214,727806219
727806214,727806220
5578079910,727806211
4438139520,4438139502
4438139520,4438139491
4438139520,727806211
727806219,727806232
727806219,4438144283
727806219,727806214
727806220,5578079909
727806220,1018667145
727806220,727806214
727806220,4438139491
727806232,727806243
727806232,727806243
727806232,727806219
4438144283,727806219
4438144283,1569484772
4438144283,4438148289
5578079909,727806220
1018667145,727806220
4438139491,2508716626
4438139491,727806220
4438139491,4438139520
727806243,1818570323
727806243,727806232
727806243,727806232
1818570323,727806267
1818570323,727806243
1818570323,1818570416
1818570323,4438148289
727806244,5054530497
727806244,5054530494
727806244,2508716538
5054530497,727806244
5054530497,5054530496
5054530497,836253838
5054530494,13612885074
5054530494,727806244
5054530494,5054530495
2508716538,2508808889
2508716538,727806244
2508716538,896336898
727806247,1577776903
727806247,836253838
727806247,728630499
1577776903,727806247
1577776903,1577776884
1577776903,727806251
836253838,727806247
836253838,5054530497
836253838,728630636
728630499,13617148947
728630499,727806247
728630499,728630598
727806251,728630523
727806251,1577776903
727806251,727806252
728630523,727806251
728630523,4438148308
728630523,728630514
727806252,728630638
727806252,728630738
727806252,727806251
728630638,727806252
728630638,10928812701
728630638,13617166639
728630738,727806252
728630738,728630767
728630738,728630735
727806258,727806259
727806258,5578081121
727806258,1818570434
727806259,727806260
727806259,727806258
727806259,4438152073
5578081121,727806258
1818570434,1818570464
1818570434,1818570437
1818570434,727806258
727806260,727806261
727806260,727806259
727806260,727806271
4438152073,2122451870
4438152073,727806259
4438152073,4477479916
4438152073,1818570365
727806271,727806260
727806271,5578081122
727806271,1569484749
727806272,727806261
727806272,5578079920
727806272,4438148317
4438139515,727806262
4438139515,824787836
4438139515,4438139507
4438139515,4438152055
727806264,1921983224
727806264,727806262
727806264,4438139507
4438139507,824787772
4438139507,727806264
4438139507,4438139515
4438139507,4438139523
727806267,4438148308
727806267,1818570323
727806267,1818570420
727806267,1818570416
4438148308,728630523
4438148308,727806267
4438148308,4438148306
1818570420,727806267
1818570420,4477484337
1818570420,4438148306
1818570420,4438148289
1818570416,1818570323
1818570416,728630504
1818570416,2122465045
1818570416,727806267
5578081122,727806271
1569484749,727806271
1569484749,4438148318
1569484749,1818570464
5578079920,727806272
4438148317,4438148318
4438148317,727806272
4438148317,1569484794
727806279,13596453261
727806279,727806302
727806279,727806282
13596453261,727806279
13596453261,13596453263
13596453261,13580324212
727806302,13596453260
727806302,727806279
727806302,2568866937
727806282,727806279
727806282,13602488649
727806282,727806330
13602488649,727806282
13602488649,727806283
13602488649,13602488647
727806283,10234799916
727806283,13602488649
727806283,13602488646
10234799916,727806283
10234799916,11212240870
10234799916,10234828019
13602488646,727806326
13602488646,13602488647
13602488646,727806283
727806289,11212240870
727806289,2966749547
727806289,10234828018
11212240870,727806289
11212240870,10234799916
11212240870,11212240872
2966749547,727806293
2966749547,2966748916
2966749547,727806289
10234828018,13595772734
10234828018,10234828019
10234828018,727806289
727806293,2966749547
727806293,2568866923
727806293,1027194556
2568866923,727806293
2568866923,251557155
13596453260,13596464926
13596453260,727806302
13596453260,13596453263
727806326,2568866927
727806326,13602488646
727806326,13602488652
13602488652,727806330
13602488652,727806326
13602488652,13602488647
727806342,1114706725
1114706725,727806346
1114706725,727806342
1114706725,1105394186
727806346,727806348
727806346,1114706725
727806346,727806383
727806348,727806346
727806375,727806383
727806473,5054584947
727806473,727806383
727806473,13390635035
5054584947,5054584942
5054584947,727806473
5054584947,5054584945
13390635035,727806473
5054584954,727806569
5054584954,5054584953
5054584954,5054584957
727806587,727806646
727806587,727806657
727806587,5054584957
727806646,727806587
727806646,727806696
727806646,727806619
727806657,727806757
727806657,727806587
727806657,1105394186
5054584957,727806587
5054584957,5054584954
5054584957,5054584955
727806607,727806619
727806619,727806607
727806619,727806646
727806619,1105394186
1105394186,727806619
1105394186,727806657
1105394186,1114706725
727806720,727806767
727806720,727806726
727806720,727806743
727806767,727806720
727806767,727806812
727806767,5578079855
727806726,727806720
727806726,727806736
727806726,727806841
727806736,727806730
727806736,727806809
727806736,727806726
727806730,2568866951
727806730,727806728
727806730,727806736
727806812,727806767
727806812,727806809
727806812,727806821
5578079855,5578079898
5578079855,727806767
5578079855,2568866909
727806821,727806812
727806821,4438247589
727806821,4438247590
4438247589,727806821
4438247590,727806821
727806898,4438194778
4438194778,4438194779
4438194778,727806940
4438194778,727806898
727806940,727806981
727806940,4438194778
727806940,727806953
727806981,13390663392
727806981,727806940
727806981,727807020
727807028,727806953
727807028,4438247610
727807028,8795592932
727807020,727806981
727807020,727806996
727807020,727807030
727807003,9901756200
727807003,9901756198
727807003,4846308152
9901756200,727807003
9901756200,4846308152
9901756200,727807007
9901756198,727807003
9901756198,727807004
9901756198,4846304825
4846308152,4438247610
4846308152,9901756200
4846308152,727807003
4846308152,4846308147
727807004,727807007
727807004,4438247620
727807004,9901756198
727807007,727807009
727807007,727807004
727807007,9901756200
4438247620,727807004
4438247620,4438247621
4438247620,4438247613
727807009,727807007
727807009,13617148739
727807009,824787884
13617148739,8795592932
13617148739,727807009
13617148739,13617148740
727807030,727807020
4438247610,836253823
4438247610,727807028
4438247610,4846308152
8795592932,727807028
8795592932,13617148739
8795592932,13617148737
4438194889,727807036
4438194784,727807036
727807038,4438247623
727807038,8050792852
727807038,824787925
4438247623,727807038
4438247623,4438247624
4438247623,8050792853
8050792852,727807038
824787925,824787862
824787925,4438138079
824787925,727807038
727807046,4438247637
727807046,8050792857
727807046,4438247634
4438247637,727807046
4438247637,4438247639
4438247637,4438247638
8050792857,8050792855
8050792857,8050792858
8050792857,727807046
4438247634,8050792848
4438247634,727807046
4438247634,4438247631
727807052,4438194890
727807052,4438247638
727807052,8050792843
4438194890,8050792860
4438194890,727807052
4438194890,4438194892
4438247638,727807052
4438247638,4438247640
4438247638,4438247637
8050792843,727807052
8050792843,10662812711
8050792843,8050792844
727807054,8050792860
727807054,836253846
727807054,2811745352
8050792860,727807054
8050792860,4438194890
8050792860,8050792859
836253846,8050792859
836253846,727807054
836253846,4438194787
2811745352,9599257935
2811745352,727807054
2811745352,1510041909
727807056,8050792845
727807056,2504665999
727807056,1025680261
8050792845,8050792848
8050792845,727807056
8050792845,8050792847
2504665999,727807056
1025680261,4438138079
1025680261,727807056
1025680261,4438247621
727807062,10662812711
727807062,5578079915
727807062,824787824
10662812711,8050792843
10662812711,727807062
10662812711,10662812712
5578079915,727807062
824787824,4438247621
824787824,824787884
824787824,727807062
13617148947,728630499
13617148947,13617148948
13617148947,1802772570
728630598,728630596
728630598,728630499
728630598,728630587
728630504,728630514
728630504,1818569233
728630504,1818570416
728630514,728630523
728630514,1577776884
728630514,728630504
1818569233,2508716593
1818569233,1818567736
1818569233,728630504
1577776884,728630591
1577776884,1818566542
1577776884,1577776903
1577776884,728630514
728630562,728630570
728630562,728630650
728630562,1802776979
728630570,728630580
728630570,728630562
728630570,1818566542
728630650,728630562
728630650,2508716593
728630650,1818567736
1802776979,728630562
1802776979,1018661912
1802776979,1803022037
728630580,728630570
728630580,1803022037
728630580,728630587
1818566542,2508716593
1818566542,1577776884
1818566542,728630570
1803022037,728630580
1803022037,1802776979
1803022037,1802772572
728630587,728630582
728630587,728630598
728630587,728630580
728630582,4438329017
728630582,1802772570
728630582,728630587
4438329017,728630582
1802772570,1802772572
1802772570,728630582
1802772570,13617148947
728630591,1577776884
728630591,13361765279
728630591,728630596
728630591,13361765282
13361765279,728630591
13361765279,13361765280
13361765279,13361765278
728630596,728630598
728630596,13361765283
728630596,728630591
13361765282,728630591
13361765283,728630596
728630636,2508808936
728630636,13617114390
728630636,13617114385
728630636,836253838
2508808936,728630636
2508808936,2508808939
2508808936,2508808929
13617114390,13617149015
13617114390,728630636
13617114390,13617114392
13617114385,728630636
13617114385,13617166602
13617114385,13617114389
10928812701,13617166632
10928812701,728630638
10928812701,10928812702
13617166639,13617148983
13617166639,728630638
13617166639,13617166641
2508716593,1818569233
2508716593,1818566542
2508716593,728630650
1818567736,728630650
1818567736,1018661912
1818567736,1818569233
728630694,836253844
728630694,4649083919
728630694,1569484666
728630694,896336738
836253844,728630694
836253844,13617148949
836253844,13612885074
4649083919,728630694
4649083919,4649083918
4649083919,2508808889
1569484666,1569484674
1569484666,1569484635
1569484666,728630694
728630715,728630719
728630715,2122451870
728630715,4438218256
728630719,11478383913
728630719,728630722
728630719,728630715
2122451870,1818570364
2122451870,4438152073
2122451870,728630715
4438218256,728630715
4438218256,4438218285
4438218256,4438218262
11478383913,728630719
11478383913,11478383912
11478383913,4438218246
728630722,5054540883
728630722,728630719
728630722,9727654534
5054540883,5054540886
5054540883,728630722
5054540883,5054540885
9727654534,9727654536
9727654534,728630722
728630735,5054540886
728630735,728630738
728630735,8463594888
5054540886,728630735
5054540886,5054540883
5054540886,4438218248
8463594888,8463594889
8463594888,728630735
8463594888,4477484315
728630767,728630738
728630739,13617166632
728630739,10928812697
728630739,13617166656
728630739,13617166636
13617166632,728630739
13617166632,10928812701
13617166632,13617166641
10928812697,728630739
10928812697,10928812697
10928812697,10928812697
13617166656,13617166657
13617166656,13617166658
13617166656,728630739
13617166636,13617148968
13617166636,13617166638
13617166636,728630739
729807955,729808033
729807955,729807962
729807955,842070705
729808033,729807955
729808033,729807963
729808033,729808021
729807962,729807979
729807962,729807955
729807962,729807982
842070705,729807955
842070705,729808044
842070705,729825773
729807979,729807962
729807979,729807978
729807979,729807971
729807982,729808021
729807982,729807968
729807982,729807962
729807963,4999369939
729807963,729808033
729807963,729808021
4999369939,729807963
4999369939,4999369989
4999369939,4999369944
729808021,729807982
729808021,729807963
729808021,729808033
729807966,729807968
729807966,4999369989
729807966,4999369953
729807968,729807966
729807968,729807971
729807968,729807982
4999369989,729807966
4999369989,4999369939
4999369989,4999369949
4999369953,4999369954
4999369953,4999369955
4999369953,4999369949
4999369953,729807966
729807971,729807973
729807971,729807968
729807971,729807979
729807973,729807974
729807973,729807971
729807973,1017008492
729807974,729807973
729807974,729807978
729807974,1017008492
729807974,729808003
1017008492,3489341810
1017008492,729807974
1017008492,729807973
729807978,729808044
729807978,729807979
729807978,729807974
729808003,1017009943
729808003,729807974
729808003,1024987180
729808044,729807978
729808044,1032159848
729808044,842070705
1032159848,729808002
1032159848,729808044
1032159848,1024987180
5046627576,1027194874
5046627576,729808002
1017009943,3489341849
1017009943,1017011770
1017009943,729808003
729808008,3489341853
729808008,8733964573
729808008,3489341849
3489341853,3489341855
3489341853,729808008
3489341853,3489341838
1032159546,729825739
1032159546,729825738
1032159546,5176255684
1024987298,729825738
1024987298,1032160014
729825739,1032159546
729825739,729825755
729825739,729825744
729825755,729825762
729825755,729825762
729825755,729825739
729825744,729825739
729825744,729825762
729825744,2944264184
729825762,729825755
729825762,729825755
729825762,729825744
2944264184,729825773
2944264184,729825744
2944264184,2944266582
729825773,2944264184
729825773,842070705
729825773,1599231934
732923613,3163888862
732923613,732923611
3163888862,4983889581
3163888862,5040519788
732923625,732923613
732923628,3897588448
732923628,732923625
3897588448,732923807
3897588448,3897598571
732923711,3897588436
732923711,732923804
3897588436,732923803
3897588436,11770061935
732923804,4956887738
732923787,3521701228
732923787,2566468381
3521701228,3523002450
3521701228,4960422286
2566468381,5271764267
732923792,3521760200
732923792,732923789
3521760200,4960422299
3521760200,3901301566
732923803,3897588440
732923803,3163902068
3897588440,732923803
3897588440,3897588438
3897588440,3897588446
3163902068,3362459476
3163902068,732923803
4956887738,11770062249
4956887738,11770062251
732923807,3897588446
732923807,3163902470
3897588446,732923807
3897588446,3897588447
3897588446,3897588440
3163902470,3897598574
3163902470,732923807
732923812,3897586045
732923812,10253268926
732923812,3897586047
3897586045,3309825622
3897586045,3897586047
732923825,3163888862
732923825,732923611
732923842,3163887261
732923842,3897647545
3163887261,6432101332
3163887261,5040519786
3897647545,732923711
796293548,4454166444
796293548,6205753302
796293548,10110052359
4454166444,4454166438
4454166444,4454166438
4454166444,796293548
6205753302,796293548
6205753302,6205753194
6205753302,6205753301
10110052359,10050533726
10110052359,796293548
10110052359,6205753273
796327982,12591880445
796327982,4449734964
796327982,5231735114
12591880445,796327982
12591880445,12591880446
12591880445,2504666033
5231735114,5231735100
5231735114,796327982
5231735114,5231735078
796345357,8734085630
796345357,4955168736
796345357,10846732710
8734085630,796345357
8734085630,7933845608
8734085630,8734085621
4955168736,8734085614
4955168736,796345357
4955168736,8734085620
10846732710,10846732712
10846732710,10846732708
10846732710,4955168733
10846732710,796345357
796345372,5578006514
796345372,7502899732
796345372,8734085612
5578006514,796345372
5578006514,5578006515
5578006514,13570647649
7502899732,4872432058
7502899732,9599261333
7502899732,796345372
8734085612,4955168733
8734085612,13570647642
8734085612,796345372
796345436,10715828618
796345436,8397246281
796345436,9719974794
10715828618,796345436
10715828618,10009185603
10715828618,10715828608
8397246281,796345436
8397246281,10859807371
8397246281,9719974786
9719974794,9719974793
9719974794,7849934414
9719974794,796345436
796345458,4706296471
796345458,4706296475
796345458,2205908663
4706296471,6359839957
4706296471,796345458
4706296471,4706296469
4706296475,838030189
4706296475,796345458
4706296475,4706296473
2205908663,6207354307
2205908663,2205908740
2205908663,796345458
796345472,796345477
796345472,1534660488
796345472,1510041878
796345477,796345472
796345477,13603564213
796345477,796345482
1534660488,796345472
1534660488,2966746331
1534660488,3112399680
1534660488,2652168761
1510041878,1510041805
13603564213,796345477
13603564213,4397118166
13603564213,13603564215
796345482,2205908761
796345482,796345477
796345482,5578090173
2205908761,796345486
2205908761,796345482
2205908761,4397118151
5578090173,4497147315
5578090173,10887675601
5578090173,796345482
5578090173,10887675602
796345486,796345488
796345486,2205908761
796345486,4397118122
796345488,796345486
796345488,7933845607
796345488,13593741247
4397118122,796345486
7933845607,4955168502
7933845607,796345488
7933845607,7933845622
13593741247,13593741306
13593741247,796345488
13593741247,7933845632
796345497,4497147315
796345497,2966748912
796345497,13593741330
4497147315,5578090173
4497147315,796345497
4497147315,4497147318
2966748912,2966749545
2966748912,796345497
13593741330,796345497
13593741330,13593741323
13593741330,13593741323
823672740,823672784
823672740,4438324518
823672740,823673566
823672784,823673038
823672784,823672740
823672784,823673400
4438324518,823672740
823673566,823672740
823673566,823673211
823673566,823673038
823672750,823672971
823672750,823673230
823672750,823672801
823672971,823672750
823672971,823673445
823672971,11027951432
823673230,4438324517
823673230,823672750
823673230,823672807
823673230,4780566036
823672801,823673139
823672801,823673211
823672801,823672750
823672753,11793860040
823672753,823673403
823672753,831733051
11793860040,831732958
11793860040,823672753
11793860040,831732614
823673403,11793860013
823673403,823673436
823673403,823672753
831733051,823672753
831733051,831732752
831733051,3597699291
823672770,3597699288
823672770,823673179
823672770,823673673
3597699288,823672770
3597699288,3597699292
3597699288,4438224048
823673179,11793919217
823673179,823672770
823673179,9933069987
823673673,823672810
823673673,11793860065
823673673,823672770
823672773,823673651
823672773,823673356
823672773,11793860063
823672773,2507619423
823673651,823673211
823673651,823672773
823673651,11793860062
823673356,823672773
823673356,823673080
823673356,11793860064
11793860063,11793860064
11793860063,823673340
11793860063,823672773
2507619423,823673456
2507619423,823672773
2507619423,2507619380
823673038,823672784
823673038,823672807
823673038,823673566
823673400,823673641
823673400,823672784
823673400,2507619375
823673139,823672801
823673139,4780566042
823673139,823673648
823673211,823672801
823673211,823673651
823673211,823673566
823672807,823672975
823672807,823673038
823672807,823673230
823672975,823673467
823672975,11027951458
823672975,823672807
823672975,11027951432
11801964685,7475468673
11801964685,11801964706
11801964685,823672810
823672834,1015158168
823672834,823673074
823672834,3597699714
1015158168,823672834
1015158168,3594106861
1015158168,828166992
823673074,823672834
823673074,823673542
823673074,11673407036
3597699714,3594187371
3597699714,823673392
3597699714,823672834
823672841,824787785
823672841,10080202986
823672841,2652168731
823672841,13374197568
824787785,823672841
824787785,1018651536
824787785,824787895
10080202986,10080202982
10080202986,10080202982
10080202986,823672841
2652168731,8022105622
2652168731,823672841
2652168731,2652168737
13374197568,824787857
13374197568,13374197567
13374197568,823672841
823672860,823673593
823672860,823673593
823672860,823673641
823672860,823672944
823673593,823672860
823673593,823672860
823673593,823673204
823673641,823673400
823673641,823673581
823673641,823672860
823672944,10080202982
823672944,10080202992
823672944,823672860
823672890,4438324540
823672890,823673436
823672890,11793859998
4438324540,823672890
4438324540,4438324543
4438324540,823672940
823673436,4438324537
823673436,823673403
823673436,823672890
11793859998,11793859997
11793859998,823672890
11793859998,11793860014
823672892,2507619413
823672892,823673265
823672892,823673319
2507619413,823672892
2507619413,823673377
2507619413,2507619391
823673265,823672892
823673265,823673561
823673265,823673581
823673319,13390653665
823673319,823673516
823673319,823672892
823672899,823673467
823672899,2509158093
823672899,828179327
823673467,823672975
823673467,823672899
823673467,823673638
2509158093,823672899
2509158093,823673204
2509158093,4477476867
828179327,828179416
828179327,823672899
828179327,823673638
828179327,831631393
823672905,4438324539
823672905,4438324542
823672905,4438324541
4438324539,823672905
4438324539,4438324538
4438324539,823673217
4438324542,823672905
4438324541,823672905
823672940,823673495
823672940,4438324540
823672940,11673407044
823673495,823673025
823673495,823672940
823673495,8045139879
11673407044,830288828
11673407044,823672940
11673407044,11673407046
10080202982,10080202986
10080202982,10080202986
10080202982,823672944
10080202992,823672944
10080202992,10080202987
10080202992,10080202989
823672968,11673407029
823672968,823673025
823672968,828166880
11673407029,823672968
11673407029,11673407030
11673407029,823673542
823673025,823672968
823673025,823673495
823673025,828166880
828166880,3909073944
828166880,823673025
828166880,823672968
823673445,11793888592
823673445,831732978
823673445,823672971
11027951432,823672975
11027951432,823672971
11027951432,11027951442
11027951458,823673524
11027951458,823672975
11027951458,11027951442
823673011,7741470253
823673011,11801964599
823673011,11801964596
7741470253,11801884158
7741470253,823673011
7741470253,11801884161
11801964599,9014136946
11801964599,823673011
11801964599,11801964598
11801964596,9014136831
11801964596,11801964598
11801964596,823673011
823673057,4438247538
823673057,11835741279
823673057,4438247537
4438247538,823673193
4438247538,823673057
4438247538,11688427015
11835741279,823673057
11835741279,823673516
11835741279,11835741286
4438247537,1018651555
4438247537,823673057
4438247537,11688427012
823673542,823673392
823673542,823673074
823673542,11673407029
11673407036,5645741424
11673407036,823673074
11673407036,11673407030
823673080,7599604309
823673080,10052455718
823673080,823673315
823673080,823673356
7599604309,823673080
7599604309,830288912
7599604309,10052455722
10052455718,10052414713
10052455718,823673080
10052455718,10052455719
823673315,4438324535
823673315,823673080
823673315,823673414
823673093,11688427010
823673093,823673561
823673093,823673581
11688427010,823673093
11688427010,11688427014
11688427010,2652168737
823673561,823673193
823673561,823673093
823673561,823673265
823673581,823673093
823673581,823673265
823673581,823673641
4780566042,823673139
823673648,831732978
823673648,823673139
823673648,4780566038
11793919217,823673179
11793919217,9933069987
11793919217,831732740
9933069987,11793919217
9933069987,9933069983
9933069987,823673179
9933069987,9933069991
823673193,13390653661
823673193,823673561
823673193,4438247538
13390653661,13390653665
13390653661,823673193
13390653661,13390653662
823673204,823673593
823673204,2509158093
823673204,10080202995
10080202995,823673204
823673217,4438324537
823673217,823673600
823673217,4438324539
4438324537,823673436
4438324537,823673217
4438324537,4438324534
823673600,11793860062
823673600,823673217
823673600,823673223
823673600,831732958
823673223,10052414709
823673223,823673600
823673223,10052414708
10052414709,823673223
10052414709,10052414715
10052414709,10052414710
10052414708,823673223
4438324517,823673230
4780566036,823673230
4438324535,823673521
4438324535,823673315
4438324535,4438324536
823673414,823673315
823673414,823673422
823673414,823673516
13390653665,13390653661
13390653665,13390653666
13390653665,823673319
823673516,823673414
823673516,11835741279
823673516,823673319
823673340,11793860064
823673340,11793860062
823673340,11793860063
11793860064,823673340
11793860064,11793860063
11793860064,823673356
11793860062,823673600
11793860062,823673340
11793860062,823673651
823673347,8045139879
823673347,3909073949
823673347,8045139873
823673347,8045139875
823673347,8045139878
8045139879,8045139880
8045139879,823673347
8045139879,823673495
3909073949,3909073944
3909073949,823673347
3909073949,11368420975
8045139873,823673347
8045139875,823673347
8045139878,823673347
823673377,823673456
823673377,2507619413
823673377,823673422
823673456,2507619423
823673456,823673377
823673456,823673521
823673422,823673414
823673422,4438324532
823673422,823673377
823673392,823673542
823673392,3597699714
823673392,11368414151
11368414151,3909073944
11368414151,2860767373
11368414151,823673392
2507619375,2507619380
2507619375,2507619391
2507619375,823673400
11793860013,11793860014
11793860013,9933053486
11793860013,823673403
823673404,830288912
823673404,10052455720
823673404,4401460375
823673404,830288817
830288912,7599604309
830288912,823673404
830288912,10052455722
4401460375,823673404
4401460375,11673408580
4401460375,4401460376
830288817,823673404
830288817,2966751885
823673407,830288828
823673407,2966751899
823673407,11673407048
823673407,1600769051
830288828,11673407044
830288828,823673407
830288828,3362495807
2966751899,823673407
2966751899,3163902080
2966751899,3362459475
11673407048,823673407
11673407048,3163902062
11673407048,11673407046
1600769051,3897585965
1600769051,823673407
4438324532,823673422
11793888592,3597699292
11793888592,823673445
11793888592,11793888587
831732978,823673445
831732978,823673648
831732978,10146625642
823673521,4438324535
823673521,4438324533
823673521,823673456
4438324533,823673521
823673524,11793860065
823673524,11027951458
823673524,11793888587
11793860065,823673673
11793860065,823673524
11793860065,11793888571
11793888587,823673524
11793888587,11027951442
11793888587,11793888592
831732958,11793860040
831732958,831732614
831732958,823673600
4780566038,823673648
824787714,824787788
824787714,824787808
824787714,824787887
824787788,10080202981
824787788,824787714
824787788,824787805
824787808,824787714
824787808,824787857
824787808,824787923
824787808,824787790
824787887,824787857
824787887,824787834
824787887,824787714
824787722,824787750
824787722,2504665996
824787722,2966746266
824787750,824787722
824787750,824787741
824787750,824787790
2504665996,824787764
2504665996,824787722
2504665996,4438218504
2966746266,4438218504
2966746266,4438218502
2966746266,824787722
10080202987,824787724
10080202987,10080202988
10080202987,10080202992
824787805,824787788
824787805,824787748
824787805,824787724
824787741,2504666011
824787741,4438218504
824787741,824787750
824787741,824787764
2504666011,824787741
2504666011,1510041651
4438218504,824787741
4438218504,2966746266
4438218504,2504665996
824787764,2504665996
824787764,824787741
824787764,824787836
2504665976,2504665975
2504665976,824787748
2504665976,825160726
824787790,824787897
824787790,824787750
824787790,824791516
824787790,824787808
824787836,824787764
824787836,824787862
824787836,4438139515
824787772,824787862
824787772,4438139507
824787772,4438139502
824787862,824787925
824787862,824787836
824787862,824787772
4438139502,4438139523
4438139502,4438139520
4438139502,824787772
1018651536,1018651532
1018651536,8022105625
1018651536,824787785
824787895,824787785
824787895,824787897
824787895,824791504
10080202981,824787788
10080202981,1818571305
10080202981,10080202978
824787897,824791467
824787897,824787857
824787897,824787895
824787897,824787790
824791516,824791467
824791516,824791485
824791516,824787790
824787857,824787887
824787857,824787808
824787857,13374197568
824787857,824787897
824787923,824787808
824787923,4438218502
824787923,11835681709
4438247621,824787824
4438247621,4438247620
4438247621,1025680261
824787834,824787887
824791504,4438324530
824791504,824791497
824791504,824791467
824791504,824787895
824791467,824791504
824791467,824791516
824791467,824791487
824791467,824787897
4438218502,824787923
4438218502,2966746266
4438218502,4438152055
11835681709,11835681702
11835681709,824787923
11835681709,13617148635
4438138079,1025680261
4438138079,824787925
4438138079,4438138081
824791487,824791467
824791474,4438324530
4438324530,824791504
4438324530,824791474
4438324530,4438324531
824791485,824791516
824791497,1018651484
824791497,1018651532
824791497,824791504
1018651484,13383395490
1018651484,824791497
1018651484,1018651555
1018651532,824791497
1018651532,1018651536
1018651532,1018651545
825159164,825159430
825159164,825161248
825159164,4571908003
825159430,825161051
825159430,2421216778
825159430,825159164
825161248,4571908002
825161248,825159164
825161248,825160263
4571908003,825159164
825159219,8553883678
825159219,8553883693
825159219,3618353594
8553883678,8553883671
8553883678,825159219
8553883678,8553883692
8553883693,825159219
8553883693,2551272731
8553883693,11641383164
3618353594,825159219
3618353594,9864630735
3618353594,4537981960
825159244,825161333
825159244,825159485
825159244,1015187947
825161333,825159244
825161333,5465350659
825161333,12650117179
825161333,9393214457
825159485,825160302
825159485,1015188169
825159485,825159244
1015187947,1015188163
1015187947,825159244
1015187947,825160856
825159247,825159915
825159915,825160387
825159915,825161263
825159915,825159247
825159340,11835681672
11835681672,825159575
11835681672,11835681671
11835681672,825159340
825159363,825159999
825159363,825160435
825159363,825161253
825159999,825160535
825159999,825159363
825159999,11290798403
825159999,11290798405
825160435,825159363
825160435,1634583379
825160435,2642261794
825160435,5465350678
825161253,825160104
825161253,4497019837
825161253,825159363
825159403,825160767
825159403,11828040712
825159403,10146618703
825160767,11828040698
825160767,825159403
825160767,4438324489
11828040712,825159403
11828040712,10146618711
11828040712,4438323884
10146618703,10146618700
10146618703,825159403
10146618703,11835679746
825159427,825160885
825159427,6267619300
825159427,6329721889
825160885,825159427
825160885,1528034545
825160885,9393214417
6267619300,825159427
6267619300,6267619298
6267619300,6267619304
6329721889,5045085484
6329721889,825159427
6329721889,6329721667
825161051,825159430
825161051,1016736223
825161051,1016736223
825159470,1015188211
825159470,825159817
825159470,12286103895
1015188211,825160657
1015188211,825159470
1015188211,1105133970
825159817,2504299817
825159817,825159470
825159817,4571908057
12286103895,825159470
12286103895,2682017420
12286103895,12286103897
825159473,825161188
825159473,825160688
825159473,825159843
825161188,825159473
825160688,825160100
825160688,825159473
825160688,13404354735
825159843,4769559351
825159843,825159477
825159843,825159473
825159477,825160100
825159477,825160940
825159477,825159843
825160100,1018868491
825160100,825159477
825160100,825160688
825160302,825159485
825160302,9393214457
825160302,825160691
1015188169,1015187855
1015188169,825159485
1015188169,12729500689
825159575,11835681671
825159575,11835681672
825159575,825160348
11835681671,825159575
11835681671,11835681672
11835681671,11826157461
825160348,11835741085
825160348,825160726
825160348,825159575
1105134422,825160166
1105134422,825159594
1105134422,1105134647
4571908077,2421216848
4571908077,825159594
825159658,825160403
825159658,825160615
825159658,6474190772
825160403,825159658
825160403,2815912141
825160403,1601689472
825160615,825159658
6474190772,825160017
6474190772,825159658
6474190772,10541909102
825159758,2204456168
825159758,1015188056
825159758,1015188236
825159758,1015187895
2204456168,2204456173
2204456168,825159758
2204456168,2204456156
1015188056,825159758
1015188056,1015188236
1015188056,2860767371
1015188056,2421090110
1015188236,1015187857
1015188236,2566839012
1015188236,1015188056
1015188236,825159758
1015187895,1015188104
1015187895,825159758
1015187895,1015188020
2504299817,825159817
2504299817,2504299815
2504299817,5426232354
4571908057,1528034547
4571908057,12286103797
4571908057,825159817
4769559351,825159843
825159865,825159865
825159865,825159865
825159865,825160606
825160606,1568204824
825160606,825159865
825160606,825160330
825159869,825160732
825160732,825159869
825160732,11835741085
825160732,825160357
825160387,1601688505
825160387,825159915
825160387,2955011998
825161263,825159915
825161263,2955012000
825161263,1568204803
825159966,12178960118
825159966,2507986438
825159966,12178960072
12178960118,12178960074
12178960118,12178960120
12178960118,825159966
2507986438,2507986441
2507986438,2507986439
2507986438,825159966
12178960072,2507522586
12178960072,825159966
12178960072,12178960074
825160535,825159999
825160535,825160715
825160535,825160715
11290798403,825159999
11290798405,825159999
825160017,6474190772
825160017,10541893403
825160017,1601689472
825160044,825160823
825160823,825160044
825160823,825161239
825160823,5465350659
825160047,825160453
825160047,825160978
825160047,1568204824
825160453,4334367897
825160453,825160047
825160453,825160330
825160978,825160047
825160978,3616898321
825160978,1568204803
1568204824,825160606
1568204824,825160047
1568204824,4571908078
1568204824,1568204708
1018868491,825160100
1018868491,13404354737
1018868491,3618341796
825160104,825160715
825160104,825161239
825160104,825161253
825160715,825160535
825160715,825160535
825160715,825160104
825161239,825160823
825161239,825160104
825161239,825160856
825160166,1105134422
825160166,1018833853
825160166,1018833881
825160166,1018833811
1018833853,4571908051
1018833853,825160166
1018833853,1528034495
1018833881,1018833847
1018833881,1528034560
1018833881,825160166
1018833811,825160166
1018833811,1018833825
1018833811,4571908049
825160263,825161248
9393214457,825161333
9393214457,6260666309
9393214457,825160302
825160691,1528034545
825160691,825160302
825160691,825160572
825160307,3641302429
825160307,2955012000
825160307,3957124191
3641302429,825160307
2955012000,825160307
2955012000,825161263
2955012000,2955012002
3957124191,825160307
3957124191,3618341796
3957124191,3616245779
825160325,4769559348
4769559348,825160325
4769559348,825160940
4769559348,4769559350
825160330,825160606
825160330,831659951
825160330,825160453
831659951,825160330
831659951,1105133828
831659951,831659832
11835741085,825160732
11835741085,11835741086
11835741085,825160348
825160726,2504665976
825160726,825160348
825160726,2504665975
825160357,1818571305
825160357,825160732
825160357,7078553272
1818571305,11835681702
1818571305,825160357
1818571305,10080202981
7078553272,825160357
7078553272,9727654533
1601688505,825160387
1601688505,825160953
1601688505,1601688425
2955011998,2955011997
2955011998,2955011995
2955011998,825160387
2815912141,10933913990
2815912141,825160403
2815912141,1601689441
825160415,11147725598
825160415,11147725598
825160415,825161034
825160415,11147850329
11147725598,825160415
11147725598,825160415
11147725598,4769559340
825161034,9288123074
825161034,12178960157
825161034,2551313110
825161034,825160415
11147850329,4769559334
11147850329,4769559337
11147850329,825160415
1634583379,825160435
1634583379,1634583381
1634583379,825160624
2642261794,2642261803
2642261794,825160435
2642261794,4497019641
5465350678,5465350679
5465350678,5465350676
5465350678,825160435
4334367897,1568204828
4334367897,825160453
4334367897,4334367901
825160572,825160691
825160572,9393214440
825160572,6260666309
9393214440,9393214417
9393214440,1528034545
9393214440,825160572
6260666309,9393214457
6260666309,6260460377
6260666309,825160572
825160624,1634583379
825160624,1377226891
825160624,1015188206
1015188206,1634583357
1015188206,825160624
1015188206,825160856
825160645,4438323862
825160645,828179313
825160645,11826180728
4438323862,2508716608
4438323862,825160645
4438323862,11826180733
828179313,10146618705
828179313,825160645
828179313,4438323825
11826180728,825160645
11826180728,1603437161
11826180728,11826180731
825160657,2566839012
825160657,1015188211
825160657,2682017389
2566839012,1015188236
2566839012,825160657
2566839012,2566839020
2682017389,1015188097
2682017389,825160657
2682017389,2682017391
825160681,4954753770
825160681,4954753741
825160681,4954753737
4954753741,825160681
4954753741,8259598038
4954753741,4954753738
4954753737,6938271247
4954753737,6938271246
13404354735,13404354732
13404354735,13404354734
13404354735,825160688
1528034545,825160691
1528034545,12729500693
1528034545,825160885
1528034545,9393214440
2504665975,2504665979
2504665975,2504665976
2504665975,825160726
11828040698,825160767
11828040698,11828040699
11828040698,11835679749
4438324489,825160767
4438324489,825160959
4438324489,4438323884
825160818,9393214417
9393214417,825160818
9393214417,825160885
9393214417,9393214440
5465350659,5465350660
5465350659,825161333
5465350659,825160823
825160856,825161239
825160856,2566839207
825160856,1015187947
825160856,1015188206
2566839207,2204456170
2566839207,2566839209
2566839207,825160856
825160933,12650117171
825160933,1467247179
825160933,12316092872
12650117171,825160933
12650117171,12650117167
12650117171,12650117176
1467247179,12650117177
1467247179,12097792147
1467247179,825160933
12316092872,825160933
12316092872,12316092879
12316092872,12316092874
825160953,4571908076
825160953,1601688505
825160953,2955096418
825160953,2421216444
4571908076,825160953
4571908076,3616245819
2955096418,3641302420
2955096418,831732719
2955096418,825160953
825160959,825161385
825160959,4438323810
825160959,4438324489
4438323810,4438323848
4438323810,825160959
4438323810,825161047
3616898321,825160978
3616898321,4569410672
3616898321,3618333794
3616898321,12222032001
1568204803,825160978
1568204803,1568204708
1568204803,3616245803
1568204803,825161263
9288123074,9288123062
9288123074,825161034
9288123074,12180011567
12178960157,825161034
12178960157,4496967359
12178960157,12178960167
2551313110,825161034
2551313110,9529772967
2551313110,4769512767
825161045,11835679749
825161045,11828040685
825161045,11835679751
11835679749,825161045
11835679749,11828040698
11835679749,11835679746
11828040685,831631393
11828040685,825161045
11828040685,11828040689
11835679751,1515977690
11835679751,825161045
11835679751,11835679746
825161047,11826157461
825161047,4438323810
825161047,10857959271
11826157461,11835681671
11826157461,825161047
11826157461,11826157465
10857959271,825161047
10857959271,10541944245
10857959271,11826157460
1016736223,825161051
1016736223,825161051
1016736223,1016736080
4571908002,825161248
4497019837,825161253
4497019837,4497019641
4497019837,4497019809
12650117179,1751868930
12650117179,825161333
12650117179,12650117185
4477476867,831631393
4477476867,825161385
4477476867,2509158093
825189198,2513660295
825189198,825189537
825189198,825189332
2513660295,825189198
2513660295,2513660296
825189537,825189198
825189537,825189352
825189332,825189198
825189332,2836736552
825189332,825189352
825189214,8480832137
825189214,2836516397
825189214,825189342
8480832137,8480832131
8480832137,825189214
8480832137,2836516397
2836516397,7134993422
2836516397,3652906999
2836516397,2836516391
2836516397,8480832137
2836516397,825189214
825189342,10573005264
825189342,4724596607
825189342,825189214
825189322,2915139878
825189322,2836516841
825189322,8335669864
2915139878,2915139875
2915139878,4724593334
2915139878,825189322
2836516841,8335669870
2836516841,2836516838
2836516841,825189322
8335669864,2213510312
8335669864,3923833929
8335669864,825189322
2836736552,2836736553
2836736552,825189332
2836736552,9866724089
825189352,4724596607
825189352,825189537
825189352,825189332
10573005264,10573005272
10573005264,825189342
10573005264,2836736585
4724596607,4724596608
4724596607,825189342
4724596607,825189352
825189350,825189555
825189350,8335669865
825189350,8501591492
825189555,825189350
825189555,2566715530
825189555,3652906999
8335669865,8335669870
8335669865,825189350
8335669865,2836516815
8501591492,825189350
8501591492,8501591497
8501591492,8501591497
825189455,4532944325
825189455,10570555648
825189455,2614944182
4532944325,825189455
4532944325,10270062355
4532944325,2467287135
2614944182,253942089
2614944182,825189455
2566715530,1049632046
2566715530,825189555
2566715530,4396220107
3652906999,10298648404
3652906999,2836516397
3652906999,825189555
825449591,825449598
825449591,2618929631
825449591,5645737683
825449598,825449591
825449598,4401542971
825449598,2507522586
2618929631,825449591
2618929631,4954753777
2618929631,2507522586
5645737683,5645737686
5645737683,825449591
5645737683,5645737685
4401542971,825449598
4401542971,4401542971
4401542971,4401542971
2507522586,12178960072
2507522586,825449598
2507522586,2618929631
825505075,1015094720
825505075,10719101874
825505075,5843651837
1015094720,825505075
1015094720,5843699784
1015094720,12037851901
10719101874,825505075
10719101874,1021993649
10719101874,10719101875
5843651837,5843651834
5843651837,10719137127
5843651837,825505075
826769244,826769383
826769244,826769853
826769383,4610033221
826769383,826769244
826769383,826769853
826769853,826769244
826769853,2147722966
826769853,826769383
12987642185,826769302
12987642185,13173228887
13173228886,13173228887
13173228886,826769302
13173228886,13173228888
826769883,826769302
826769883,826769337
826769883,826769652
826769337,826769883
826769337,826769956
826769337,12525932276
826769956,4549705255
826769956,826769354
826769956,826769337
826769354,826769838
826769354,826769956
826769354,826769652
826769838,826769354
826769652,826769891
826769652,826769883
826769652,826769354
826769652,2244844777
4610033221,826769383
4610033221,9995886570
4610033221,4610033218
2244844777,2244845250
2244844777,826769652
2244844777,10175412144
826769790,9995886570
826769790,2567121253
9995886570,12987642155
9995886570,4610033221
2567121253,2567121255
2567121253,8736028859
2567121253,4610033218
2567121253,826769790
2147722966,12987642148
2147722966,2147723039
2147722966,826769853
2147722966,2147722984
9998266309,1520685982
9998266309,1849099835
9998266309,826769891
826769913,12987642186
826769913,13173228888
826769913,2567121255
12987642186,826769913
12987642186,12987642157
13173228888,13173228889
13173228888,13173228886
13173228888,826769913
2567121255,2567121253
2567121255,1520648889
2567121255,826769913
4549705255,826769956
3909073944,828166880
3909073944,11368414151
3909073944,3909073949
828166884,828166953
828166884,10933940604
828166884,3897585982
828166884,1600769077
828166953,11329636994
828166953,828166884
828166953,10933940603
10933940604,828166884
10933940604,828166967
10933940604,10933940603
3897585982,828166884
3897585982,1025495812
1600769077,3897585975
1600769077,828166884
828166891,3594106861
828166891,3594187342
828166891,3594187370
3594106861,828166891
3594106861,3594106865
3594106861,1015158168
3594187342,828166891
3594187342,3594187354
3594187342,828166923
3594187370,828166891
3594187370,3594187369
3594187370,3594187371
3594187370,3594106887
828166899,1515446187
828166899,11517427620
828166899,828167090
828166899,1520815733
1515446187,829209331
1515446187,828166899
1515446187,1515446113
11517427620,828166899
11517427620,828166999
11517427620,11517427626
828167090,13061858351
828167090,828167028
828167090,828166899
1520815733,828167044
1520815733,11517411688
1520815733,828166899
828166904,11329828674
828166904,11329637070
828166904,2551268404
11329828674,11329828617
11329828674,828166904
11329828674,11329828675
11329637070,11329828624
11329637070,828166904
11329637070,11329637072
2551268404,828166904
2551268404,4334399925
2551268404,11132627330
828166907,10703798146
828166907,828167075
828166907,12101401669
10703798146,828166907
10703798146,12101401670
10703798146,12101401671
828167075,828166908
828167075,828166907
828167075,828167053
12101401669,12101401670
12101401669,828166907
12101401669,10703798147
828166908,828167075
828166908,4954753703
4954753703,4954753725
828166912,828166929
828166912,3594187363
828166912,3594187365
828166912,3594187599
828166929,828166923
828166929,828166912
828166929,3594187339
3594187363,828166912
3594187363,3594187358
3594187363,3594187368
3594187363,828166979
3594187365,828166912
3594187365,3594187384
3594187365,3594187354
3594187599,3594187609
3594187599,3594187600
3594187599,3594187598
3594187599,828166912
828166914,828166967
828166914,4691276000
828166967,828166914
828166967,1025495646
828166967,10933940604
828166967,1025495669
4691276000,4616694346
4691276000,4691113222
828167081,9933053478
828167081,828166917
828167081,828166923
828166979,2551268387
828166979,3594187363
828166979,3960182800
828166979,828166917
828166920,11793865011
828166920,11793865054
828166920,828166988
828166920,9933053500
11793865011,828167043
11793865011,828166920
11793865011,11793865013
11793865054,828166920
11793865054,831732752
11793865054,5645741422
828166988,5206763302
828166988,831732740
828166988,828166920
9933053500,5645741424
9933053500,828166920
9933053500,9933053493
828166922,11793865016
828166922,828167043
828166922,11793860856
11793865016,828166922
11793865016,11793865017
11793865016,11793865014
828167043,11793865011
828167043,828166922
828167043,11793865013
11793860856,828166922
11793860856,11793865017
11793860856,11793860832
828166923,828166929
828166923,3594187342
828166923,828167081
828166927,12095770477
828166927,9213258518
828166927,1025410285
12095770477,9213250416
12095770477,828166927
12095770477,12095770479
9213258518,12090984453
9213258518,12094776830
9213258518,828166927
1025410285,12095796963
1025410285,12095796721
1025410285,828166927
3594187339,828166929
3594187339,3594187338
3594187339,3594187337
828166932,7599637048
828166932,7599637053
828166932,11329636988
7599637048,11329636809
7599637048,828166932
7599637048,7599637044
7599637053,828166932
7599637053,11329636994
7599637053,7599637049
11329636988,828166932
11329636988,11329636800
11329636988,11329636989
828166937,10674201892
828166937,828166978
828166937,10674201858
10674201892,10674201895
10674201892,828166937
10674201892,10674201900
828166978,828166937
828166978,10674201887
828166978,10674201866
10674201858,10674201896
10674201858,828166937
10674201858,10674201859
828166941,828166980
828166941,533996500
828166980,828167037
828166980,828166941
828166980,1025495694
828166980,1109425293
11793860832,11793860856
11793860832,828166952
11793860832,11793860863
5645741440,828166952
5645741440,9933053478
5645741440,9933053493
11329636994,7599637053
11329636994,828166953
11329636994,11329636995
10933940603,828166914
10933940603,10933940604
828166963,12033277859
828166963,4294558978
828166963,12114523092
12033277859,10669009853
12033277859,828166963
12033277859,10669009854
4294558978,828166963
4294558978,12033277843
4294558978,10669009874
12114523092,12033277838
12114523092,828166963
12114523092,12114523093
1025495646,10669009877
1025495646,828166967
1025495646,3897585982
10674201887,828166978
10674201887,10674201875
10674201887,10674201885
10674201866,828166978
2551268387,828166979
2551268387,11368414109
2551268387,4334399925
3960182800,3960182811
3960182800,828166979
3960182800,4087126198
828167037,828166980
828167037,1025495718
828167037,828166999
828167037,4479803751
1025495694,1025495718
1025495694,828166980
1025495694,10674201903
5206763302,831732752
5206763302,828166988
5206763302,3597699291
828166989,11793865013
11793865013,828166989
11793865013,828167043
11793865013,11793865014
11793865013,11793865011
828166992,1015158168
828166996,8531289079
828166996,1634567705
828166996,10703796480
8531289079,828166996
8531289079,828167053
8531289079,10703796483
1634567705,10703798109
1634567705,828166996
1634567705,10703798143
10703796480,10703796478
10703796480,10703796479
10703796480,828166996
828166999,828166941
828166999,11517427620
828166999,828167037
828167003,5206769626
828167003,11329645606
828167003,11329828716
5206769626,828167003
5206769626,11329645601
5206769626,3616198584
11329645606,828167003
11329645606,11329828706
11329645606,11329645604
11329828716,11329828772
11329828716,11329828717
11329828716,828167003
828167014,11329645570
828167014,1515974695
828167014,11329628348
828167014,11329628355
11329645570,11329645580
11329645570,828167014
11329645570,11329645573
1515974695,11621927317
1515974695,3616199498
1515974695,828167014
11329628348,828167014
11329628355,828167014
828167019,6975364761
828167019,12090987774
828167019,6975364756
6975364761,12090987736
6975364761,828167019
6975364761,6975364762
12090987774,828167019
12090987774,12090987776
12090987774,12090987775
6975364756,828167019
6975364756,6975364760
6975364756,6975364759
11614928461,11614928462
11614928461,828167028
11614928461,11614928464
1025495718,828167037
1025495718,12085970213
4479803751,828167037
4479803751,4479813450
828167040,11329637011
828167040,11329636855
828167040,10614016417
828167040,11132627350
11329637011,11329637008
11329637011,828167040
11329637011,11329637012
11329637011,11329637013
11329636855,828167040
11329636855,11329636847
11329636855,11329636853
10614016417,828167040
10614016417,10614016419
10614016417,4334399930
11132627350,11132627351
11132627350,828167040
11132627350,10614016415
9288468645,9288468538
9288468645,828167044
9288468645,9288468633
10933940601,1515974713
10933940601,11412841280
11412841273,11412766961
11412841273,11412766961
11412841273,828167047
828167053,8531289079
828167053,8531289076
828167053,828167075
828167053,12097792141
8531289076,8531289088
8531289076,10703796481
8531289076,828167053
12097792141,8531289093
12097792141,12097792142
12097792141,828167053
828167058,11329828682
828167058,11329828627
828167058,11329828598
11329828682,11329828684
11329828682,828167058
11329828682,11329828683
11329828627,828167058
11329828627,11329828628
11329828627,11329828672
11329828598,11329818042
11329828598,11329828599
11329828598,828167058
828167065,11132627338
828167065,11329828587
828167065,11329828616
11132627338,11329828617
11132627338,11132627348
11132627338,828167065
11329828587,11329828589
11329828587,11329828588
11329828587,828167065
11329828616,828167065
828167070,10674237415
828167070,10674201896
828167070,10674201903
828167070,12094776886
10674237415,828167070
10674237415,10674237408
10674237415,10674237414
10674201896,828167070
10674201896,10674201858
10674201896,10674201898
10674201903,828167070
10674201903,1025495694
10674201903,10674201901
12094776886,828167070
12094776886,4396419470
12094776886,10674237420
9933053478,828167081
9933053478,5645741440
9933053478,9933053485
828179302,2508809001
828179302,2508808975
828179302,8665305329
2508809001,2508809002
2508809001,2508809000
2508809001,828179302
2508808975,2508809000
2508808975,828179393
2508808975,828179302
8665305329,8665305330
8665305329,828179302
8665305329,2508808987
10146618705,11828040819
10146618705,828179313
10146618705,10146618706
4438323825,828179413
4438323825,4438323835
4438323825,828179313
828179416,828179327
831631393,4477476867
831631393,828179327
831631393,11828040685
828179334,828179413
828179334,12114425951
828179413,4438323825
828179413,1603437161
828179413,828179334
12114425951,828179334
828179365,828179417
828179365,4121312008
828179365,4438323835
828179417,828179334
828179417,12114425951
4438323835,828179365
4438323835,4438323849
4438323835,4438323825
828179393,2508808975
828179393,1601695080
828179393,828179430
1601695080,1601695081
1601695080,5012466357
1601695080,828179393
828179430,2508809000
828179430,10604258234
828179430,828179393
828179411,1568204537
828179411,3259831179
828179411,10311656552
828179411,12377445756
1568204537,828179411
1568204537,12377445757
1568204537,9727654538
3259831179,6975364748
3259831179,6166199543
3259831179,828179411
10311656552,3259831205
10311656552,828179411
10311656552,9719988840
12377445756,7077982623
12377445756,12377445757
12377445756,828179411
1603437161,828179413
1603437161,11826180728
1603437161,11826180762
1603437161,11826180721
828179428,4764722770
2508809000,2508809001
2508809000,828179430
2508809000,2508808975
10604258234,828179430
10604258234,4600003518
10604258234,5012466355
829209124,1515446154
829209124,1515446152
829209124,1515446182
829209124,11614910237
1515446154,11614910238
1515446154,829209124
1515446154,1515446146
1515446152,829209124
1515446152,1515446113
1515446152,1515446146
1515446182,1515446191
1515446182,1515446113
1515446182,829209124
11614910237,829209356
11614910237,11614910238
11614910237,829209124
829209152,11627254588
829209152,11627254590
829209152,11627254615
11627254588,829209264
11627254588,829209152
11627254588,11627254589
11627254590,829209152
11627254615,829209152
11627254615,11627254623
11627254615,11627254626
829209175,1515477205
829209175,829209264
829209175,2503821936
1515477205,829209175
1515477205,1515477245
1515477205,829209231
829209264,829209175
829209264,11627254588
829209264,11627254587
2503821936,829209506
2503821936,2503821929
2503821936,829209175
829209202,1025495838
829209202,829209485
829209202,829209575
1025495838,1025495731
1025495838,829209202
1025495838,1025495634
829209485,829209202
829209485,829209577
829209485,1025495892
829209575,829209202
829209575,829209506
829209575,1025495926
829209231,11627254531
829209231,1515477205
829209231,11627254632
11627254531,829209231
11627254531,9226037694
11627254531,11627254533
11627254531,11627254535
11627254632,1515477245
11627254632,1515477245
11627254632,829209231
829209236,829209356
829209236,11614910238
829209236,11614910264
829209236,11614910239
829209356,829209236
829209356,11614910237
829209356,11614910230
11614910238,829209236
11614910238,1515446154
11614910238,11614910237
11614910264,11614910263
11614910264,1515446146
11614910264,829209236
11614910239,11614910231
11614910239,11614910230
11614910239,829209236
11627254587,829209264
829209314,9226037695
829209314,9226037688
829209314,11627244664
9226037695,9226037694
9226037695,829209314
9226037695,9226037698
9226037688,829209314
9226037688,11627244656
9226037688,11627244656
11627244664,829209314
829209331,1515446187
829209331,11561145025
829209331,13061858349
11561145025,1515446124
11561145025,829209331
11561145025,11561145026
13061858349,1515446150
13061858349,829209331
13061858349,13061858351
11614910230,11614910239
11614910230,829209356
11614910230,11614910224
11614928444,829209426
11614928444,1025495937
11614928444,11614928445
6975364749,11614928449
6975364749,11614928448
6975364749,829209426
829209577,1025495937
829209577,829209485
829209577,1025495634
829209506,2503821936
829209506,829209575
829209506,1025495834
829209506,11614931280
1025495834,829209506
1025495834,1025495715
1025495834,1025495650
11614931280,829209506
11614931280,1025495731
11614931280,11614931283
1025495926,1025495892
1025495926,6687306410
1025495926,829209575
1025495937,11614928444
1025495937,829209577
1025495937,12088563769
1025495634,1025495838
1025495634,1025495908
1025495634,829209577
829529021,4710845039
829529021,4710845043
829529021,4710845024
4710845039,829529021
4710845039,12087892008
4710845039,4710845043
4710845043,829529021
4710845043,8252011036
4710845043,4710845039
4710845024,829529021
829529117,829529024
829529117,4294558954
829529117,829529081
12114541200,829529024
12114541200,12114541201
12114541200,829529071
829529030,12085970569
829529030,12085964941
829529030,8613507700
12085970569,12085970545
12085970569,829529030
12085970569,12085970572
12085964941,829529030
12085964941,12085964950
12085964941,12085964952
8613507700,12087936076
8613507700,829529030
8613507700,8613507695
11673408579,830288912
11673408579,11673408580
1018651527,2652168774
1018651527,829529047
1018651527,13383395490
829529056,829529126
829529056,2966751895
829529056,11835734544
829529056,2652168764
829529126,829529056
829529126,11835734543
2966751895,829529056
2966751895,2504666031
2966751895,1510041553
11835734544,11835734545
11835734544,11835734543
11835734544,9447366056
11835734544,829529056
2652168764,829529056
2652168764,1510041907
829529067,12087936138
829529067,8252011732
12087936138,12087936139
12087936138,829529067
12087936138,10253268926
8252011732,3309825562
8252011732,12087915618
8252011732,829529067
829529071,12114541200
829529074,12087891866
829529074,12087891791
829529074,12087891815
12087891866,12087891858
12087891866,829529074
12087891866,12087891864
12087891791,829529074
12087891791,4737214520
12087891791,12087891792
12087891815,12087891822
12087891815,829529074
12087891815,12087891829
829529077,4737214528
829529077,4710845070
829529077,4710845071
4737214528,829529077
4737214528,12087891858
4737214528,4737214524
4710845070,12087891907
4710845070,4710845066
4710845070,829529077
4710845071,829529077
829529081,829529117
829529085,4710845066
829529085,12087892148
829529085,12087892150
4710845066,829529085
4710845066,4710845061
4710845066,4710845070
12087892148,12087892121
12087892148,829529085
12087892148,12087892149
12087892150,4710845064
12087892150,829529085
12087892150,12087892149
829529095,4710845035
829529095,12087892049
829529095,4710845026
4710845035,829529095
4710845035,4710845036
4710845035,4710845034
12087892049,829529095
12087892049,4710845029
12087892049,12087892050
4710845026,4710845025
4710845026,829529095
4710845026,4710845037
829529099,10875587553
829529099,4710845017
829529099,12083997060
10875587553,10875587561
10875587553,829529099
10875587553,12083996961
4710845017,829529099
4710845017,12083997068
4710845017,4710845018
8252011737,829529123
8252011737,8252011733
8252011737,8252011736
12087870648,12085981528
12087870648,829529123
12087870648,12085981529
11835734543,829529047
11835734543,11835734544
2966751885,4401460376
2966751885,7502786100
3362495807,3897585954
10052455722,3897585906
10052455722,10052455720
10052455722,7599604309
830986286,11387421568
830986286,11387421549
830986286,11412766912
830986286,1515974609
11387421568,11387421547
11387421568,830986286
11387421568,11387421569
11387421549,830986286
11387421549,11387421576
11387421549,11387421547
11412766912,830986286
11412766912,11412766919
11412766912,11412766914
1515974609,1568205010
1515974609,1568204896
1515974609,830986286
830986288,11387421540
830986288,11387380409
830986288,11387380412
11387421540,830986288
11387421540,11387421547
11387421540,11387421576
11387380409,11387380385
11387380409,830986288
11387380409,11387380411
11387380412,830986288
11387380412,11387380417
11387380412,11387380416
830986289,11387380374
830986289,11387380373
830986289,11387380380
11387380374,830986289
11387380374,8162798845
11387380374,11387380375
11387380373,830986289
11387380380,830986289
831631268,9226037668
831631268,4401543002
831631268,3770153069
9226037668,831631268
9226037668,3775114863
9226037668,9226037669
4401543002,6192601620
4401543002,831631268
4401543002,4401542999
831631286,831631428
831631286,831631311
831631286,831631816
831631428,831631286
831631428,831631315
831631428,831631556
831631311,831760973
831631311,831631286
831631311,831631556
831631816,831631721
831631816,831631286
831631816,831631599
831760973,831631311
831760973,3627814595
831760973,2507522723
831631556,831631428
831631556,831631837
831631556,831631311
831631315,831631428
831631315,831631522
831631315,831631644
831631315,831631414
831631522,831631315
831631522,831631812
831631522,831631857
831631644,831631315
831631644,831631583
831631644,831631723
831631414,831631837
831631414,831631812
831631414,831631315
831631320,831631870
831631320,831631591
831631320,831631658
831631870,831631320
831631870,831631706
831631870,831631599
831631591,831631320
831631658,831631320
831631658,831631380
831631658,831631706
831631323,3616904722
831631323,831631858
831631323,12310225756
3616904722,831631424
3616904722,831631323
3616904722,12310225756
831631858,831631323
831631858,12310263430
831631858,831631725
12310225756,12310225755
12310225756,3616904722
12310225756,12222032029
831631339,5322796964
831631339,252408454
5322796964,831631339
5322796964,5322796965
5322796964,5322796938
831631353,12310240283
831631353,12230194500
831631353,831659918
831631353,2204345212
12310240283,12310240302
12310240283,831631353
12310240283,12310240286
12230194500,12249854242
12230194500,831631353
12230194500,12230201607
831659918,12310240269
831659918,831631353
831659918,831659916
2204345212,831659748
2204345212,831631353
2204345212,831631488
831631380,831631517
831631380,831631658
831631380,1025495751
831631517,831631380
831631517,831631706
831631517,2507522714
1025495751,831631380
1025495751,1025495699
1025495751,4713940062
831631383,12178934015
831631383,831631746
831631383,5407038134
12178934015,831631383
12178934015,12178934033
12178934015,12178934012
831631746,2507522723
831631746,831631383
831631746,2507522725
5407038134,5407038132
5407038134,831631383
5407038134,5407038135
831631397,3202307356
831631397,2507986452
831631397,3770153069
3202307356,9226037679
3202307356,831631397
3202307356,3202307358
2507986452,11641409732
2507986452,4401542997
2507986452,831631397
831631837,2507522725
831631837,831631414
831631837,831631556
831631812,831631414
831631812,831631857
831631812,831631522
831631424,12222032010
831631424,12310225760
831631424,3616904722
12222032010,5446678571
12222032010,831631424
12222032010,12310225755
12310225760,831631725
12310225760,831631424
831631442,831631599
831631599,831631442
831631599,831631870
831631599,831631583
831631599,831631816
831631464,12178934052
831631464,1109426271
831631464,5322796952
5322796952,831631596
5322796952,2566839132
5322796952,831631464
831631488,831659852
831631488,4571908041
831631488,2204345212
831631488,12202486666
831659852,831659762
831659852,831631488
831659852,831659832
4571908041,831631488
4571908041,2504348494
4571908041,12202486670
12202486666,831631488
12202486666,1016736194
12202486666,12202486670
831631515,3622557152
831631515,831631776
831631515,831631835
3622557152,831631829
3622557152,831631515
3622557152,3622557156
831631776,831631515
831631835,3775114864
831631835,831631515
831631835,831631798
831631706,831631517
831631706,831631870
831631706,831631658
2507522714,5407038139
2507522714,831631517
2507522714,3622560769
831631857,831631812
831631857,12178934052
831631857,831631522
831631583,831631749
831631583,831631599
831631583,831631644
831631749,831631583
831631596,5322796952
831631596,831760965
831631596,2566839129
831760965,12178934101
831760965,831631596
831760965,12178895700
2566839129,2566839090
2566839129,2566839110
831631601,1018825501
831631601,1018825498
831631601,12310225759
1018825501,8089607362
1018825501,831631601
1018825501,12310225772
1018825498,831631601
1018825498,1528075875
1018825498,12310225771
12310225759,831631601
12310225759,1105134102
12310225759,12310225740
831631624,831631810
831631624,12194068994
831631624,3627803213
831631810,12202471759
831631810,831631624
831631810,3622560769
12194068994,12194068967
12194068994,12194068995
12194068994,831631624
3627803213,3901856144
3627803213,831631624
3627803213,3627802850
831631628,2204345201
2204345201,831631628
2204345201,2204345113
2204345201,5413059206
831631641,5407038144
831631641,831631721
831631641,5407038136
831631641,5407038143
5407038144,5407038141
5407038144,831631641
5407038144,5407038145
831631721,831631641
831631721,831631816
831631721,3627814595
5407038136,831631641
5407038143,831631641
831631698,5407038132
5407038132,831631698
5407038132,5407038134
5407038132,5407038133
831631702,831631800
831631702,11826135294
831631702,11826135294
831631800,8553883660
831631800,5271818878
831631800,831631702
11826135294,831631702
11826135294,831631702
11826135294,11826135310
3627814595,831760973
3627814595,12202471759
3627814595,831631721
11614928435,1109424803
11614928435,11614928436
11614928435,831631723
831631725,12310225760
831631725,1161012989
831631725,831631858
1161012989,1161012642
1161012989,1161012350
1161012989,831631725
2507522723,831631746
2507522723,2507522724
2507522723,831760973
2507522725,831631837
2507522725,2507522727
2507522725,831631746
831631781,1018813930
831631781,5446678571
831631781,12310225762
1018813930,831631781
1018813930,12310225763
1018813930,1568204881
5446678571,831631781
5446678571,12222032010
5446678571,12310225754
12310225762,12253728275
12310225762,831631781
12310225762,12310225760
831631793,831631829
831631829,831631793
831631829,3622557152
831631829,5407038137
831631798,12178934246
831631798,831631835
831631798,3622557153
12178934246,3616245738
12178934246,831631798
12178934246,12194074672
3622557153,831631798
3622557153,3622557143
3622557153,3622557156
8553883660,11641409551
8553883660,831631800
8553883660,11826135299
5271818878,831631800
5271818878,8259598024
5271818878,8259651952
831631804,3627802850
831631804,3622555265
831631804,12310225770
3627802850,3627803213
3627802850,831631804
3627802850,9526801260
3622555265,12310240293
3622555265,831631804
3622555265,12310225744
12310225770,3622553412
12310225770,831631804
12310225770,12310225768
12202471759,3627814595
12202471759,831631810
12202471759,831659906
3622560769,831631810
3622560769,2507522714
3622560769,3622557156
831631819,4571907886
831631819,12310225766
831631819,4491158950
4571907886,12310240299
4571907886,831631819
4571907886,12310225748
12310225766,831631819
12310225766,12310263464
12310225766,12253703073
4491158950,1568204881
4491158950,12310225765
4491158950,831631819
5407038137,831631829
3775114864,831631835
3775114864,11641409813
3775114864,3775114865
12310263430,2204345144
12310263430,5407054023
12310263430,831631858
831659748,2204345212
831659748,831659916
831659748,831659762
831659916,831659918
831659916,831659798
831659916,831659748
831659762,831659852
831659762,831659748
831659762,831659798
831659798,831659916
831659798,831659778
831659798,831659762
831659778,831659807
831659778,831659798
831659778,831659886
831659807,4571908025
831659807,831659832
831659807,831659778
831659886,1568204828
831659886,12310240269
831659886,831659778
831659786,12230201727
831659786,2566839033
831659786,1528071419
12230201727,1018822220
12230201727,12230201726
12230201727,831659786
2566839033,5407038541
2566839033,2566839026
2566839033,831659786
1528071419,12230201838
1528071419,831659786
1528071419,1528059610
1528071419,1528071417
831659805,2682017420
831659805,5322796921
831659805,5322796971
2682017420,831659805
2682017420,12286103895
2682017420,12286103900
5322796921,5322796918
5322796921,5322796922
5322796921,831659805
5322796921,5322796965
5322796971,5322796967
5322796971,5322796972
4571908025,4571908024
4571908025,831659807
4571908025,4571908023
831659832,831659807
831659832,831659852
831659832,831659951
831659809,1528034508
831659809,2504348499
831659809,1528034531
1528034508,4571908055
1528034508,831659809
1528034508,1528034526
2504348499,831659809
2504348499,4571908039
2504348499,1528034531
1528034531,1528034501
1528034531,831659809
1528034531,2504348499
831659815,12230201607
831659815,831659829
831659815,12249854242
12230201607,12230201608
12230201607,831659815
12230201607,12230194500
831659829,831659815
12249854242,831659815
12249854242,12230194500
12249854242,12249854222
831659838,12230201802
831659838,12230201803
831659838,1528059748
12230201802,12230201769
12230201802,831659838
12230201802,12230201803
12230201803,1018820523
12230201803,831659838
12230201803,12230201802
1528059748,831659838
1528059748,831659906
1528059748,1528059706
1568204828,831659886
1568204828,4334367897
1568204828,4334367908
12310240269,831659918
12310240269,831659886
12310240269,4771494342
831659887,1528071386
831659887,1528059642
831659887,1528074949
1528071386,831659887
1528071386,12230201837
1528071386,12230201838
1528059642,831659887
1528059642,1528059686
1528059642,1528059706
1528074949,12230201824
1528074949,12230201819
1528074949,831659887
831659906,12202471776
831659906,1528059748
831659906,12202471759
12202471776,831659906
12202471776,1528074945
12202471776,831659961
831659911,2566839060
831659911,2566839093
2566839060,2566839062
2566839060,5407038182
2566839093,5407038182
831659937,12230201769
831659937,1528074987
831659937,12230201773
831659937,1528074945
12230201769,831659937
12230201769,12230201802
12230201769,12230201771
1528074987,831659937
1528074987,12230201774
1528074987,1528074954
12230201773,12230201774
12230201773,831659937
12230201773,12230201771
1528074945,1528074970
1528074945,12202471776
1528074945,831659937
831659938,8089607368
831659938,2566839024
831659938,1018816155
8089607368,831659938
8089607368,12253667638
8089607368,12310225739
2566839024,5407038541
2566839024,831659938
2566839024,12310225773
1018816155,2566839040
1018816155,831659911
1018816155,831659938
831659940,2504299815
831659940,12230201608
831659940,5407038340
2504299815,2504299817
2504299815,831659940
2504299815,12286129005
12230201608,831659940
12230201608,12230201607
12230201608,12230201610
5407038340,4571908039
5407038340,831659940
5407038340,5457972697
831659961,1528074984
831659961,1528074970
831659961,12202471776
1528074984,1528074954
1528074984,831659961
1528074984,12230201734
1528074970,1528074945
1528074970,831659961
1528074970,1528074954
831732614,831732958
831732614,4601510919
831732614,11793860040
4601510919,10146625642
4601510919,831732614
4601510919,3597699695
831732640,2465833275
831732640,831732788
831732640,11756504181
2465833275,831732640
2465833275,1601689325
2465833275,2465833276
831732788,2465833276
831732788,831732640
831732788,831732640
11756504181,1601689418
11756504181,11756504257
831732643,831732901
831732901,831732643
831732901,831732790
831732901,2507522550
831732645,2416553174
831732645,4496967362
831732645,831732667
2416553174,831732645
2416553174,1601688963
2416553174,2617930055
2416553174,1601689031
4496967362,11690717755
4496967362,831732645
4496967362,11690650055
831732667,1601688868
831732667,831732763
1601688868,1601688844
831732763,9420119325
831732763,1601688844
831732670,831732698
831732698,831732709
831732698,10232196141
831732698,831732670
831732684,9824231226
831732684,4087126198
831732684,5420363422
9824231226,5420363441
9824231226,831732684
9824231226,5645355565
4087126198,831732684
4087126198,5420363434
4087126198,3960182800
5420363422,831732684
5420363422,3960180231
5420363422,5420362820
831732692,4769559324
831732692,4018000519
831732692,4769559321
4769559324,831732692
4018000519,831732692
4018000519,4018000518
4018000519,4018000520
4769559321,831732692
831732709,831732810
831732709,831732698
831732709,831732813
10232196141,831732698
10232196141,4769512769
10232196141,12202471714
831732810,831732709
831732810,5018476586
831732810,5018476583
831732813,831732709
831732719,1601688425
831732719,1601688415
831732719,9420119412
831732719,2955096418
1601688425,831732719
1601688425,2955011974
1601688425,1601688209
1601688415,831732719
1601688415,1018873496
1601688415,3641302420
9420119412,831732719
9420119412,9420119383
831732752,831733051
831732752,5206763302
831732752,11793865054
831732754,2955011976
831732754,831733021
831732754,10232196130
2955011976,2955011977
2955011976,831732754
2955011976,2955011980
831733021,831732754
831733021,5018476586
831733021,831733024
10232196130,10232196131
10232196130,7864614704
10232196130,831732754
831732760,831732808
831732760,831733029
831732760,4769559325
831732808,8235910166
831732808,831732760
831732808,2507986440
4769559325,4018000518
4769559325,4769559326
4769559325,831732760
9420119325,831732786
9420119325,1601688835
1601688844,258421980
1601688844,1601688838
1601688844,831732763
831732786,8235937990
8235937990,8235937991
8235937990,8235937989
8235937990,10080202997
831732787,9824231297
831732787,11702018935
831732787,9824231287
11702018935,11702018936
11702018935,831732787
11702018935,11702018952
9824231287,1018881007
9824231287,831732787
9824231287,9824231285
831732790,831732901
8235910166,3616245738
8235910166,831732808
8235910166,2507986440
2507986440,2507986439
2507986440,831732808
2507986440,8235910166
5018476586,5018476587
5018476586,831733021
5018476586,831732810
5018476583,831732895
5018476583,831732810
5018476583,5018476585
831732851,2955011975
831732851,2955011973
831732851,2955011974
2955011975,831732851
2955011975,2955011977
2955011975,2955011981
2955011973,831732851
2955011974,1601688425
2955011974,831732851
2955011974,2955011990
831732856,831733024
831733024,831732856
831733024,4769559353
831733024,831733021
831732895,1018873510
831732895,5018476583
831732895,4401542904
1018873510,831732895
4401542904,831732895
2507522550,831732901
2507522550,2507522545
2507522550,2507522543
10146625642,831732978
10146625642,4601510919
10146625642,10146625639
831732997,6938271248
831732997,8665524662
6938271248,2245123695
6938271248,6938271247
8665524662,8665524667
8665524662,8665524663
8665524662,831732997
4769559353,1018876523
4769559353,4769559352
4769559353,831733024
2507522545,2507522550
2507522545,831733029
2507522545,2507522540
3597699291,3597699695
3597699291,831733051
3597699291,5206763302
12178934101,831760965
12178934101,831760980
12178934101,12178934095
12178895700,12178934095
12178895700,831760965
12178895700,12178934003
831760980,1528071377
831760980,12178934101
831760980,12230201718
1528071377,1528071431
1528071377,831760980
1528071377,1528074972
12230201718,831760980
12230201718,1018822214
12230201718,12230201720
836253207,6096820905
836253207,3936436295
836253207,836253211
6096820905,836253207
6096820905,10554837150
6096820905,11755811104
3936436295,836253207
3936436295,3936436289
3936436295,10554837150
3936436295,11755811112
836253211,3936436299
836253211,836253207
836253211,10573174912
3936436299,4777639469
3936436299,3936436289
3936436299,836253211
10573174912,12964012613
10573174912,11755811104
10573174912,836253211
836253245,11854039852
836253245,11854039831
836253245,4753281511
11854039852,836253245
11854039852,4777639470
11854039852,11854039842
11854039831,836253245
11854039831,4753281507
11854039831,11854039838
4753281511,4753281785
4753281511,10573166603
4753281511,4753281507
4753281511,836253245
10573166594,2506590531
10573166594,836253247
10573166594,10573166589
3936436274,11854039806
3936436274,836253247
4753281507,4753281511
4753281507,836253247
4753281507,11854039831
836253821,3193024786
836253821,3088018004
836253821,13346249316
3193024786,3193024787
3193024786,836253821
3193024786,3193024788
3088018004,3088018003
3088018004,3088018005
3088018004,836253821
13346249316,13346249322
13346249316,836253821
13346249316,13346249312
13346249338,836253828
13346249338,13346249336
13346249338,13346249337
3088018011,3088018018
3088018011,3088018014
3088018011,836253831
3088018009,3088018015
3088018009,836253831
3088018009,3088018008
4438247601,836253834
4438247601,4438247600
4438247601,4438247602
4438247601,2860767364
1569484716,836253834
1569484716,1569484723
1569484716,4438247600
13617148949,836253844
13617148949,5054530490
13617148949,13617148954
13612885074,836253844
13612885074,5054530494
13612885074,13612885075
836332162,3540614246
836332162,6946012970
836332162,6946012980
836332162,2506590520
836332162,2797480752
3540614246,2718621581
3540614246,3540614237
3540614246,6946012980
6946012970,836332162
6946012970,6946012969
6946012970,2797480741
6946012970,3540614237
6946012980,2418111961
6946012980,836332162
6946012980,3540614246
6946012980,2506590525
2506590520,2862052297
2506590520,6946012969
2797480752,2862052297
2797480752,2797480759
2797480752,836332162
1024987495,7149710851
1024987495,1024987486
1024987495,838030189
841812650,841812658
841812650,841812660
841812650,841812653
10073767323,2508201389
10073767323,10073767444
10073767323,841812651
896336552,13380875772
896336552,896336503
896336552,841812651
1024988200,841812652
1024988200,1027194652
845060912,841812660
845060912,13359540734
845060912,841812653
10011401887,10011401888
10011401887,2655015045
10011401887,841812654
841812661,13152977409
841812661,2655015007
841812661,2655015002
13152977409,2655014997
13152977409,841812661
13152977409,13152977411
2655015002,841812661
845060857,845060888
845060857,13346245738
845060857,13152954235
13346245738,845060857
13346245738,13346249311
13346245738,13346245735
13526491444,845060879
13526491444,13526491452
13526491444,13526491452
13359540734,845060912
13359540734,13359540732
13359540734,13359540735
882391046,8140471867
882391046,10050533728
882391046,6205753211
8140471867,10050533723
8140471867,882391046
8140471867,8140471866
10050533728,6205753199
10050533728,882391046
10050533728,10050533727
6205753211,6205753196
6205753211,882391046
896336338,2508189909
896336338,2508189909
896336338,896336405
896336431,896336434
896336434,896336431
896336434,10073767452
896336434,896336458
10073767452,10073767199
10073767452,896336434
10073767452,10073767354
896336458,896336472
896336458,896336434
896336458,896336446
896336446,896336458
896336446,2508189925
896336446,10087504580
10087504580,10087504572
10087504580,896336446
10087504580,10087504570
896336589,896336608
896336589,896336472
896336589,13380875771
896336564,13380867575
896336564,896336472
896336564,896336503
896336494,2655015034
896336494,2655015033
896336494,896336501
2655015034,896336494
2655015033,896336494
2655015033,2655015032
2655015033,2655015037
896336501,2655015025
896336501,896336494
896336501,2655015027
2655015025,2655015028
2655015025,896336501
2655015025,896336503
2655015027,896336501
896336503,896336564
896336503,896336552
896336503,2655015025
2655014997,896336531
2655014997,13152977409
2655014997,2655015001
2655014993,2655014992
2655014993,896336531
2655014993,8463595242
13380875772,896336552
13380875772,1596738186
13380875772,13380875784
13380867575,896336564
896336608,896336589
13380875771,896336589
896336647,2655015003
896336647,2655015003
896336647,896336663
2655015003,896336647
2655015003,896336647
2655015003,2655015015
896336663,9402681818
896336663,896336647
896336663,5477634020
9402681818,5477634020
9402681818,896336663
9402681818,9402681820
896336674,10078060578
896336674,13152957880
896336674,9225832921
10078060578,1025289025
10078060578,896336674
10078060578,10078060628
13152957880,13152957874
13152957880,1539086868
13152957880,896336674
9225832921,9225832923
9225832921,9225832922
9225832921,896336674
896336702,896336709
896336709,896336714
896336709,896336702
896336709,9225832932
9225832932,896336709
5054584942,5054584947
5054584942,896336738
5054584942,5054584938
5054584948,896336738
896336743,1034252142
896336743,896336775
896336743,1601687743
1034252142,896336743
1034252142,2508220940
1034252142,1034251968
896336775,1034251968
896336775,896336743
896336775,5119700749
1601687743,13526491462
1601687743,896336743
896336769,2508220940
2508220940,896336769
2508220940,1197002951
2508220940,1034252142
1034251968,896336775
1034251968,5119700750
1034251968,10073767303
5119700749,5119700748
5119700749,5119700750
5119700749,896336775
5119700749,10132397973
896336789,5477634242
896336789,896336794
896336789,10073767303
5477634242,896336789
896336794,896336800
896336794,896336789
896336794,5477634241
10073767303,896336789
10073767303,1034251968
10073767303,10073767298
896336800,10011401889
896336800,896336804
896336800,896336794
5477634241,896336794
896336804,10011401902
896336804,10011401902
896336804,896336800
10011401902,10011401896
10011401902,896336804
10011401902,896336804
896336892,896336898
896336892,2792799382
896336892,2792799386
896336898,1023640765
896336898,896336892
896336898,2508716538
2792799382,2508808889
2792799382,2792799379
2792799382,896336892
2792799386,2792799379
2792799386,2792799380
2792799386,896336892
1023640765,896336898
1023640765,5054540857
1023640765,1023640387
1023640765,5054540867
896351347,908206952
896351347,896351350
896351347,8463595270
908206952,8463595272
908206952,896351347
908206952,8463595276
896351350,896351347
896351350,8463595249
896351350,8463595249
8463595270,896351347
8463595249,896351350
8463595249,896351350
8463595249,13152974567
896351371,920640395
896351371,3489341692
896351371,8463595284
920640395,908206955
920640395,3489341793
920640395,896351371
3489341692,896351371
3489341692,3489341690
3489341692,3687872119
8463595284,8463595285
8463595284,8463595287
8463595284,896351371
896352155,896352156
896352156,920640386
896352156,896352155
896352156,3489341684
920640386,896352156
920640386,3489341793
920640386,920640390
3489341684,8463595285
3489341684,896352156
3489341684,8463595287
3489341684,3489341685
8463595272,908206955
8463595272,908206952
8463595272,8463595273
8463595276,908206952
8463595276,8463595274
8463595276,8463595277
908206955,3489341795
908206955,920640395
908206955,8463595272
3489341795,908206984
3489341795,908206955
3489341795,3687872119
908206980,908206982
908206980,8463595252
908206980,8463595262
908206982,908206984
908206982,908206980
908206982,8463595255
8463595252,8463595250
8463595252,908206980
8463595252,8463595251
8463595262,8463595262
8463595262,8463595262
8463595262,908206980
908206984,3489341795
908206984,908206982
908206984,908207104
8463595255,908206982
8463595255,8463595261
8463595255,8463595251
908207104,908207092
908207104,908206984
908207104,908207122
13152957874,13152957875
13152957874,13152957880
13152957874,908207013
13152957874,908207038
13152957876,908207038
13152957876,908207092
13152957876,13152957875
908207045,908207051
908207051,908207092
908207051,908207045
908207051,8463595261
908207092,908207104
908207092,13152957876
908207092,908207051
8463595261,8463595250
8463595261,908207051
8463595261,8463595255
908207122,908207104
3489341793,920640395
3489341793,8463595285
3489341793,920640386
920640390,1016123674
920640390,1016123572
920640390,920640386
920640390,3489341670
1016123674,920640390
1016123674,1016123641
1016123674,1027127608
1016123572,920640390
1016123572,1016563193
1016123572,1017009846
3489341670,1017009846
3489341670,1017010601
3489341670,920640390
920640394,1017008357
920640394,1017009565
920640394,7540325369
1017008357,920640394
1017008357,4496921794
1017008357,10073767258
1017009565,10073767319
1017009565,920640394
1017009565,3489341422
11212240863,11212240865
11212240863,920640407
11212240863,11212240862
920640412,2006216732
920640412,4718316477
920640412,1017010906
920640412,1017008193
2006216732,920640412
2006216732,1017008632
4718316477,1017010906
4718316477,1017010982
4718316477,9128801177
1017010906,4718316477
1017010906,920640412
1017010906,9767189166
1017008193,1017009545
1017008193,920640412
1017008193,1017010368
961662510,1600492561
961662510,10233684287
961662510,10233684295
1600492561,2467282466
1600492561,10233684287
1600492561,961662510
1600492561,4777655547
10233684287,961673889
10233684287,1600492561
10233684287,961662510
10233684295,10233684293
10233684295,961662510
961673886,4777655203
961673886,5174418073
961673886,2157184437
4777655203,961673886
4777655203,5174418074
4777655203,4777655206
4777655203,12794788786
5174418073,5174418074
5174418073,961673886
2157184437,12794788785
2157184437,961673886
961673889,4777655206
961673889,5174418074
961673889,10233684287
4777655206,9236375949
4777655206,961673889
4777655206,4777655547
4777655206,4777655203
5174418074,5174418073
5174418074,961673889
5174418074,4777655203
961674001,12844399077
961674001,2157184444
12844399077,961674001
12844399077,7717056167
12844399077,12844399071
2157184444,7717056164
2157184444,961674001
2157184444,12794784392
1015094644,1060012784
1015094644,13611203994
1015094644,7388819712
1015094644,7388819701
1060012784,13510552415
1060012784,1015094644
1060012784,1060013682
13611203994,1015094644
13611203994,13611203990
13611203994,13611203996
7388819712,1015094644
7388819712,13510552456
7388819712,5054530519
7388819701,7388819702
7388819701,1015094644
7388819701,7388819706
1015094647,1377228226
1015094647,1569484340
1015094647,1569484453
1015094647,11547118068
1377228226,1021993244
1377228226,1015094647
1377228226,1377228228
1569484340,1015094647
1569484340,1015117474
1569484340,1569484372
1569484453,1569484259
1569484453,1015094647
1569484453,13510588307
11547118068,1015094663
11547118068,1015094647
11547118068,11547155870
1015094653,1060013682
1015094653,7388819706
1015094653,13611203997
1060013682,1015094653
1060013682,1015094696
1060013682,1060012784
7388819706,1015094653
7388819706,7388819702
7388819706,7388819701
13611203997,13611204001
13611203997,1015094653
13611203997,13611204000
1015094654,12037851901
1015094654,7628234363
1015094654,1060052442
1015094654,2813364653
12037851901,1015094654
12037851901,1015094720
12037851901,12037851905
7628234363,1015094654
7628234363,12037851852
7628234363,7628234365
1060052442,1060052536
1060052442,1060052636
1060052442,1015094654
2813364653,7628234365
2813364653,1015094654
2813364653,12037851954
1015094656,13611204018
1015094656,13526603746
1015094656,1015094700
13611204018,13510552417
13611204018,1015094656
13611204018,13611204017
13526603746,1015094656
13526603746,1015094703
13526603746,13526603747
1015094700,1015094656
1015094700,1015094663
1015094700,1015094660
1015094657,1015094686
1015094657,1603437055
1015094657,1015094692
1015094657,1603437048
1015094686,1015094657
1015094686,2921791327
1015094686,5054492973
1603437055,5012453636
1603437055,1015094716
1603437055,1015094657
1015094692,1015094703
1015094692,1015094661
1015094692,1015094657
1015094692,13611204019
1603437048,13532746051
1603437048,1015094657
1603437048,1015094677
1015094660,1015117499
1015094660,1015094700
1015094660,1021993521
1015117499,1015094660
1015117499,1015094703
1015117499,5054492969
1021993521,1024814627
1021993521,1015094660
1021993521,1021993244
1015094661,1015094692
1015094661,1015094718
1015094661,2921791327
1015094718,1015094661
2921791327,1015094661
2921791327,1075662479
2921791327,1015094686
1015094663,1015094700
1015094663,11547118068
1015094663,1015094696
1015094696,1060013682
1015094696,13510552417
1015094696,1015094663
1015094677,13529160669
1015094677,13529160661
1015094677,1603437048
13529160669,3259829946
13529160669,1015094677
13529160669,13529160671
13529160661,1015094677
13529160661,13529160679
13529160661,1015094716
1015094680,1075662479
1015094680,7560011688
1015094680,13611203928
1075662479,1015094680
1075662479,1075662088
1075662479,2921791327
7560011688,1015094680
7560011688,7560011687
7560011688,2508716532
13611203928,1015094680
13611203928,13510552467
13611203928,13611203925
1015094683,1015117492
1015094683,13510588370
1015094683,13510506677
1015094683,4518987223
1015117492,1015117476
1015117492,1015094683
1015117492,1015117548
13510588370,1015094683
13510588370,13510588373
13510588370,13510588372
13510506677,2204255095
13510506677,13510506686
13510506677,1015094683
4518987223,1015094683
1015094685,13611204017
1015094685,13510552415
1015094685,13510552467
13611204017,13611204019
13611204017,1015094685
13611204017,13611204018
13510552415,1015094685
13510552415,1060012784
13510552415,13510552417
13510552467,13611203928
13510552467,1015094685
13510552467,13510552461
5054492973,13529054105
5054492973,5012453636
5054492973,1015094686
1015094703,13526603746
1015094703,1015117499
1015094703,1015094692
1015094703,5054492971
13611204019,13611204017
13611204019,13611204020
13611204019,1015094692
13510552417,1015094696
13510552417,13611204018
13510552417,13510552415
5054492971,1015094703
1015094716,1603437055
1015094716,13529160661
1015094716,13529160673
13529160673,13529160697
13529160673,13529160682
13529160673,1015094716
5843699784,10747336998
5843699784,13534104273
5843699784,1015094720
1015117462,1015117468
1015117462,1015117514
1015117462,1015117485
1015117468,1027127585
1015117468,1015117462
1015117468,1015117538
1015117485,1015117538
1015117485,1015117538
1015117485,1015117462
1027127585,1015117491
1027127585,1015117468
1027127585,4597907677
1015117538,1015117485
1015117538,1015117485
1015117538,1015117468
1015117469,12061887704
1015117469,12061935824
1015117469,12061935815
12061887704,5054573362
12061887704,1015117469
12061887704,12061887709
12061935824,1015117469
12061935824,5054573394
12061935824,12061935825
12061935815,1015117473
12061935815,1015117469
12061935815,12061935816
1015117470,10719110124
1015117470,4518987230
1015117470,4156187733
10719110124,1015117470
10719110124,13556348103
10719110124,2619170741
4518987230,7388819692
4518987230,1015117470
4518987230,13534104299
4518987230,13534104294
1015117471,1015117553
1015117471,1015117471
1015117471,1015117471
1015117553,5054492969
1015117553,1015117471
1015117553,1015117484
1015117473,12061935815
1015117473,12061887959
1015117473,12061887895
12061887959,12061887846
12061887959,1015117473
12061887959,12061887851
12061887895,12061887841
12061887895,1015117473
12061887895,12061887901
1015117474,1569484340
1015117474,1015117545
1015117474,1015117489
1015117489,7388819700
1015117489,1015117561
1015117489,1015117474
13510506680,1015117476
13510506680,1015117546
13510506680,13510506679
1015117565,1015117480
1015117565,7388819700
1015117565,1015117515
1015117565,1015117504
1015117558,1015117561
1015117558,1015117480
1015117558,1015117546
1015117541,13507501680
1015117541,1015117482
1015117541,10156219125
1015117484,1015117553
1015117486,1027127609
1015117486,7628234366
1015117486,13526674245
1027127609,1027127625
1027127609,5843651841
1027127609,1015117486
7628234366,1027127611
7628234366,1015117486
7628234366,7628234361
7388819700,1015117565
7388819700,1015117489
7388819700,7388819699
1015117561,1015117558
1015117561,13611204001
1015117561,1015117489
1015117491,8665291303
1015117491,1027127585
1015117491,9633169927
1015117491,1015117540
8665291303,8665291309
8665291303,1015117491
8665291303,8665291308
9633169927,1015117491
9633169927,4597907673
9633169927,9633169926
1015117540,4597911614
1015117540,8665291297
1015117540,1015117491
1015117548,1015117492
8665291301,8665291309
8665291301,8665291302
8665291301,1015117498
5054492969,1015117553
5054492969,1015117499
5054492969,5054492968
1015117557,1015117502
1015117504,1015117545
1015117504,1015117565
1015117504,1015117572
1015117505,5054518740
1015117505,2204255082
1015117505,13510506685
5054518740,1015117505
5054518740,2204255097
5054518740,13611203992
2204255082,1015117505
2204255082,2204255095
2204255082,2204255096
13510506685,13510506681
13510506685,1015117505
13510506685,13510506689
13510506685,13510552374
12061935798,1015117509
12061935798,2619170750
12061935798,12061935802
1015117511,12037848137
1015117511,2508808890
1015117511,3320199104
12037848137,10262728847
12037848137,1015117511
12037848137,5843651819
2508808890,1015117511
2508808890,3320199095
2508808890,2508808903
3320199104,1015117511
3320199104,1015117519
3320199104,3320199091
5054530517,5054530515
5054530517,1015117514
5054530517,5054530516
1015117517,12061887911
1015117517,12061887847
1015117517,7391711185
12061887911,1015117517
12061887911,12061887878
12061887911,12061887879
12061887847,1015117517
12061887847,12061887882
12061887847,12061887846
7391711185,7391711219
7391711185,7391711209
7391711185,1015117517
1015117519,3320199104
1015117519,3320199092
1015117519,3320199072
3320199092,1015117519
3320199092,5843651833
3320199092,3320199072
3320199072,3320199070
3320199072,1015117519
3320199072,3320199079
3320199072,3320199092
1015117525,7391711189
1015117525,1015117571
1015117525,5054573362
1015117525,1015117549
7391711189,1015117525
7391711189,7391711188
7391711189,1015187930
1015117571,12061887674
1015117571,12061887673
1015117571,1015117525
5054573362,12061887704
5054573362,1015117525
5054573362,5054573360
4597907673,9633169927
4597907673,1015117526
4597907673,4597907672
1015117527,7391711214
1015117527,12061919564
1015117527,7391641882
1015117527,7391641879
7391711214,1015117527
7391711214,7391641883
7391711214,12061887754
12061919564,1015117527
12061919564,12061919558
12061919564,12061919558
7391641882,1015117527
7391641882,7391641874
7391641882,7391641880
7391641879,12061887730
7391641879,1015117527
7391641879,7391641875
8665291297,8665291298
8665291297,1015117540
8665291297,8665291299
13507501680,13507501676
13507501680,1015117541
13507501680,13507501681
10156219125,1015117541
5843651831,1015117543
5843651831,5843651830
5843651831,5843651828
5054573416,11994505915
5054573416,5054573417
5054573416,1015117543
1015117546,13510506680
1015117546,13510506684
1015117546,1015117558
13510506684,1015117546
13510506684,13510552358
13510506684,13510506683
12061919565,12061935942
12061919565,1015117549
12061919565,12061919568
2508245897,12105767556
2508245897,4736627092
2508245897,1015117549
1015117550,10260468905
1015117550,10260468906
1015117550,10262728846
10260468905,1015117550
10260468905,10260524726
10260468905,10260468904
10260468906,1015117550
10260468906,10260468907
10260468906,10260468902
10262728846,1015117550
10262728846,10260524721
10262728846,2619170759
1015117555,5054530513
1015117555,7559978777
1015117555,13510552461
5054530513,1015117555
5054530513,5054530515
5054530513,5054530514
7559978777,7559978773
7559978777,1015117555
7559978777,7559978778
13510552461,1015117555
13510552461,5054530519
13510552461,13510552467
13611204001,13611203997
13611204001,1015117561
13611204001,13611204003
12061887674,2619170750
12061887674,1015117571
12061887674,12061887675
12061887673,1015117571
1015158025,5874178839
1015158025,5874178828
1015158025,3242230505
1015158025,5874178830
5874178839,1015158025
5874178839,5874178831
5874178839,5874178841
5874178828,1015158025
3242230505,3242230498
3242230505,1015158366
3242230505,1015158025
5874178830,1015158025
1015158040,3207287432
3207287432,1015158040
3207287432,1015158248
3207287432,1015158129
1015158048,4458911700
1015158048,12173566712
1015158048,12106436302
4458911700,1015158048
4458911700,4458911713
4458911700,1015158314
12173566712,1015158048
12106436302,4458911725
12106436302,1032159976
12106436302,1015158048
1015158051,1015158252
1015158051,5076733735
1015158051,1032159489
1015158252,1015158051
1032159489,1568204311
1032159489,1042940961
1032159489,1015158051
1015158054,4701939902
1015158054,1015158188
1015158054,8810916677
4701939902,1015158054
4701939902,1015158132
4701939902,4701946754
1015158188,8810916691
1015158188,2508246102
1015158188,8810916680
1015158188,1015158054
8810916677,3207287867
8810916677,1015158054
8810916677,8810916680
1015158061,1015158140
1015158061,1015158369
1015158061,1015158130
1015158140,1015158373
1015158140,1015158061
1015158140,1042940961
1015158130,1015158366
1015158130,1015158061
1015158130,1015158239
1015158064,12106422182
12106422182,1015158064
12106422182,1568204383
12106422182,3309822977
1015158073,1015158272
1015158073,1015158262
1015158073,1043273036
1015158272,1015158073
1015158272,12111397561
1015158272,1043111701
1015158262,1015158073
1015158262,1570026015
1015158262,1015158402
1043273036,1032159976
1043273036,12115118451
1043273036,1043274033
1043273036,1015158073
1015158077,1015158203
1015158077,12061935775
1015158077,12104980601
1015158203,1015158142
1015158203,1015158077
1015158203,1015158342
12061935775,1015158307
12061935775,1015158077
12061935775,12061935776
12104980601,1015158077
12104980601,1015158181
12104980601,12104980602
1015158079,10080203016
1015158079,1015158093
1015158079,1015158209
10080203016,10080203014
10080203016,1015158079
10080203016,10080203017
1015158209,5076733736
1015158209,1015158184
1015158209,1015158079
1015158081,5076733736
1015158081,1568204311
1015158081,5076733737
1015158081,5076733738
5076733736,1015158081
5076733736,1015158209
5076733736,5076733739
5076733736,5076733740
1568204311,1032159489
1568204311,1015158081
1568204311,1568204373
5076733737,1015158081
5076733738,1015158081
1015158083,8393239341
1015158083,1601688526
1015158083,3309823003
1015158083,8393239328
1015158083,8393239339
8393239341,1015158083
8393239341,8393239342
8393239341,8393239340
8393239341,8393239332
1601688526,1015158083
1601688526,3309823001
1601688526,8393239333
1601688526,8393239342
1601688526,5645347474
3309823003,1015158083
3309823003,1601688739
8393239328,8393239340
8393239328,1015158083
8393239339,8236639348
8403208967,3309822971
8403208967,1015158093
8403208967,8403208959
1015158105,8810916692
1015158105,12105779305
1015158105,1015158248
8810916692,2619170758
8810916692,1015158105
8810916692,8810916693
12105779305,1015158105
12105779305,8411357197
12105779305,8411357198
1015158248,1015158129
1015158248,1015158105
1015158248,3207287432
1015158110,4458911699
1015158110,1015158314
1015158110,4458911725
4458911699,1015158110
1015158314,4458911700
1015158314,1015158110
1015158314,1015158167
4458911725,1032159448
4458911725,12106436302
4458911725,1015158110
1015158112,1015158335
1015158112,1015158196
1015158112,1015158393
1015158335,1015158463
1015158335,1015158112
1015158335,1015158119
1015158196,1015158112
1015158196,1043111343
1015158196,1043111453
1015158393,1015158119
1015158393,1015158239
1015158393,1015158112
1015158115,12111397574
1015158115,12111397563
1015158115,1015158208
12111397574,3242230482
12111397574,1015158115
12111397574,12111397572
12111397563,2508716473
12111397563,1015158115
12111397563,3242230486
1015158208,3242230489
1015158208,2508716465
1015158208,1015158115
1015158119,1015158335
1015158119,1015158393
1015158119,1032159339
1032159339,1568222030
1032159339,12121075344
1032159339,1015158119
1015158129,1015158248
1015158129,3207287432
1015158129,12061935749
12061935749,12061935752
12061935749,12061935748
12061935749,1015158129
1015158366,3242230505
1015158366,1015158130
1015158366,1015158210
1015158239,1015158393
1015158239,1015158224
1015158239,1015158130
1015158132,12061935769
1015158132,1603437066
1015158132,4701939902
12061935769,12061935771
12061935769,1015158132
12061935769,12061935770
1603437066,1015158132
1603437066,12061935601
1603437066,4121324063
1015158373,1015158140
1042940961,12121075344
1042940961,1032159489
1042940961,1015158140
1015158142,1015158203
1015158146,13399406385
1015158146,1568204075
1015158146,1568204038
13399406385,1015158398
13399406385,1015158146
13399406385,13399406386
1568204075,1568204046
1568204075,1568204093
1568204075,1015158146
1568204075,1568204111
1568204038,1015158146
1568204038,1568204046
1568204038,1029865092
1015158156,10080203026
1015158156,1015158281
1015158156,10080203018
10080203026,10080203022
10080203026,1015158156
10080203026,10080203023
1015158281,1015158307
1015158281,2587271826
1015158281,1015158156
1015158281,1568204151
10080203018,1015158156
10080203018,10080203014
10080203018,10080203013
10080203018,10080203019
1032159976,1043273036
1032159976,1603964676
1032159976,12106436302
1032159976,1015158167
1015158174,1015158302
1015158302,1568204079
1015158302,1015158174
1015158302,1043111343
1015158181,1568204159
1015158181,12104980601
1015158181,12104980610
1568204159,1568204151
1568204159,1015158181
1568204159,1568204111
12104980610,1015158181
12104980610,12104980603
12104980610,12104980603
2587271826,1015158281
2587271826,1015158210
2587271826,1015158184
8810916691,1015158188
8810916691,2619170762
8810916691,8810916684
2508246102,1015158188
2508246102,4697746303
2508246102,2508246077
8810916680,8810916683
8810916680,1015158188
8810916680,8810916677
1015158193,3242230482
3242230482,1015158193
3242230482,12111397574
3242230482,3242230481
1043111343,1015158302
1043111343,1015158196
1043111343,1015158348
1043111453,1043111111
1043111453,1015158224
1043111453,1015158196
1015158201,1570026015
1015158201,1015158348
1015158201,13359989838
1570026015,1015158262
1570026015,1015158201
1570026015,1043274033
13359989838,1015158201
3242230489,1015158208
2508716465,1015158208
2508716465,1043111701
2508716465,2508716462
2508716465,2508716473
1015158210,2587271826
1015158210,1015158369
1015158210,1015158366
1015158210,1568204093
1568204093,1015158398
1568204093,1568204151
1568204093,1568204075
1568204093,1015158210
1040660803,1040660572
1040660803,1015158211
1040660803,1040660311
1015158222,8259387072
1015158222,3309822993
1015158222,1015158283
1015158222,4401542896
8259387072,1015158222
8259387072,8259387075
8259387072,4496967384
3309822993,5645347470
3309822993,1015158222
3309822993,3309822992
1015158283,5645347460
1015158283,1015158222
1015158283,4496967384
1015158283,5645347468
4401542896,3309822996
4401542896,3309822997
4401542896,1015158222
4401542896,8393239333
1015158224,5874178835
1015158224,1015158239
1015158224,1043111453
5874178835,5874178838
5874178835,1015158224
5874178835,5874178836
12104980603,1015158242
12104980603,12104980610
12104980603,12104980610
1015158271,13399406352
1015158271,13399406364
1015158271,13399406362
13399406352,13399406360
13399406352,1015158271
13399406352,13399406353
13399406364,1015158271
13399406364,13399406363
13399406364,13399406369
13399406362,1015158271
12111397561,1015158272
12111397561,1601985026
12111397561,2508716476
1015158307,1015158281
1015158307,8235937982
1015158307,12061935775
1568204151,1568204093
1568204151,1568204159
1568204151,1015158281
5645347460,5645347458
5645347460,1015158283
5645347460,5645347461
4496967384,5645347461
4496967384,1015158283
4496967384,8259387072
5645347468,1015158283
5645347468,3309822992
5645347468,5645347470
5645347468,12111434705
1015158292,1015158342
1568204079,1015158302
1568204079,3242230498
1568204079,1568204042
8235937982,10080203002
8235937982,1015158307
8235937982,10080203003
1015158318,8411357197
1015158318,10080203002
1015158318,8411357200
8411357197,12105779305
8411357197,1015158318
8411357197,8411357198
10080203002,1015158318
10080203002,8235937982
10080203002,10080203003
8411357200,1015158429
8411357200,1015158318
8411357200,8411357201
8411357200,8411357198
1015158463,12111434664
1015158463,1015158335
1015158463,13359989837
1015158336,8403208959
1015158336,12111397732
1015158336,12111434633
12111397732,8403208989
12111397732,1015158336
12111397732,12111397726
12111434633,3309822972
12111434633,12111434635
12111434633,1015158336
12033278020,1015158337
12033278020,12033278021
12033278020,12033278016
12033278030,8252022107
12033278030,1015158337
12033278030,12033278024
1015158396,12033277943
1015158396,12033277945
1015158396,12033277939
12033277943,1015158396
12033277943,12033277944
12033277943,12033277928
12033277945,1015158396
12033277945,1025495794
12033277945,12033277948
12033277939,1015158396
12033277939,8252022107
12033277939,12033277942
1015158398,13399406385
1015158398,13399406374
1015158398,1568204093
13399406374,13399406373
13399406374,1015158398
13399406374,13399406375
1601985026,2508716482
1601985026,1015158402
1601985026,12111397561
13415448494,13415448492
13415448494,1015158425
13415448494,13415448495
3242230491,1015158425
3242230491,13415448498
3242230491,1029865092
1015158429,8411357200
1015158429,1601985027
1601985027,1032159475
1601985027,3207287429
1601985027,1015158429
12111434664,1015158463
12111434664,1568222030
12111434664,12111434666
13359989837,1015158463
13359989837,13359989835
13359989837,13359989836
1015187855,1015188271
1015187855,1015188169
1015187855,1015188064
1015188271,1015187855
1015188271,1015188168
1015188271,1015188168
1015188064,1015187986
1015188064,1015187855
1015188064,1015188067
1015187857,1015188005
1015187857,1015188236
1015187857,1015188171
1015188005,1015187857
1015188005,1015188246
1015188005,1015187990
1015188171,1015187857
1015188171,1015187944
1015188171,1015187944
1015187859,1015188067
1015187859,1015187929
1015187859,1015188273
1015188067,1015188205
1015188067,1015187859
1015188067,1015188064
1015187929,1015187859
1015187929,1015188172
1015187929,1015188194
1015188273,1015187859
1015188273,1015188130
1015188273,1015188130
1015187862,1015188287
1015187862,1015187916
1015187862,2566839128
1015188287,1015188203
1015188287,1015188048
1015188287,1015187862
1015188287,1015188106
1015187916,1015187862
1015187916,2566839128
1015187916,2421090553
2566839128,1015187916
2566839128,1015187985
2566839128,1015187862
1015187866,1015188205
1015187866,1015188203
1015187866,8464054577
1015188205,1015188115
1015188205,1015188067
1015188205,1015187866
1015188203,8464054577
1015188203,1015188287
1015188203,1015187866
8464054577,1015188203
8464054577,1015187866
8464054577,8464054574
1015187868,1015188134
1015187868,1015188130
1015187868,1015188002
1015188134,1015187932
1015188134,1015187868
1015188134,1015188071
1015188130,1015188273
1015188130,1015188273
1015188130,1015187868
1015188002,2566839164
1015188002,1015187913
1015188002,1015187868
1015187874,1015187927
1015187874,1015188006
1015187874,9720691191
1015187927,1015187874
1015187927,2566839200
1015187927,2566839200
1015188006,1015188248
1015188006,2566839190
1015188006,1015187874
1015188006,6329721667
9720691191,1015187874
9720691191,8888064281
9720691191,9720691204
1015187886,2566839186
1015187886,2566839175
1015187886,8464054571
1015187886,8464054573
2566839186,1015187886
2566839186,1015188248
2566839186,2566839175
2566839175,1015187886
2566839175,1015188087
2566839175,2566839186
8464054571,1015187886
8464054573,1015187886
1015188104,1015187895
1015188104,1015188173
1015188104,1015187915
1015188020,1015188256
1015188020,1015188173
1015188020,1015187895
12115115916,12115115917
12115115916,4446867345
12115115916,1015187899
12115115916,12115115926
4446867345,1015187899
4446867345,12115115916
4446867345,4446867348
1015187912,1015188194
1015187912,1015188019
1015187912,2566839151
1015188194,1015187912
1015188194,1015187929
1015188194,8464054574
1015188019,1015187912
1015188019,1015188106
1015188019,2566839148
1015188019,8464054574
2566839151,2566839148
2566839151,1015187912
2566839151,1015188078
1015187913,1015188002
1015187913,1015188285
1015187913,2566839146
1015188285,1015188187
1015188285,1015188187
1015188285,1015187913
2566839146,2204456156
2566839146,2204456156
2566839146,1015187913
1015187915,5465350683
1015187915,5465350681
1015187915,1015188104
5465350683,1015188189
5465350683,1015187915
5465350683,5465350682
5465350681,1015188070
5465350681,5465350680
5465350681,1015187915
2421090553,2566839134
2421090553,1015187916
2421090553,1015188048
2566839200,1015187927
2566839200,1015187927
2566839200,2566839193
1015188172,1015187929
1015188172,1015187990
1015188172,1015188187
1015187930,12106408638
1015187930,7391711189
1015187930,12061886730
12106408638,1015187930
12106408638,12106408637
12106408638,7391711198
12061886730,1021993191
12061886730,12061886731
12061886730,1015187930
1015187932,1015188134
1015187932,1015188198
1015187932,1015188198
1015188198,2204456170
1015188198,1015187932
1015188198,1015187932
1015187944,1015188171
1015187944,1015188171
1015187944,1015188215
1015188215,2566839034
1015188215,1015187944
1015188215,1015188267
1015188163,1015188168
1015188163,1015188207
1015188163,1015187947
1015187949,1015187963
1015187949,2566839165
1015187949,1015188087
1015187963,1015187949
1015187963,2566839184
1015187963,2566839193
2566839165,1015188208
2566839165,1015187949
2566839165,2566839159
1015188087,2566839167
1015188087,2566839175
1015188087,1015187949
1015187958,11782321071
1015187958,13507489622
1015187958,13507489624
1015187958,1105133528
1015187958,13507489626
11782321071,11782321072
11782321071,2566838985
11782321071,1015187958
11782321071,12476465568
13507489622,1015187958
13507489622,2860767365
13507489622,13507489619
13507489624,13507489623
13507489624,1015187958
13507489624,13507489626
1105133528,2566838991
1105133528,1105134343
1105133528,1015187958
13507489626,13507489619
13507489626,1015187958
13507489626,13507489624
2566839184,1015187963
2566839184,2566839190
2566839184,2566839190
2566839193,2566839177
2566839193,2566839200
2566839193,1015187963
1015187966,2566839020
1015187966,2566839034
1015187966,2566839046
2566839020,1015187966
2566839020,2566839034
2566839020,2566839012
2566839034,1015187966
2566839034,1015188215
2566839034,2566839020
2566839046,1015188051
2566839046,2566839077
2566839046,1015187966
1015187985,2566839124
1015187985,2566839108
1015187985,2566839128
2566839124,1015187985
2566839124,1015188166
2566839124,2566839108
2566839108,2566839124
2566839108,1015187985
2566839108,1015188051
1015187986,1015188064
1015187986,1015188196
1015187986,1015188196
1015188196,1015188071
1015188196,1015187986
1015188196,1015187986
1015187990,1015188172
1015187990,1015188255
1015187990,1015188005
1015188255,1015187990
1015188255,1015188078
1015188255,1015188177
2566839164,1015188002
2566839164,1015188032
2566839164,1015188032
1015188246,1015188005
1015188246,1015188066
1015188246,1015188066
1015188248,1015188006
1015188248,1015188115
1015188248,2566839186
2566839190,1015188006
2566839190,2566839184
2566839190,2566839184
6329721667,12729500693
6329721667,1015188006
6329721667,6329721889
1015188106,1015188019
1015188106,1015188166
1015188106,1015188287
2566839148,2566839151
2566839148,1015188019
2566839148,12729546482
8464054574,1015188019
8464054574,1015188194
8464054574,8464054577
1015188256,1015188020
1015188256,1015188122
1015188256,5398123971
1015188173,1015188104
1015188173,1634583346
1015188173,1015188020
1015188032,2204456173
1015188032,2566839164
1015188032,2566839164
2204456173,2204456170
2204456173,2204456168
2204456173,1015188032
12039842002,7628195217
12039842002,1015188036
12039842002,12039842004
12037848111,10875599015
12037848111,12037848112
12037848111,1015188036
1015188048,1015188287
1015188048,1015188050
1015188048,2421090553
1015188050,2566839167
1015188050,1015188048
1015188050,1015188115
2566839167,1015188087
2566839167,1015188050
2566839167,2566839157
1015188115,1015188248
1015188115,1015188205
1015188115,1015188050
1015188115,12729500689
1015188051,2566839046
1015188051,2566839077
1015188051,2566839108
2566839077,1015188051
2566839077,1015188209
2566839077,2566839046
2860767371,2682017391
2860767371,1015188056
2860767371,2860767370
2421090110,2421216897
2421090110,2421090166
2421090110,1015188056
1015188066,1015188267
1015188066,1015188246
1015188066,1015188246
1015188267,1015188209
1015188267,1015188066
1015188267,1015188215
1015188068,3201772593
1015188068,1601985043
1015188068,1025522192
3201772593,1015188068
3201772593,1025524118
3201772593,3201790725
1601985043,1015188068
1601985043,1025524118
1601985043,3201772592
1015188070,1634583357
1015188070,5465350681
1015188070,1634583346
1634583357,1015188070
1634583357,1015188206
1634583357,1634583356
1634583346,1634583343
1634583346,1015188173
1634583346,1015188070
1015188071,1015188196
1015188071,1015188134
1015188071,1015188207
1015188207,2566839212
1015188207,1015188163
1015188207,1015188071
1015188078,1015188255
1015188078,12729546482
1015188078,2566839151
12729546482,1015188177
12729546482,1015188078
12729546482,2566839148
1015188085,1015188177
1015188085,1015188209
1015188085,1015188166
1015188177,1015188085
1015188177,12729546482
1015188177,1015188255
1015188209,2566839077
1015188209,1015188267
1015188209,1015188085
1015188166,1015188085
1015188166,1015188106
1015188166,2566839124
1015188097,2682017391
1015188097,2860767365
1015188097,2682017389
1015188097,12310263469
2682017391,2860767371
2682017391,1015188097
2682017391,2682017389
2860767365,1015188097
2860767365,13507489622
2860767365,2860767370
12310263469,1018833844
12310263469,5322796975
12310263469,1015188097
12729500689,1015188115
12729500689,1015188169
12729500689,12729500693
1015188122,1015188256
1015188122,2421090513
1015188122,2566839161
2421090513,1015188122
2421090513,2421090402
2421090513,2566839170
2566839161,1634583339
2566839161,1015188122
2566839161,5398123969
1015188168,1015188163
1015188168,1015188271
1015188168,1015188271
1015188187,1015188285
1015188187,1015188285
1015188187,1015188172
1015188176,1570026023
1015188176,3901301609
1015188176,1603964704
1570026023,10217070768
1570026023,3901301609
1570026023,1015188176
3901301609,1570026023
3901301609,3616283275
3901301609,1015188176
3901301609,2955011964
1603964704,9420119384
1603964704,9420119385
1603964704,1015188176
1015188189,5465350683
2204456170,2566839207
2204456170,2204456173
2204456170,1015188198
2566839212,1015188207
2566839212,2566839209
2566839212,2566839209
1015188208,2566839159
1015188208,2566839165
1015188208,2566839147
2566839159,1015188208
2566839159,2566839165
2566839159,2566839171
2566839147,2566839144
2566839147,2566839157
2566839147,1015188208
1105133970,5322796936
1105133970,1015188211
5398123971,1015188256
5398123971,12565855489
5398123971,12565855488
1016123542,1017009261
1016123542,1016123621
1016123542,1027127608
1017009261,4999689063
1017009261,1016123542
1017009261,7629806870
1016123621,1016123709
1016123621,1017009846
1016123621,1016123542
1027127608,1016123674
1027127608,7623929927
1027127608,1016123542
1016563193,1016123572
1016563193,1017012053
1016563193,1017010468
1017009846,3489341670
1017009846,1016123572
1017009846,1016123621
1016123580,4999689058
1016123580,4999689063
1016123580,1016123709
4999689058,1016123580
4999689058,1016123654
4999689058,4999689057
4999689063,1017009261
4999689063,1016123580
4999689063,4999689059
1016123709,1016123621
1016123709,1016123580
1016123709,1016123654
1016123608,2944276043
1016123608,3489341796
1016123608,13351837943
2944276043,1016123657
2944276043,1016123608
2944276043,2944276044
2944276043,2944276041
13351837943,1016123608
13351837943,13351837942
13351837943,13351837941
13351837943,2944276044
1016123619,8252053280
1016123619,13152974567
1016123619,8252053274
8252053280,1016123619
8252053280,8252053282
8252053280,8252053278
13152974567,13152974561
13152974567,8463595249
13152974567,1016123619
8252053274,1016123619
1016123622,3489341604
1016123622,3489341548
1016123622,7623929927
3489341604,1016123648
3489341604,1016123622
3489341604,3489341640
3489341548,1016123622
3489341548,7629806883
3489341548,3489341619
7623929927,7623867478
7623929927,1016123622
7623929927,1027127608
1016123641,10096985751
1016123641,1016123674
1016123641,10096972872
1016123641,1952513427
10096985751,1613414300
10096985751,1016123641
10096985751,10096985811
10096972872,1055453420
10096972872,1016123641
10096972872,1055453284
1952513427,2508201288
1952513427,2508201288
1952513427,1016123641
1016123648,1055453420
1016123648,3489341604
1016123648,3489341619
1055453420,10096972872
1055453420,1016123648
1055453420,1055453284
3489341619,1016123648
3489341619,3489341548
3489341619,10096985781
1016123654,4999689058
1016123654,1017011042
1016123654,1016123709
1017011042,1017010956
1017011042,6918467000
1017011042,1016123654
1016123657,2944276043
1016123657,13351837945
1016123657,4999370004
13351837945,13351837944
13351837945,2944276044
13351837945,1016123657
4999370004,4999370008
4999370004,4999370000
4999370004,1016123657
1016123662,1016123676
1016123676,1016123686
1016123676,1016123662
1016123676,1017007936
1017007936,1016123676
1017007936,8252053276
1017007936,8252053282
1017010779,9402681821
1017010779,1016123686
1017010779,1017010638
1017012053,1016563193
1017012053,9402681821
1017012053,1017012047
1017010468,1017010468
1017010468,1017010468
1017010468,1016563193
1016693309,10604361320
1016693309,1016695254
1016693309,5029494152
10604361320,10604361352
10604361320,1016693309
10604361320,10604361321
1016695254,1016693309
1016695254,1016694921
1016695254,5029494041
5029494152,1016693691
5029494152,5029494047
5029494152,1016693309
1016693346,3383437156
1016693346,9393336536
1016693346,1016694921
3383437156,3383437155
3383437156,2210411372
3383437156,1016693346
9393336536,1016693346
9393336536,1025393123
9393336536,9393336552
1016694921,1016695254
1016694921,5029494015
1016694921,1016693346
1016694921,1025391905
5029494054,1016693460
5029494054,5029494015
5029494054,2508808956
5029494050,1016693460
5029494050,1016694147
5029494050,5029494041
5029494015,5029494054
5029494015,1016694921
5029494015,1016693460
1016693578,5012432637
1016693578,12037845106
1016693578,1603437096
5012432637,11880588430
5012432637,1016693578
5012432637,1603437096
12037845106,1016693578
12037845106,5012432633
12037845106,12037845111
1603437096,5012432637
1603437096,1016693578
1603437096,5012432639
1603437096,1016695316
1016693691,5029494047
1016693691,11880588430
1016693691,5029494152
1016693691,11880588446
5029494047,1016694147
5029494047,1016693691
5029494047,5029494152
11880588430,1016693691
11880588430,5012432637
11880588430,11880588447
5029494041,5029494050
5029494041,1016695254
5029494041,1016694147
1016694358,10604361350
1016694358,10604359890
1016694358,1016694576
10604361350,2508808976
10604361350,1016694358
10604361350,1025391461
10604359890,1016694358
10604359890,1016695316
10604359890,10604359891
1016694576,5012432639
1016694576,5012432638
1016694576,1016694358
1052400985,2508808938
1052400985,1016694516
1052400985,9924841911
2508808938,1052400985
2508808938,1024814320
2508808938,1016694516
5012432639,1016694576
5012432639,1603437096
5012432639,5012432641
1025391905,1025393123
1025391905,10604361346
1025391905,1016694921
1016695126,5012432638
1016695126,1601688965
1016695126,2508808976
1601688965,1016695126
1601688965,7394154607
1601688965,4121324047
1601688965,1603437129
2508808976,10604361350
2508808976,1016695126
2508808976,1603437129
1016695316,10604359890
1016695316,10604361314
1016695316,1603437096
10604361314,1016695316
10604361314,10604361352
10604361314,10604361313
1016735991,2883952739
1016735991,2272423612
1016735991,2272423615
2883952739,2883952737
2883952739,1016735991
2883952739,13408855459
2272423612,2883952735
2272423612,1016735991
2272423612,1016736103
2272423615,1016736095
2272423615,13408855453
2272423615,1016735991
1016736022,2883952742
1016736022,1016736144
1016736022,2883952747
2883952742,2883952744
2883952742,1016736193
2883952742,1016736022
1016736144,1016736103
1016736144,1016736022
1016736144,1016736082
2883952747,2883952749
2883952747,2883952748
2883952747,1016736022
1016736052,1016736198
1016736052,4496903331
1016736052,2795776943
1016736052,1016736125
1016736198,1016736052
1016736198,1016736193
1016736198,2272423682
4496903331,1016736269
4496903331,1016736052
2795776943,3616221379
2795776943,2795776948
2795776943,1016736052
1016736125,1016736269
1016736125,1016736052
1016736125,3210808961
1016736063,5425643738
1016736063,2950756018
1016736063,10130671016
5425643738,1016736063
5425643738,3902166169
5425643738,5425643726
2950756018,1016736063
2950756018,2950756017
2950756018,2566966503
10130671016,1016736063
10130671016,6560953546
10130671016,10130690438
1016736080,1018842449
1016736080,7475323597
1016736080,1016736223
1018842449,1016736080
1018842449,2204456152
1018842449,1016736137
7475323597,1016736275
7475323597,1016736080
7475323597,7475323595
1016736081,1016736194
1016736081,1016736137
1016736081,1105134647
1016736081,1818628226
1016736194,1016736081
1016736194,12202486666
1016736194,1018833825
1016736137,2204456155
1016736137,1016736081
1016736137,1018842449
1016736137,2421216780
1105134647,1818628226
1105134647,1016736081
1818628226,1105133828
1818628226,1016736081
1016736082,2883952720
1016736082,1016736144
1016736082,2883952727
2883952720,1016736082
2883952720,1016736355
2883952720,2883952719
2883952727,1016736082
1016736095,2272423615
1016736095,2272423640
1016736095,2272423627
2272423640,2272423630
2272423640,13408855448
2272423640,1016736095
2272423627,1016736095
2272423627,2883952748
2272423627,1016736334
1016736102,1016736334
1016736102,2844130261
1016736102,2844130263
1016736334,1016736102
1016736334,1016736304
1016736334,2272423627
2844130261,2844130259
2844130261,1016736102
2844130261,2844130266
2844130263,1016736102
1016736103,1016736144
1016736103,2272423612
1016736103,2883952736
2883952736,1016736103
1016736108,2948596117
1016736108,2948596117
1016736108,1016736321
2948596117,1016736108
2948596117,1016736108
2948596117,2948670277
1016736269,1016736125
1016736269,3210808961
1016736269,3588249165
3210808961,3616221378
3210808961,1016736125
3210808961,5041494352
2204456155,1016736137
2204456155,2204456171
2204456155,2421216848
2421216780,4571908077
2421216780,1016736137
1016736170,4571908073
1016736170,2421216412
1016736170,4571907997
4571908073,1016736170
2421216412,4571908000
2421216412,1016736170
2421216412,9931882372
4571907997,4571907996
4571907997,1016736170
4571907997,2421216473
1016736193,13408855463
1016736193,2883952742
1016736193,1016736198
13408855463,1016736193
13408855463,13408855462
13408855463,13408855466
1018833825,12230197297
1018833825,1018833811
1018833825,1016736194
2272423682,1124621588
2272423682,1124621570
1016736201,2421216505
1016736201,7475323595
1016736201,2421216520
2421216505,2421216487
2421216505,1016736201
2421216505,2421216519
7475323595,6560953548
7475323595,1016736201
7475323595,7475323597
2421216520,2421216778
3588249165,1016736304
3588249165,1016736269
3588249165,3588249202
1016736275,7475323597
1016736275,5083574792
1016736275,9931882372
5083574792,6560953548
5083574792,1016736275
5083574792,9931882374
9931882372,1016736275
9931882372,2421216412
9931882372,9931882373
1016736304,3588249165
1016736304,1016736334
1016736304,2844130258
2844130258,1016736304
2844130258,2844130259
2844130258,2844130255
1016736315,2883952718
1016736315,3616221373
1016736315,2883952715
2883952718,1016736355
2883952718,1016736315
2883952718,2883952717
2883952715,1016736315
13357813834,1016736321
2421216522,1016736324
2421216522,3616245809
2421216522,3616245807
2421216519,2421216520
2421216519,1016736324
2421216519,2421216505
1016736331,2948596110
1016736331,2948670277
1016736331,2948596127
2948596110,11850237358
2948596110,1016736331
2948596110,2948596126
2948670277,13396005457
2948670277,1016736331
2948670277,2948596117
2948596127,1016736331
1016736355,2883952720
1016736355,2883952718
1016736355,13408855466
13408855466,13408855463
13408855466,1016736355
13408855466,13408855464
8252053276,1017007936
8252053276,8252053277
8252053276,1017008900
8252053282,8252053281
8252053282,8252053280
8252053282,1017007936
1017008021,10110049195
1017008021,10110052343
1017008021,10110052344
10110049195,10110052325
10110049195,1017008021
10110049195,10110052307
10110052343,10110049191
10110052343,10110052364
10110052343,1017008021
10110052344,10110052325
10110052344,1017008021
10110052344,3943001288
1017008044,2944266620
1017008044,3489341810
1017008044,3489341807
2944266620,1017008044
2944266620,2944276040
2944266620,4999369954
3489341810,1017008044
3489341810,1017008492
3489341810,1017010564
3489341807,1017008044
3489341807,1017011592
3489341807,1017010564
1017008094,1055453480
1055453480,1017008094
1055453480,3489341653
1055453480,10096985742
1017008151,9767153578
1017008151,9767153577
1017008151,5046621160
9767153578,1017008151
9767153578,8733945386
9767153578,1055453697
9767153578,9767153582
9767153577,1017008151
5046621160,5046621156
5046621160,5046627605
5046621160,1017008151
1017009545,1017008193
1017010368,1017008193
1017010368,10084912017
1017010368,1017011524
3489341508,10084912017
3489341508,1017008210
3489341508,3489341514
1017009419,1017008210
1017008249,10073767143
1017008249,3489341441
1017008249,1017011935
10073767143,1017008249
10073767143,10073767120
10073767143,10073767347
3489341441,1017008249
3489341441,10073767264
3489341441,3489341477
1017011935,6918466963
1017011935,1025680168
1017011935,1017008249
1017008302,1036312356
1017008302,1017011076
1017008302,1017010154
1036312356,1017008302
1036312356,2647577202
1036312356,7961967135
1017011076,1017008302
1017011076,7961967139
1017011076,1017011481
1017008304,1017010990
1017010990,1017008304
1017010990,13376467882
1017010990,13415456038
1017008348,1017009814
1017008348,3489341683
1017008348,13351837940
1017009814,1017008348
3489341683,13351837956
3489341683,3489341678
3489341683,1017008348
13351837940,13351837939
13351837940,1017008348
13351837940,13351837949
4496921794,1017008357
4496921794,4496921187
4496921794,4496921185
1017008503,7134199974
1017008503,7134199972
1017008503,1036312331
7134199974,7134199966
7134199974,1017008503
7134199974,7134199973
7134199972,1017008503
7134199972,7134199962
7134199972,7134199970
1036312331,2647577204
1036312331,1017008503
1036312331,2647577206
1017008554,1017011870
1017008554,1017011856
1017008554,13371256017
1017011870,3489341804
1017011870,1017008554
1017011870,1017009209
1017011856,1017008554
1017011856,1017011592
1017011856,1017009811
13371256017,13371256022
13371256017,13371256018
13371256017,1017008554
1017008632,2006216732
1017008632,1613414300
1017008632,10096972891
1613414300,10096985751
1613414300,1017008632
1613414300,2508201288
10096972891,1017008632
10096972891,10096972884
10096972891,3489341624
1017008700,2944276041
1017008700,13371256026
1017008700,2944276040
2944276041,2944276040
2944276041,2944276040
2944276041,1017008700
2944276041,2944276043
13371256026,1017010241
13371256026,13371256025
13371256026,1017008700
2944276040,2944276041
2944276040,2944276041
2944276040,1017008700
2944276040,2944266620
1017008900,1017009811
1017008900,8252053276
1017008900,13152974566
1017009811,1017008900
1017009811,1017010653
1017009811,1017011856
13152974566,13152974561
13152974566,1017008900
13152974566,13152977411
1017009209,1017011870
7629806870,7629806857
7629806870,7623867478
7629806870,1017009261
1017009313,1017010471
1017009313,1017010238
1017009313,10110049212
1017010471,1017010537
1017010471,1017009313
1017010471,3943001285
1017010238,1017010537
1017010238,10110052248
1017010238,10110052258
1017010238,1017009313
10110049212,1952511463
10110049212,3943001286
10110049212,1017009313
1017009462,6918466963
6918466963,1017011935
6918466963,1017009462
6918466963,6918466967
3489341422,1025679852
3489341422,1017009565
3489341422,10073767319
1017009629,13376467882
1017009629,3234466714
1017009629,1768907589
13376467882,13376467883
13376467882,1017010990
13376467882,1017009629
1768907589,1768907737
1768907589,1017009629
1768907589,11300406908
1768907589,11300406942
1017010653,1017011488
1017010653,3489341809
1017010653,1017009811
1017011770,1017009943
1017011770,1032159492
1017011770,3489341838
6205753194,6205753302
6205753194,1017010154
6205753194,6205753191
10563834206,1017010944
10563834206,1017010207
10563834206,10563834207
1017010537,1017010238
1017010537,1017010471
1017010537,1017010701
1017010537,1021992820
10110052248,1017010238
10110052258,10110049206
10110052258,1017010238
10110052258,10110049203
1017010241,13371256026
1017010241,13371256022
1017010241,13371256023
1017010241,13371256024
13371256022,1017010241
13371256022,13371256017
13371256022,13371256021
13371256023,1017010241
13371256024,1017010241
1017010283,3489341827
1017010283,1017011488
1017010283,1032159544
3489341827,1017010283
3489341827,3489341823
3489341827,1027194821
1017011488,3489341811
1017011488,1017010283
1017011488,1017010653
1032159544,1024862626
1032159544,5232644927
1032159544,1017010283
1017010358,3489341395
1017010358,3489341394
1017010358,10096985892
3489341395,1017010358
3489341395,3489341400
3489341395,10073767129
3489341394,10073767129
3489341394,1017010358
3489341394,3489341393
10096985892,3489341393
10096985892,4496921159
10096985892,1017010358
10084912017,1017010368
10084912017,3489341508
10084912017,10084871114
1017010413,1017011481
1017011481,1017010413
1017011481,2212022719
1017011481,1017011076
3943001285,1017011549
3943001285,3943001286
3943001285,1017010471
1017010701,13367856585
1017010701,10556408062
1017010701,1017010537
1021992820,13367856590
1021992820,10110052314
1021992820,13367856582
1021992820,1017010537
1017010564,3489341810
1017010564,3489341807
1017010564,1017010633
1017010633,3489341812
1017010633,1027194591
1017010633,1017010564
1017010601,3489341670
1017010630,13351837960
1017010630,1017010956
1017010630,13351837958
13351837960,1017010630
13351837960,1017010956
13351837960,13351837966
1017010956,1017011042
1017010956,1017010630
1017010956,13351837960
13351837958,13351837956
13351837958,13351837959
13351837958,1017010630
3489341812,1017011592
3489341812,1017010633
3489341812,3489341818
1017010638,1017010779
3489341809,1017010653
13367856585,1017011549
13367856585,1017010701
13367856585,13367856587
9402681821,1017012053
9402681821,1017010779
9402681821,9402681824
9767189166,9767189167
9767189166,1017011104
9767189166,1017010906
1017010944,10556408060
1017010944,10110049192
1017010944,10563834206
10556408060,1017010944
10556408060,10563834207
10556408060,10556408059
10556408060,1017011549
10110049192,1017010944
10110049192,10556408059
10110049192,10075919421
1017010982,4718316477
13415456038,1017010990
6918467000,1027127603
6918467000,6918467001
6918467000,1017011042
7961967139,7961967135
7961967139,1017011445
7961967139,1017011076
1017011104,7927758679
1017011104,9767189166
1017011104,9128801178
7927758679,1017011104
7927758679,9767189167
7927758679,7927758676
9128801178,9128801177
9128801178,9128801194
9128801178,9128801179
9128801178,1017011104
1017011241,3943001297
1017011241,10110052371
1017011241,10110052301
3943001297,3943001296
3943001297,1017011241
3943001297,3943001312
10110052371,10110052396
10110052371,1017011241
10110052371,10110052364
10110052301,1017011241
10110052301,10110052326
10110052301,10110052307
1017011334,10096985691
1017011334,10096985682
1017011334,10096972884
10096985691,1017011334
10096985691,10096972907
10096985691,10096985665
10096985682,1017011334
10096985682,10096985767
10096985682,10096985721
10096972884,10096972891
10096972884,1017011334
10096972884,10096985993
1017011445,7961967139
2212022719,1017011481
3489341811,1017011488
10110049206,10110052258
10110049206,10110049203
10110049206,1017011524
1017011549,13367856585
1017011549,3943001285
1017011549,10556408060
1017011592,3489341812
1017011592,1017011856
1017011592,3489341807
3489341838,3489341837
3489341838,3489341853
3489341838,1017011770
1025680168,1017011935
1017012047,1017012053
1018624536,11504260441
1018624536,11504260426
1018624536,9864630765
11504260441,11504343340
11504260441,1018624536
11504260441,11504260442
11504260426,11504260428
11504260426,1018624536
11504260426,11504260427
9864630765,1018624536
9864630765,4764783178
9864630765,9864631025
1018624542,11517427595
1018624542,9288468492
1018624542,9288468473
11517427595,1018624542
11517427595,11517427599
11517427595,11517427601
9288468492,9288468502
9288468492,1018624542
9288468492,9288468491
9288468473,1018624542
9288468473,9288468487
9288468473,11517427601
1018633294,3264413802
1018633294,3264413858
1018633294,3264413792
3264413802,3264413806
3264413802,3264413806
3264413802,1018633294
3264413858,1018633294
3264413792,1018633294
1018633297,2063087145
1018633297,9288424612
1018633297,9288468612
9288424612,9288424614
9288424612,1018633297
9288424612,9288424611
9288468612,9288468609
9288468612,1018633297
9288468612,9288468613
1018633300,9288424608
1018633300,11517411691
1018633300,11517411688
9288424608,1018633300
9288424608,9288424610
9288424608,9288424607
11517411691,1018633300
11517411688,1520815733
11517411688,1018633300
11517411688,11517411690
13383395490,1018651484
13383395490,1018651527
13383395490,13383395493
1018651555,1018651484
1018651555,4438247537
1018651555,2652168784
2652168774,2652168776
2652168774,1018651527
2652168774,2652168788
1018651545,1018651532
8022105625,2652168738
8022105625,1018651536
8022105625,8022105622
2652168784,2652168780
2652168784,2652168771
2652168784,1018651555
12310225763,12253728276
12310225763,1018813930
12310225763,12310225762
1568204881,4491158950
1568204881,12310225751
1568204881,1018813930
2566839040,1018816155
2566839040,2566839060
2566839040,1105134868
1018820523,1528074968
1018820523,12230201803
1018820523,12230201771
1528074968,1528059608
1528074968,1018820523
1528074968,12230201774
12230201771,1018820523
12230201771,12230201769
12230201771,12230201773
1018822214,1018822220
1018822214,12230201718
1018822214,1528074941
1018822220,1018822214
1018822220,12230201727
1018822220,1528074941
1528074941,1018822220
1528074941,12230201726
1528074941,1018822214
1528075875,1018825498
1528075875,3622553412
1528075875,12253667502
12310225771,1018825499
12310225771,1018825498
12310225771,12253667502
1018825499,12310225771
1018825499,1528075823
1018825499,12253667666
1018825499,12253667534
1528075823,12253667662
1528075823,1018825499
1528075823,1528075864
12253667666,1018825499
12253667666,9526801269
12253667666,1528075864
12253667534,1018825499
1018825500,12310225772
1018825500,1528059612
1018825500,12253667662
1018825500,12253667665
12310225772,1018825500
12310225772,1018825501
12310225772,12310225771
1528059612,1018825500
1528059612,12253667665
1528059612,12253667639
12253667662,1018825500
12253667662,1528075823
12253667662,12253667664
12253667665,12253667664
12253667665,1528059612
12253667665,1018825500
8089607362,12253667638
8089607362,1018825501
8089607362,12310225740
1018833810,4571908032
1018833810,4571908038
1018833810,1105134575
4571908032,1018833810
4571908032,1528034547
4571908032,1528034475
4571908038,1018833810
4571908038,1528034503
4571908038,1528034510
1105134575,1018833844
1105134575,1018833810
1105134575,1105133549
4571908049,2504348494
4571908049,1018833811
4571908049,12230224282
4571908049,12286103153
12230197297,12230224282
12230197297,1018833825
12230197297,12230197298
1018833844,12310263469
1018833844,1105134575
1018833844,5322796974
1018833844,1105134822
5322796974,1018833844
5322796974,5322796975
5322796974,5322796973
5322796974,2682017382
1105134822,1018833844
1105134822,1105133549
1018833847,1018833881
1018833847,12756873513
1018833847,1528034527
12756873513,6285493815
12756873513,1018833847
12756873513,1528034550
1528034527,1018833847
1528034527,1018833855
1528034527,1528034528
4571908051,1018833853
4571908051,12286103153
4571908051,2682017327
1528034495,1528034551
1528034495,1018833853
1528034495,1528034528
1018833854,4571908047
4571908047,1018833854
4571908047,1528034551
4571908047,4571908048
1018833855,1528034527
1528034560,1818628237
1528034560,1528034503
1528034560,1018833881
1018842419,3902166201
1018842419,1018842511
1018842419,3902166225
3902166201,1018842419
3902166201,2204456172
3902166201,3902166210
1018842511,1018842427
1018842511,1018842419
1018842511,1018842451
3902166225,1018842419
3902166225,2421216853
3902166225,3902166226
1018842425,1018842427
1018842425,1018842427
1018842425,2204456171
1018842427,1018842425
1018842427,1018842425
1018842427,1018842511
2204456171,2204456155
2204456171,2204456167
2204456171,1018842425
1018842432,2504299746
1018842432,2421216837
1018842432,11290890638
2504299746,1018842482
2504299746,1018842432
2504299746,2204456172
2421216837,1018842432
2421216837,2504299787
2421216837,2421216834
11290890638,2504299734
11290890638,11290890639
11290890638,1018842432
2204456152,1018842449
2204456152,1018842505
2204456152,2204456167
2204456152,1579644722
1018842451,1018842452
1018842451,1018842511
1018842451,1018842507
1018842452,1018842451
1018842452,1018842507
1018842452,2204456167
1018842507,1018842451
1018842507,1018842452
1018842507,2504299757
2204456167,2204456171
2204456167,2204456152
2204456167,1018842452
1018842482,2504299746
1018842482,2204456157
1018842482,2504299696
2204456157,1018842505
2204456157,1018842482
2204456157,2204456172
2504299696,2504299653
2504299696,1018842482
2504299696,2504299727
1018842505,2204456157
1018842505,2204456152
1018842505,2504299678
2504299678,2504299639
2504299678,1018842505
2504299678,1579644723
2504299757,1018842507
1018857192,1018857253
1018857192,2421216477
1018857192,3977071171
1018857253,3616245832
1018857253,1018857192
1018857253,2949953643
3977071171,3623959450
3977071171,1018857192
3977071171,4702040821
1018857199,1018857245
1018857199,1018857252
1018857199,1018857252
1018857245,10130690446
1018857245,1018857199
1018857245,3616245832
1018857252,10217067688
1018857252,1018857199
1018857252,1018857199
10130690446,10130690434
10130690446,1018857245
10130690446,10130690426
3616245832,1018857245
3616245832,4702040821
3616245832,1018857253
10217067688,1018857252
10217067688,10217067687
10217067688,3902166168
2949953643,2949953644
2949953643,2949953640
2949953643,11816506911
2949953643,1018857253
13404354737,1018868492
13404354737,1018868491
13404354737,13404354736
3618341796,3957124191
3618341796,1018868491
3618341796,3616245774
1018868492,3656821308
1018868492,13404354737
1018868492,3656821310
3656821308,1018868492
3656821310,13375580495
3656821310,13375580490
3656821310,1018868492
1018873496,11816506728
1018873496,3616284460
1018873496,1601688415
11816506728,1018873496
3616284460,3616284461
3616284460,3616283281
3616284460,1018873496
1018876522,1018876523
1018876523,4769559353
1018876523,1018876522
1018876523,4769559357
4769559357,1018876523
1018881007,9824231287
1018881007,9824231256
1018881007,4706296603
9824231256,1018881007
9824231256,4706296606
9824231256,9824231238
4706296603,4706296602
4706296603,4706296602
4706296603,1018881007
1021992812,5266038607
1021992812,5266039129
1021992812,1049105480
5266039129,13532783454
5266039129,1021992849
5266039129,1021992812
13367856590,1021992820
13367856590,13367856589
13367856590,10556408063
10110052314,1021992820
10110052314,12761874921
10110052314,10110052349
13367856582,13367856581
13367856582,13367856583
13367856582,1021992820
1021992833,1021993445
1021992833,1539077595
1021992833,5299674032
1021993445,1021992833
1021993445,8733877206
1021993445,8733877206
1539077595,1021993117
1539077595,1021992833
1539077595,1539077589
5299674032,5299674035
5299674032,1539077589
5299674032,1021992833
1021992849,1021992910
1021992849,5266039129
1021992910,1021992873
1021992856,1021993350
1021993350,1021992937
1021993350,1021992856
1021993350,8463594906
1021992860,1049105137
1021992860,1021992897
1021992860,1049105281
1049105137,1049105507
1049105137,1021992860
1049105137,1021993570
1021992897,4581517366
1021992897,4581517380
1021992897,1021992860
1049105281,4581517363
1049105281,13532783434
1049105281,1021992860
1021992873,1021993465
1021992873,7392515020
1021993465,13309100840
1021993465,1021992849
7392515020,2862082601
7392515020,1021992873
7392515020,1021992912
1021992888,1021993489
1021993489,1021992888
1021993489,1021993686
1021993489,1086656277
4581517366,4581517363
4581517366,4581517364
4581517366,1021992897
4581517380,4581517364
4581517380,1021992897
4581517380,1021993595
1021992912,1021992910
1021992912,7392515020
1021992917,1021993134
1021992917,2862052298
1021993134,1021993635
1021993134,2862052299
2862052298,2862052299
2862052298,13309100897
2862052298,1021992917
1021992930,1021993595
1021993595,1021992989
1021993595,1021992930
1021993595,1021993511
1021993595,4581517380
1021992935,1021993161
1021993161,2566896943
1021993161,1021992935
1021993161,1021993617
1021993161,1021993690
1021992937,1021993350
1021992937,1021993326
1021992937,1601973476
1021993326,4581517378
1021993326,1021992937
1021993326,8463594910
1601973476,1021992937
1601973476,1049106107
1601973476,1049105021
1021992953,3330014305
1021992953,2767290990
1021992953,2862052295
3330014305,1021992953
3330014305,2767291045
3330014305,3330014316
2767290990,2566715586
2767290990,1021992953
2767290990,1564399140
2767290990,2767291007
2862052295,2610198061
2862052295,1021992953
2862052295,3927268067
2862052295,13291314480
1021992982,8463594906
8463594906,1021992982
8463594906,1021993350
8463594906,8463594904
1021992989,1021993443
1021992989,1021993595
1021992989,1021993570
1021993443,1021992989
1021993570,1021992989
1021993570,1049105021
1021993570,1049105137
1021992991,4402618079
1021992991,9742051909
1021992991,4402618082
4402618079,1021992991
4402618079,1519081912
4402618079,9742051885
9742051909,1021992991
9742051909,9742051905
9742051909,9742051911
4402618082,9742051901
4402618082,1519081931
4402618082,1021992991
1021992995,1520622605
1021992995,2043057384
1021992995,11530358385
1520622605,2043057380
1520622605,1021992995
1520622605,1520622599
2043057384,1021992995
2043057384,11725510450
2043057384,1021993194
1021993056,1021993083
1021993056,9901663665
1021993056,1516088424
1021993083,1021993056
1021993083,11725460160
1021993083,4904776397
9901663665,1021993056
9901663665,9167377195
9901663665,9901663663
11725460160,1021993083
11725460160,1021993711
11725460160,11725460162
4904776397,1021993083
4904776397,1021993225
4904776397,11032821820
1021993113,1027145200
1021993113,1518951727
1021993113,11725460167
1027145200,10722143206
1027145200,1027145191
1027145200,1021993113
1518951727,1021993113
1518951727,1021993225
1518951727,13577788608
11725460167,1021993711
11725460167,1021993113
11725460167,11725604869
1021993117,1539077595
1021993635,1021993683
1021993635,2862052300
2862052299,2862052300
2862052299,2862052298
2862052299,1021993134
2566896943,1021993161
1021993617,1021993161
1021993191,12061886730
1021993191,4078019670
1021993191,12104980627
4078019670,1021993191
4078019670,7391711192
4078019670,4078019671
12104980627,12104980628
12104980627,5054573337
12104980627,1021993191
1021993194,1021993686
1021993194,11725510460
1021993194,2043057384
1021993194,11725510450
1021993686,1021993194
1021993686,1021993489
1021993686,12794869918
11725510460,1021993194
11725510460,11725510461
11725510460,11725510459
11725510450,2043057384
11725510450,11530358399
11725510450,1021993194
2718621591,1021993692
2718621591,1021993217
2718621591,2718621603
1021993244,10747336998
1021993244,1377228226
1021993244,1021993521
10747336998,5843699784
10747336998,1021993244
10747336998,10747337000
1021993277,10718916182
1021993277,2506590541
1021993277,1601973494
10718916182,1021993277
10718916182,2569754231
10718916182,9513406112
10718916182,2506590541
2506590541,3206200292
2506590541,1021993277
2506590541,10718916182
1601973494,6485672708
1601973494,1021993277
1601973494,9513406103
4581517378,1021993326
4581517378,4581517379
4581517378,10678625963
8463594910,1021993405
8463594910,1021993326
8463594910,8463594899
10556408063,10556408062
10556408063,1021993361
10556408063,13367856590
1849064299,1021993361
10556408033,1768907737
10556408033,1849064449
10556408033,1021993361
1021993395,2204418538
1021993395,1049104973
1021993395,4581518491
2204418538,1021993395
2204418538,1049106107
2204418538,2204418535
1049104973,4581518493
1049104973,2578481796
1049104973,1021993395
4581518491,1021993395
4581518491,1049105206
4581518491,4581518493
1021993405,8463594910
8733877206,1021993445
8733877206,1021993445
8733877206,10132082278
13309100840,1021993465
13309100840,13309100848
13309100840,13309100845
1021993483,4581518493
4581518493,1021993483
4581518493,1049104973
4581518493,4581518491
1021993511,4581517379
1021993511,4581517379
1021993511,1021993595
4581517379,4581517378
4581517379,1021993511
4581517379,1021993511
1024814627,1060052536
1024814627,1021993521
1024814627,1024814215
1021993527,4581517364
4581517364,1021993527
4581517364,4581517380
4581517364,4581517366
2619170741,4518987226
2619170741,10719110124
3185110561,5054573388
3185110561,12061886713
3185110561,1021993561
1021993564,1021993593
1021993564,3540614251
1021993564,3816282397
1021993564,1539077596
1021993593,1021993564
1021993593,3927268067
1021993593,1027195011
3540614251,1021993564
3540614251,3816282398
3816282397,1021993564
3816282397,3816282398
3816282397,2797480759
1539077596,2418111968
1539077596,1021993564
1539077596,1027194542
1049105021,1601973476
1049105021,1021993570
1049105021,1049105729
3927268067,2862052295
3927268067,1021993593
3927268067,3927268072
1027195011,1027194606
1027195011,1027194542
1027195011,9162139486
1021993600,12795111016
1021993600,2603306941
1021993600,9716351963
1021993600,12795111017
12795111016,12795111017
12795111016,2614905846
2603306941,1021993600
2603306941,10549097785
2603306941,10549097784
2603306941,10549097766
9716351963,1021993600
9716351963,1516088454
12795111017,9322420298
12795111017,12795111016
12795111017,10570390441
1021993683,1021992912
1021993683,2862082601
2862052300,2862082601
2862052300,2862052299
2862052300,1021993635
1021993649,10719101874
1021993649,5843701485
1021993649,1027127613
5843701485,5843699773
5843701485,13534104273
5843701485,1021993649
1027127613,5843651848
1027127613,1027127598
1027127613,1021993649
1027127613,10719101881
2862082601,7392515020
2862082601,2862052300
2862082601,1021993683
1021993692,2718621591
1021993692,1049106259
1021993692,2718621589
1049106259,10955692573
1049106259,1049105487
1049106259,1021993692
2718621589,5266038611
2718621589,2718621581
2718621589,1021993692
1021993711,11725460160
1021993711,8040145704
1021993711,11725460167
1023640387,1023640765
1023640463,2508808929
2508808929,1023640760
2508808929,1023640463
2508808929,2508808936
1023640578,1591399771
1023640578,2205908700
1023640578,9913483141
1591399771,8734085614
1591399771,1023640578
1591399771,9913483139
2205908700,1023640578
9913483141,1023640578
1023640760,2508808929
1023640760,13346576601
1023640760,5054530502
13346576601,13617166602
13346576601,1023640760
13346576601,13617114396
5054530502,1023640760
5054530502,5054530500
5054530502,5054530501
5054540857,1023640765
5054540857,13592299605
5054540857,5054540858
5054540867,1023640765
1024814215,1024814503
1024814215,1024814627
1024814215,7389186804
1024814215,13510543073
1024814503,1024814215
7389186804,1024814215
13510543073,1024814215
1024814320,1024814590
1024814320,5031707172
1024814320,2508808938
1024814320,11901200542
1024814590,5057830792
1024814590,1024814320
1024814590,5057830416
5031707172,5031707173
5031707172,1024814320
5031707172,1024814614
5057830792,1024814677
5057830792,1024814590
5057830792,5057830416
5057830416,11901200542
5057830416,1024814590
5057830416,5057830792
1024814614,5031707173
1024814614,5057830777
1024814614,5031707172
5057830777,1024814614
5057830777,11901200513
5057830777,11901200503
1060052536,1060052442
1060052536,1024814627
1060052536,13510543059
1024814677,5057830792
1024814677,11901200512
1024814677,11901200513
11901200512,1024814677
11901200512,2612546026
11901200512,11901200513
11901200513,5057830777
11901200513,11901200512
11901200513,1024814677
1024862333,1024863427
1024862333,1024862595
1024862333,1024862595
1024863427,1027194954
1024863427,1024862333
1024863427,4999369969
1024862595,1024863227
1024862595,1024862333
1024862595,1024862333
1024862444,8463595213
8463595213,8463595214
8463595213,1032159237
8463595213,1024862444
1024862514,13377760343
1024862514,13377760342
1024862514,1032160076
13377760342,1024862514
1032160076,13390654580
1032160076,5873786645
1032160076,1024862514
1024862626,1032160046
1024862626,1032159544
1024862798,8463595204
8463595204,8463595202
8463595204,1024862798
8463595204,8463595209
8665305337,2508189898
8665305337,1024863113
8665305337,8665305334
1024863187,1024863113
4999369969,4999369973
4999369969,1024863427
4999369969,5000185065
1024987008,1024987981
1024987008,1024988203
1024987008,1032159990
1024987981,1024987008
1024988203,1024987008
1032159990,1024987110
1032159990,1024987008
1032159990,1032159266
1024987058,4980339712
1024987058,1024987685
1024987058,1599232464
4980339712,1024987058
1032160014,5176255685
1032160014,9405126583
1032160014,9405126600
1024987334,1024987486
1024987334,1024987429
1024987334,10875560025
1024987486,1024987334
1024987486,1024987495
1024987486,1024987429
1024987429,1024987334
1024987429,1024987486
1024987429,10875560046
10875560025,1024987334
10875560025,10875560025
10875560025,10875560025
1024987363,3088017990
1024987363,1588473167
1024987363,8140471874
3088017990,1024987363
3088017990,1032159266
3088017990,3088018001
1588473167,1024987363
8140471874,8140471887
8140471874,8140471875
8140471874,1024987363
1024987391,1027194754
1024987391,8140471876
1024987391,13346249324
1024987391,13346249322
8140471876,8140471882
8140471876,1024987391
8140471876,8140471881
13346249324,13346249328
13346249324,13346249323
13346249324,1024987391
13346249322,13346249316
13346249322,1024987391
13346249322,13346249317
1024988235,1024987789
1024988235,1024987789
1024988235,1024987405
10875560046,1024987429
7149710851,1024987495
7149710851,1024988147
7149710851,7149710848
5232649632,9767153568
5232649632,5149946904
5232649632,9767153566
1024987562,1024987908
1024987562,3489341880
1024987562,5046708256
1024987908,1024987562
1024987636,5873786645
1024987636,1024987958
1024987636,5873786636
5873786645,1024987636
5873786645,1032160076
5873786645,5873786636
1024987958,5873786635
1024987958,1024987636
1024987958,13390654582
5873786636,1024987636
5873786636,2508189915
5873786636,5873786645
7149710860,1024987661
7149710860,8463594859
7149710860,7149710857
5046708258,1024987685
1024987698,1024988126
1024987698,1024988011
1024987698,1055453697
1024988126,1024987698
1024988011,1024987698
1055453697,1055453855
1055453697,1024987698
1055453697,9767153578
1024988147,7149710851
1024988147,1024987701
1024987789,1024988235
1024987789,1024988235
1024987789,2990832329
2990832329,9405126601
2990832329,1032159681
2990832329,1024987789
1024988073,1055453855
1055453855,1024988073
1055453855,1055453697
1055453855,7915865274
10132397974,10078060314
10132397974,1025288452
10132397974,1539086867
4597907669,1025288465
4597907669,1516018307
4597907669,11750491011
11750491010,13520233755
11750491010,1025288465
11750491010,11750491011
4597907667,1025288555
4597907667,4753275201
4597907667,4597907664
2508808857,1025288555
2508808857,13529054207
2508808857,2508808856
1025288581,1025289025
1025288581,253819570
4438230868,1025288666
2204254041,6938175899
2204254041,1025288701
2204254041,13611204031
1034252489,10078060628
1034252489,1025288452
1569484220,1569484410
1569484220,11231249084
1569484220,1025289209
11750244099,4753276834
11750244099,11750244095
1601687931,1601687933
1601687931,1025289209
1601687931,11188440517
1025389936,1025390664
1025389936,1025392164
1025389936,8412885861
1025390664,1025389936
1025390664,2508808923
1025390664,2508808925
1025392164,1025393357
1025392164,1025389936
1025392164,1025391856
1025390135,1025393596
1025390135,1025393123
1025390135,1025392188
1025393596,1025390135
1025393596,10604361351
1025393596,10604361321
1025393123,1025391905
1025393123,1025390135
1025393123,9393336536
1025392188,1025391185
1025392188,1025390135
1025392188,1025392606
1025392820,3320199179
1025392820,1025390895
1025392820,1025391856
1025391185,1025392188
1025391185,10604361313
1025391185,10604361351
10604361313,10604359891
10604361313,1025391185
10604361313,10604361314
10604361351,1025391185
10604361351,1025393596
10604361351,10604361352
1025391461,10604359891
1025391461,1025392606
1025391461,10604361350
10604359891,1025391461
10604359891,10604361313
10604359891,10604359890
1025392606,1025391461
1025392606,1025392188
1025392606,1603437129
1025391799,2508808922
1025391856,1025393081
1025391856,1025392820
1025391856,1025392164
1025393081,1025391856
1025393081,2508808924
1025393081,2508808921
10604361346,1025391905
1025393357,1025392164
1025393357,2508808926
1025393357,2508808927
1603437129,2508808976
1603437129,1025392606
1603437129,1601688965
2508808926,2508808925
2508808926,1025393357
2508808926,2210411375
10604361321,1025393596
10604361321,10604361345
10604361321,10604361320
1025410279,12095796752
1025410279,12095796897
1025410279,12095796750
12095796752,12095796781
12095796752,1025410279
12095796752,12095796750
12095796897,1025410279
12095796897,12095796721
12095796897,12095796896
12095796750,1025410279
12095796750,12095796753
12095796750,12095796752
12095796963,1025410285
12095796963,8531289092
12095796963,12095796966
12095796721,12095796897
12095796721,12095796723
12095796721,1025410285
1025410290,12095796872
1025410290,8531289092
1025410290,8531289088
12095796872,1025410290
12095796872,12095796870
12095796872,12095797007
12095796872,12095796875
8531289092,12095796963
8531289092,1025410290
8531289092,8531289090
8531289088,1025410290
8531289088,8531289076
8531289088,8531289087
1025410293,8531289100
1025410293,12095796832
1025410293,8531289098
1025410293,12095796834
8531289100,12095796869
8531289100,1025410293
8531289100,8531289099
12095796832,1025410293
12095796832,12095796783
12095796832,12095796834
8531289098,1025410293
8531289098,8531289101
8531289098,8531289099
12095796834,1025410293
12095796834,12095796832
12095796834,12095796836
1025495638,12088563769
1025495638,12088560267
1025495638,12088560268
12088563769,1025495638
12088563769,12088563770
12088563769,1025495937
12088560267,1025495638
12088560268,1025495638
1025495644,1025495754
1025495644,3616245734
1025495644,11641406107
1025495754,1025495862
1025495754,1025495699
1025495754,1025495644
1025495754,13376053837
3616245734,11627254638
3616245734,1025495831
3616245734,1025495644
10669009877,12033277843
10669009877,1025495646
10669009877,12033277844
1025495650,1025495834
1025495827,1025495794
1025495827,1025495669
1025495827,1025495646
10933940602,1025495669
10933940602,828167047
1025495699,1025495831
1025495699,1025495754
1025495699,1025495751
1025495699,11641409789
1025495831,1025495699
1025495831,11641409794
1025495831,3616245734
11641409789,11641409780
11641409789,11641409794
11641409789,1025495699
1025495715,3641306721
1025495715,3641306720
1025495715,1025495834
3641306721,1025495715
12085970213,4479813451
12085970213,12085970203
1025495731,1025495773
1025495731,1025495838
1025495731,11614931280
1025495773,13061858348
1025495773,1025495731
1025495773,1025495908
4713940062,1025495751
1025495862,1025495754
13376053837,11627254643
13376053837,1025495754
13376053837,13376053839
1025495794,12033277945
1025495794,1025495827
1025495794,12083996591
12083996591,12083996594
12083996591,1025495794
12083996591,12083996593
1025495812,3897585978
1025495812,3897585980
3897585978,1025495812
3897585978,3362495812
3897585980,1025495812
3897585980,2551268422
11641409794,11641409779
11641409794,1025495831
11641409794,11641409789
1025495901,1025495694
1025495901,277907445
6687306410,1025495926
3201790727,1025522192
3201790727,3201790712
3201790727,3201790726
1025522438,3201772623
1025522438,1025524184
1025522438,5076733780
1025522438,5076733784
3201772623,3201772615
3201772623,1025522438
3201772623,1025522527
1025524184,1025522527
1025524184,1025522438
1025524184,5076733772
1025524184,5076733777
5076733780,3207287867
5076733780,1025522438
5076733780,1601985037
5076733784,5076733777
5076733784,12104961639
5076733784,1601985037
5076733784,1025522438
1025522527,1025524184
1025522527,3201772623
1025522527,3201772622
1025522527,3201772613
3201772622,3201772612
3201772622,1025523917
3201772622,1025522527
3201772613,3201772615
3201772613,3201772612
3201772613,3201772626
3201772613,1025522527
1025522743,1025523917
1025522743,5076733758
1025522743,1025523033
1025523917,3201772622
1025523917,1025523033
1025523917,1025522743
5076733758,5076733752
5076733758,1025522743
5076733758,12104961667
1025523033,1025523917
1025523033,1025522743
1025523033,5076733772
5076733772,1025523033
5076733772,1025524184
5076733772,5076733770
1025524118,3201790723
1025524118,1601985043
1025524118,3201772593
1025524118,3201772592
3201790723,3201772595
3201790723,1025524118
3201790723,3201790725
3201790723,3201790722
3201772592,1025524118
3201772592,8235937962
3201772592,1601985043
5076733777,5076733784
5076733777,12104961644
5076733777,5076733770
5076733777,1025524184
1025524350,3201772616
1025524350,3201772608
1025524350,8255515470
3201772616,3201772609
3201772616,1025524350
3201772616,3201772611
3201772608,3201772590
3201772608,3201772631
3201772608,1025524350
3201772608,3201772607
8255515470,1025524350
8255515470,3201772611
8255515470,3201772629
1025679295,10073767395
1025679295,1025679852
1025679295,1025680085
10073767395,1025679295
10073767395,10073767317
10073767395,3489341400
1025679852,1025679295
1025679852,3489341422
1025679852,1025680085
1025680085,1025679295
1025680085,1025679852
1025680085,10073767317
10073767317,10073767395
10073767317,10073767429
10073767317,1025680085
1514159535,1025829084
1514159544,1025829084
1514159544,11530358382
1514159544,1518951636
1025829108,1025829145
1025872990,1025873013
1025872990,6567688474
1025872990,1025873020
1025872990,13090489843
1025873013,1025873074
1025873013,1025872990
1025873013,1025873029
1025873013,1025873032
6567688474,2811645404
6567688474,1025872990
6567688474,13090489842
1025873020,1025873032
1025873020,10090478980
1025873020,1025872990
13090489843,1025872990
13090489843,1025873027
13090489843,13090489849
1025872992,1025873052
1025872992,1025873060
1025872992,1025873064
1025872992,1025873018
1025873052,13090489875
1025873052,1025873022
1025873052,13090489877
1025873052,1025872992
1025873060,1025873024
1025873060,1025873015
1025873060,1025872992
1025873064,1025873022
1025873064,13090489893
1025873064,1025872992
1025873064,1025873015
1025873018,1025873024
1025873018,1025873070
1025873018,1025872992
1025872997,1025872998
1025872997,1025873065
1025872997,1025873007
1025872998,1025873049
1025872998,1025872997
1025872998,1025873011
1025873065,1025873080
1025873065,1025873023
1025873065,1025872997
1025873007,1025873035
1025873007,1025873083
1025873007,1025872997
1025873049,1025873078
1025873049,1025873055
1025873049,1025873002
1025873049,1025872998
1025873011,1025873083
1025873011,1025873055
1025873011,1025872998
1025873000,1025873068
1025873000,1025873088
1025873000,10090478976
1025873068,1025873000
1025873068,13090489904
1025873068,13061815547
1025873088,1025873000
1025873088,1025873056
1025873088,1025873077
10090478976,10090464366
10090478976,10090479087
10090478976,1025873000
1025873002,1025873003
1025873002,1025873074
1025873002,1025873029
1025873002,1025873049
1025873003,1025873016
1025873003,10090479045
1025873003,1025873002
1025873074,1025873055
1025873074,1025873013
1025873074,1025873002
1025873074,1025873009
1025873029,1025873027
1025873029,1025873002
1025873029,1025873016
1025873029,1025873013
1025873016,1025873043
1025873016,1025873003
1025873016,1025873029
10090479045,1025873003
10090479045,1025873078
10090479045,10090478985
1025873004,1025873077
1025873004,1025873056
1025873004,10090479038
1025873077,1025873062
1025873077,1025873088
1025873077,1025873004
1025873056,1025873036
1025873056,1025873004
1025873056,1025873088
10090479038,13090489829
10090479038,1025873004
10090479038,10090479012
1025873006,1025873067
1025873006,1025873035
1025873006,10090479013
1025873067,1025873071
1025873067,1025873006
1025873067,1025873083
1025873035,1025873007
1025873035,1025873080
1025873035,1025873006
10090479013,10090478917
10090479013,1025873006
10090479013,10090464401
1025873083,1025873007
1025873083,1025873011
1025873083,1025873067
1025873008,10090478949
1025873008,10090478971
1025873008,10090464389
1025873008,13090489904
10090478949,1025873008
10090478949,2811645404
10090478949,10090464394
10090478971,1025873008
10090478971,10090479014
10090478971,10090479017
10090464389,10090478990
10090464389,10090478990
10090464389,1025873008
13090489904,1025873068
13090489904,1025873008
13090489904,13090489907
1025873009,1025873032
1025873009,1025873089
1025873009,1025873074
1025873009,1025873022
1025873032,1025873020
1025873032,1025873009
1025873032,1025873013
1025873032,13090489873
1025873089,1025873055
1025873089,1025873085
1025873089,1025873009
1025873089,1025873071
1025873022,1025873009
1025873022,1025873064
1025873022,1025873052
1025873022,1025873085
1025873055,1025873011
1025873055,1025873074
1025873055,1025873049
1025873055,1025873089
1025873015,1025873060
1025873015,1025873064
1025873015,3802333316
3802333316,3802333314
3802333316,10922098813
3802333316,1025873015
1025873043,1025873016
1025873043,6567688475
1025873043,10090479016
1025873017,13090489818
1025873017,10090479021
1025873017,13061815544
1025873017,13090489829
13090489818,13090489819
13090489818,1025873017
13090489818,13090489830
10090479021,1025873036
10090479021,10090464382
10090479021,1025873017
13061815544,13061815553
13061815544,1025873017
13061815544,13061815547
13090489829,10090479038
13090489829,13090489830
13090489829,1025873017
1025873024,1025873018
1025873024,1025873060
1025873024,1519008206
1025873070,1025873018
1025873070,1519108962
1025873070,13090489875
10090478980,1519108962
10090478980,1025873020
10090478980,10090478944
1025873085,1025873089
1025873085,1025873059
1025873085,1025873022
1025873085,1025873028
1025873023,6413621472
1025873023,1025873065
1025873023,6567688457
6413621472,1025873023
6413621472,1025873080
6413621472,6413621470
6567688457,1025873078
6567688457,1025873023
6567688457,6567688453
1025873027,13090489843
1025873027,6567688475
1025873027,13090489848
1025873027,1025873029
6567688475,1025873027
6567688475,1025873043
6567688475,13090489847
13090489848,13090489845
13090489848,1025873027
13090489848,13090489849
13090489848,13090489847
1025873028,1025873044
1025873028,1025873085
1025873028,1025873071
1025873044,1025873028
1025873044,13090489890
1025873044,1025873061
1025873071,1025873089
1025873071,1025873067
1025873071,1025873028
13090489873,1025873032
13090489873,13090489887
13090489873,13090489886
1025873080,1025873065
1025873080,1025873035
1025873080,6413621472
1025873036,10090479021
1025873036,10090479087
1025873036,1025873056
10090479087,1025873036
10090479087,10090479033
10090479087,10090478976
1025873042,10090464377
1025873042,10090478990
1025873042,10090479094
10090464377,1025873042
10090464377,3802333318
10090464377,10090479088
10090478990,1025873042
10090478990,10090464389
10090478990,10090464389
10090479094,10090478927
10090479094,10090479088
10090479094,1025873042
10090479016,1025873043
10090479016,13090489807
10090479016,10090479012
13090489890,1025873044
13090489890,1025873059
13090489890,13090489893
1025873061,10090478954
1025873061,10922098813
1025873061,1025873044
1025873061,10090464401
1025873078,10090479045
1025873078,6567688457
1025873078,1025873049
13090489875,1025873070
13090489875,1025873052
13090489875,13090489876
13090489877,13090489879
13090489877,1025873052
13090489877,13090489876
1025873059,1025873085
1025873059,13090489890
1025873059,13090489893
13090489893,1025873059
13090489893,1025873064
13090489893,13090489890
10090478954,10090478997
10090478954,1025873061
10090478954,10090478936
10922098813,1025873061
10922098813,3802333316
10922098813,13090489901
10090464401,10090478936
10090464401,10090479013
10090464401,1025873061
1025873062,1025873077
13061815547,13061815548
13061815547,1025873068
13061815547,13061815544
1519108962,1025873070
1519108962,10090478980
1519108962,13090489850
4597907677,1027127585
4597907677,4597907674
4597907677,4597907674
1027127587,11221563031
11221563031,1027127587
11221563031,1027127603
11221563031,11221563024
1027127593,10719137107
1027127593,1027127620
1027127593,12000517163
10719137107,1027127593
10719137107,10719137112
10719137107,10719134704
1027127620,1027127593
1027127620,10719137156
1027127620,10719137105
12000517163,1027127593
12000517163,5843651816
12000517163,12000517169
1027127598,10091380652
1027127598,1027127613
1027127598,5843651841
10091380652,1568204175
10091380652,1027127598
10091380652,10091380650
5843651841,1027127598
5843651841,1027127609
5843651841,7628234361
1027127625,1027127609
1027127625,13510588340
1027127625,13510588342
1027127611,11994505915
1027127611,7628234366
1027127611,5843651854
11994505915,5054573416
11994505915,1027127611
11994505915,11994505916
5843651854,10719137112
5843651854,1027127611
5843651854,10719137109
5843651848,10719137105
5843651848,1027127613
5843651848,5843651850
10719101881,1568204179
10719101881,1027127613
10719101881,10719101879
10719137156,10719137155
10719137156,10719137147
10719137156,1027127620
10719137105,5843651848
10719137105,1027127620
10719137105,10719134704
13510588340,1027127625
13510588342,1027127625
1027145150,2966596916
1027145150,12121127770
1027145150,8040145704
1027145150,11032821822
2966596916,1027145150
2966596916,1027145198
2966596916,11725604892
12121127770,1027145150
12121127770,12121127774
12121127770,12121127773
11032821822,11032821821
11032821822,2966596921
11032821822,1027145150
1027145152,1027145207
1027145152,1027145171
1027145152,1027145175
1027145207,1027145189
1027145207,1027145152
1027145207,10722143210
1027145171,1027145201
1027145171,11629735585
1027145171,1027145152
1027145175,1027145178
1027145175,1027145189
1027145175,1027145152
1027145201,1027145178
1027145201,1027145171
1027145201,1518956019
11629735585,1027145182
11629735585,1027145171
11629735585,11629735588
1027145178,1027145201
1027145178,1515854787
1027145178,1027145175
1027145189,1027145207
1027145189,1027145175
1027145189,1027145199
1515854787,1027145178
1515854787,1518951733
1515854787,1515854794
1027145182,11629735585
1027145182,1518956019
1027145182,10722143215
1518956019,5681305086
1518956019,1027145182
1518956019,7899100763
1518956019,1027145201
10722143215,11629735588
10722143215,1027145184
10722143215,1027145182
1027145184,11629735590
1027145184,1027145221
1027145184,10722143215
11629735590,1027145184
11629735590,10722143210
11629735590,11629735588
1027145221,1027145193
1027145221,1027145184
1027145221,1027145195
1027145199,1027145195
1027145199,1027145189
1027145199,1027145193
1027145191,11530365472
1027145191,1027145200
1027145191,12121127774
11530365472,5477669897
11530365472,1027145191
11530365472,11530365474
12121127774,12121127770
12121127774,1027145191
12121127774,12121127776
1027145193,10722143210
1027145193,1027145221
1027145193,1027145199
10722143210,1027145193
10722143210,1027145207
10722143210,11629735590
1027145195,1027145199
1027145195,10722143206
1027145195,1027145221
10722143206,1027145200
10722143206,1027145195
10722143206,10722085904
11725604893,1027145198
11725604893,11725604892
11725604893,1518951670
1027194392,1027194646
1027194646,1027194392
1027194646,1027194896
1027194646,10678625963
1027194403,1027194896
1027194896,1027194646
1027194896,1027194959
1027194896,1027194403
1027194896,10678625965
8733964606,1027194406
8733964606,8733964605
8733964606,2682035260
3489341829,5046627581
1027194542,2418111935
1027194542,1027195011
1027194542,1539077596
2418111935,1027194542
2418111935,9162139486
2418111935,4701951960
2418111935,3935559383
2418111935,2418111968
1027194606,1027195011
1027194606,10132082278
1027194606,1510612789
10132082278,1027194606
10132082278,8733877212
10132082278,8733877206
1510612789,1027194606
1510612789,1510612781
1510612789,11130722938
10678625963,10678625965
10678625963,4581517378
10678625963,1027194646
4980339831,4980339830
4980339831,1027194679
4980339831,10073767215
1027194814,1921937637
1027194814,1921937636
1027194814,1027194959
1921937637,8211384950
1921937637,1027194814
1921937637,4581517372
1921937636,4581517377
1921937636,1027194814
1921937636,1921937635
1027194959,1027194896
1027194959,8344861347
1027194959,1027194814
10678625965,2883469834
10678625965,10678625963
10678625965,1027194896
5000185062,1027194954
5000185062,5000185065
5000185062,11003216144
8195356103,1027194954
8195356103,10964162061
8344861347,1027194959
8344861347,8344861349
8344861347,8344861346
9162139486,2418111935
9162139486,11130722938
1028731089,1028731849
1028731849,1028731089
1028731849,1519081930
1028731849,1028731956
1028731195,10304931425
1028731195,1028731725
1028731195,3078230234
10304931425,1028731195
10304931425,3078230247
10304931425,10304931422
1028731725,1028731195
3078230234,3078230233
3078230234,3078230247
3078230234,1028731195
1028731347,1028731790
1028731347,1028731956
1028731347,3078230245
1028731790,1028731347
1028731956,1028731466
1028731956,1028731347
1028731956,1028731849
3078230245,3078230246
3078230245,10554801750
3078230245,1028731347
1028731370,1028731805
1028731370,1603964656
1028731370,4385398751
1028731805,1028731370
1603964656,2955011937
1603964656,4108392126
1603964656,1028731370
4385398751,1028731370
4385398751,4385398752
4385398751,1603964672
1028731466,1028731956
1028731689,1028731897
1028731689,1028731868
1028731689,1519082058
1028731897,1028731689
1028731897,1519082080
1028731868,1519354475
1028731868,2612528446
1519082058,1028731689
1519082058,1519354451
1028731804,10307701691
1028731804,3803060897
1028731804,1519081966
10307701691,1028731804
10307701691,10554854582
10307701691,10307701704
3803060897,1028731804
3803060897,1519081960
3803060897,3803061306
1519081966,10713120368
1519081966,10554801766
1519081966,1028731804
1519081930,1519081928
1519081930,3078227110
1519081930,1028731849
1519081930,10554837127
1519081930,1519081959
1519354475,1519354451
1519354475,1028731868
1519354475,1519082058
2612528446,1028731868
2612528446,10250851625
2612528446,1515982286
1519082080,1519082078
1519082080,1028731897
1519082080,1519082086
1028731975,10311650982
1028731975,10311650978
1028731975,1921937608
1028731975,1539086886
10311650982,1028731975
10311650982,1519109068
10311650982,10311650979
10311650978,1515982295
10311650978,10311650979
10311650978,1028731975
1921937608,1539086886
1921937608,1028731975
1921937608,2607806155
1921937608,9330508516
1539086886,10132397966
1539086886,1921937608
1539086886,10311650984
1539086886,1028731975
1516088426,8240863570
1516088426,4904776399
1028952075,9707123678
1028952075,10303383111
1028952075,1515854846
9707123678,1028952075
9707123678,1028952084
9707123678,9707123680
10303383111,1515854850
10303383111,1028952075
10303383111,10555176789
1515854846,9707123685
1515854846,1028952075
1515854846,10555176768
1028952084,9707123678
1028952084,10555176807
1028952084,1515854904
10555176807,1515854897
10555176807,10555176801
10555176807,10555176801
10555176807,1028952084
1515854904,9707123674
1515854904,1515854897
1515854904,1028952084
1028952094,10555176799
1028952094,1515854922
1028952094,4904776400
10555176799,1028952094
10555176799,10555176800
10555176799,1519148518
1515854922,1028952094
1515854922,10555176805
1515854922,1515854897
4904776400,10555176797
4904776400,1028952094
4904776400,1028952097
1028952096,1184145891
1028952096,9707123687
1028952096,2590891776
1184145891,1028952096
1184145891,1515948465
1184145891,8237018162
9707123687,9707123686
9707123687,9707123685
9707123687,1028952096
2590891776,10307443805
2590891776,1028952096
1028952097,621244150
1028952097,4904776400
1028960072,11530358340
1028960072,11530358297
1028960072,11530358308
11530358340,1028960072
11530358340,11530358293
11530358340,11530358334
11530358297,1028960072
11530358308,11530358315
11530358308,11530358315
11530358308,1028960072
1028960082,11517472066
1028960082,11517472060
1028960082,8512981051
11517472066,8512981055
11517472066,1028960082
11517472066,11517472065
11517472060,1028960082
11517472060,11517472075
11517472060,10288711863
8512981051,11530358293
8512981051,1028960082
8512981051,11725510378
1029473928,11517365540
1029473928,12121130508
1029473928,8512981101
11517365540,1029473928
11517365540,8512967502
11517365540,11517365541
12121130508,8512981104
12121130508,1029473928
12121130508,12121130510
8512981101,1029473928
8512981101,11724654718
8512981101,12121130510
1032159734,1029864441
1032159734,10707352008
1032159734,10707352005
1032159734,1029865278
1029865855,11037221559
1029865855,11037221565
1029865855,1029864441
1029864519,12061886764
1029864519,12452966379
1029864519,12452966378
12061886764,10718916175
12061886764,1029864519
12061886764,12061886763
12452966379,1029864519
12452966379,12061886765
12452966379,1029865254
12452966378,1029864519
1029865092,3242230491
1029865092,1568204038
1029865092,3242230481
3242230481,3242230482
3242230481,1029865092
3242230481,1029865288
1029865163,3242230499
1029865163,12106408637
1029865163,1568204089
12106408637,12106408638
12106408637,1029865254
12106408637,1029865163
1568204089,1568204111
1568204089,1029865163
1568204089,1568204046
1029865254,12452966379
1029865254,12106408637
1029865254,7391711193
7391711193,7391711192
7391711193,10711196595
7391711193,7391711190
7391711193,1029865254
1029865278,1029865288
1029865278,10707352014
1029865278,1032159734
1029865288,10707317904
1029865288,1029865278
1029865288,3242230481
10707352014,10707352008
10707352014,4458845745
10707352014,1029865278
10707317904,1029865288
10707317904,4458845745
10707317904,12452992995
1029865470,11037221542
1029865470,1029865582
1029865470,11037221553
11037221542,1029865470
11037221553,11037221552
11037221553,11037221555
11037221553,1029865470
1029865518,10707352018
1029865518,4496903292
1029865518,8255594336
10707352018,4458845745
10707352018,1029865518
10707352018,10707352034
4496903292,3623985314
4496903292,1029865518
4496903292,11850237364
8255594336,1029865518
8255594336,10707352034
8255594336,10096985669
1029865581,2614944182
1029865632,2669116201
2669116201,8335669862
2669116201,253941599
1029865701,10707352008
10707352008,1029865701
10707352008,1032159734
10707352008,10707352014
11037221559,1029865855
11037221565,1029865855
11037221565,11037221556
11037221565,11037221560
10592619121,2915139821
10592619121,1030171674
10592619121,2915139852
2915139821,10592619121
2915139821,5264718502
2915139821,10084871181
2915139821,1030171674
3184940587,5264718504
3184940587,4384534861
11383894275,11383894274
11383894275,1030174048
11383894275,11383894273
1030174051,11383894278
1030174051,11383894274
1030174051,13520233842
11383894278,1030174051
11383894278,11383892463
11383894278,11383894274
11383894274,1030174051
11383894274,11383894275
11383894274,11383894278
13520233842,13520233844
13520233842,13520233840
13520233842,1030174051
1030174054,3184940586
7111038042,1032159255
7111038042,7111038038
7111038042,7111038040
5873786634,1024987636
5873786634,5873786633
5873786634,5873786635
1032159257,1032159416
1032159416,1032159834
1032159416,1032160050
1032159416,1032159257
10073767389,1032159546
10073767389,10073767173
8321248589,1032159333
8321248589,3489341887
8321248589,8321248585
1568222030,12111434666
1568222030,1032159339
1568222030,12111434664
12121075344,1032159339
12121075344,1042940961
12121075344,12121075348
1032159410,7391641867
1032159410,13522946532
7391641867,1032159410
7391641867,10718916175
7391641867,7391641865
13522946532,2804751510
13522946532,4518987228
13522946532,10711196593
1032159472,5314721849
1032159472,1032159448
1032159472,10096985700
5314721849,12157674405
5314721849,1032159472
5314721849,10707352068
10096985700,10096985687
10096985700,1032159472
10096985700,10096985986
1032159475,1032159630
1032159475,1601985027
1032159475,12111397730
1032159630,8403208983
1032159630,1032159475
1032159630,12111397726
2508189935,1032159983
2508189935,10073767277
2508189935,2508189937
5232644927,1032159544
5232644927,2682035250
5232644927,9767153582
1032159590,3309822986
1032159590,1032159845
1032159590,3207287455
3309822986,1032159590
3309822986,8235937972
3309822986,8242847229
1032159845,12106422178
1032159845,1032159590
1032159845,1568204450
3207287455,8393239330
3207287455,3207287453
3207287455,2834284786
3207287455,1032159590
8403208983,1032159630
8403208983,8242847228
8403208983,8403208989
12111397726,12111397730
12111397726,1032159630
12111397726,12111397732
2682035250,3489341832
2682035250,5232644927
9767153565,1032159656
1032159681,1032159314
10707352005,1032159734
2508189898,1032159736
2508189898,8665305337
2508189898,2508189900
12106422178,1568204386
12106422178,1032159845
12106422178,3207287437
1568204450,1032159845
1568204450,8235910176
1568204450,1568204452
1603964676,1032159976
1603964676,10232196133
1603964676,1603964674
7111038033,1032159255
7111038033,7111038032
9405126583,9405126556
9405126583,1032160014
9405126583,9405126585
9405126600,9405126601
9405126600,9405126613
9405126600,9405126596
8463595212,1032160046
8463595212,8463595209
8463595212,8463595210
9767153569,1032159237
9767153569,9767153568
6207354238,6207354237
6207354238,1032160050
6207354238,2656872469
13390654580,13390654581
13390654580,13390644543
13390654580,1032160076
5119700750,5119700749
5119700750,5119700751
5119700750,10078060296
10078060628,10132397974
10078060628,1539086868
2647577204,2647577202
2647577204,1036312331
2647577204,2647577201
2647577206,1036312331
2647577202,1036312356
2647577202,2647577204
2647577202,7961967135
7961967135,7961967139
7961967135,1036312356
7961967135,2647577202
1038352284,1038352302
1038352284,1520424938
1038352284,1520424934
1038352284,1520424931
1038352302,9225832918
1038352302,1038352284
1038352302,9322442120
1038352302,9322420298
1520424938,1038352284
1520424934,1520424923
1520424934,1520424931
1520424934,1038352284
1520424931,1520424925
1520424931,1520424934
1520424931,8378365889
1520424931,1038352284
9225832918,1038352302
9225832918,4208923349
9225832918,9225830015
9322442120,1519081933
9322442120,1038352302
9322442120,9322442121
9322420298,12795111017
9322420298,10549097784
9322420298,10537901353
9322420298,1038352302
1038352312,10537901316
1038352312,2991097113
1038352312,9668299067
10537901316,10555226385
10537901316,1038352312
10537901316,10537901319
10537901316,10537901353
2991097113,1519109066
2991097113,10537901348
2991097113,1038352312
9668299067,10537901319
9668299067,1038352312
9668299067,1519082060
1040660214,1040660585
1040660214,7394161906
1040660214,12105743087
1040660585,1040660214
12105743087,1040660214
12105743087,2508245874
12105743087,12105743088
1040660286,1040660572
1040660572,1040660286
1040660572,2815911171
1040660572,1040660803
1040660311,1040660803
2815911171,12106408690
2815911171,1040660572
2815911171,12061935783
1043111111,1043112385
1043111111,1043112385
1043111111,1043111453
1043112385,1043111111
1043112385,1043111111
1043112385,3242230498
3242230498,1568204079
3242230498,3242230505
3242230498,1043112385
12115118451,1603964686
12115118451,1043273036
12115118451,12115118452
12115118451,12115118450
1043274033,1570026015
1043274033,1043273036
1043274033,12111434790
12111434790,1043274033
12111434790,12111434780
12111434790,12111434792
1046188245,12111434720
1046188245,12111434789
1046188245,5645347462
1046188245,12111434705
12111434720,1046188245
12111434720,8259387037
12111434720,12111434719
12111434789,4446867349
12111434789,12157695993
12111434789,1046188245
12111434789,12111434793
5645347462,5645347448
5645347462,12111434719
5645347462,1046188245
12111434705,12111434706
12111434705,5645347468
12111434705,1046188245
12111434705,12111434704
2578481796,1049104973
2578481796,1049105273
2578481796,12995866000
1049105729,1049105021
1049105729,1049106107
1049105729,1049105507
1049105080,1049106074
1049105080,1049105757
1049105080,1049106208
1049106074,9488099710
1049106074,1049105080
1049106074,8211384957
1049105757,1049105080
1049105757,9609258270
1049105757,8211384962
1049105757,8211384940
1049105507,1049105137
1049105507,1049105729
1049105507,1049105243
1049105193,2578481774
1049105193,2578481775
1049105193,1049105267
2578481774,1049105193
2578481774,2578481775
2578481774,1049105327
2578481775,1049105193
2578481775,2578481774
2578481775,2725330445
1049105267,1049106454
1049105267,1049105193
1049105267,2888066665
1049105206,1049106356
1049105206,1049105273
1049105206,4581518491
1049106356,1049105206
1049106356,8463594904
1049106356,11036305107
1049105273,2578481796
1049105273,1049106205
1049105273,1049105206
1049105243,13532783434
1049105243,1049105507
1049105243,1049105480
13532783434,1049105243
13532783434,1049105281
13532783434,13532783437
1049106454,4957281289
1049106454,1049105421
1049106454,1049105267
2888066665,1049105267
2888066665,2888066677
2888066665,2888066664
1049106205,13309100848
1049106205,1049105273
1049106205,1049105280
1049106205,2888066677
1049106205,1049105924
1049105280,2888066664
1049105280,2888066664
1049105280,1049106205
2888066664,1049105280
2888066664,1049105280
2888066664,2888066665
4581517363,4581517366
4581517363,1049105281
4581517363,13532783428
1049105297,8463594899
1049105297,2569754231
1049105297,2883469834
8463594899,8463594904
8463594899,1049105297
8463594899,8463594910
2569754231,2569754230
2569754231,10718916182
2569754231,1049105297
2569754231,9513406112
2883469834,10678625965
2883469834,8344861350
2883469834,1049105297
1049105327,2687629087
1049105327,2578481774
1049105327,2578481763
2687629087,1049105657
2687629087,1049105327
2687629087,2687629092
2578481763,1049105487
2578481763,1049105657
2578481763,1049105327
1049105421,1049106454
1049105421,1049105657
1049105421,13309100897
1049105657,2687629087
1049105657,1049105421
1049105657,2578481763
13309100897,2862052298
13309100897,2718621603
13309100897,1049105421
1049105487,1049106259
1049105487,2578481763
1049105487,2725330445
2725330445,2578481747
2725330445,2578481775
2725330445,1049105487
1049106107,1601973476
1049106107,1049105729
1049106107,2204418538
9609258270,1049105757
9609258270,2506590536
9609258270,2905986706
8211384962,8211384955
8211384962,1049105757
8211384962,8211384959
8211384940,8211384941
8211384940,8211384938
8211384940,1049105757
1049105924,1049106205
9488099710,1049106074
9488099710,8211384959
9488099710,9488099707
8211384957,8211384956
8211384957,9488120018
8211384957,1049106074
13309100848,13309100845
13309100848,1049106205
13309100848,13309100840
2888066677,2888066665
2888066677,2888066692
2888066677,1049106205
8211384968,1049106208
8211384968,2506590536
8211384968,8211384967
10955692573,1049106259
10955692573,10955692572
10955692573,2610198102
8463594904,1049106356
8463594904,8463594899
8463594904,8463594906
11036305107,1049106356
4957281289,4957281291
4957281289,1049106454
4957281289,4957281292
1049630960,2690000133
1049630960,1049631311
2690000133,2690000129
2690000133,1049630960
2690000133,5044927365
1049631311,1049630960
1049631311,2690000127
1049631311,2690000136
1049630972,2566263712
1049630972,1049631745
1049630972,2836516826
2566263712,1049630972
2566263712,2566263627
2566263712,2566263631
1049631745,10706627078
1049631745,2566263631
1049631745,1049630972
1049631745,2566263475
2836516826,1049631504
2836516826,3698608683
1049631224,2690000143
1049631224,1520444383
1049631224,11819788429
2690000143,1049631224
2690000143,5044933521
2690000143,10706757692
1520444383,2691865774
1520444383,3925367949
1520444383,1049631224
11819788429,10711071497
11819788429,2558564352
2690000127,1049631311
2690000136,10712245665
2690000136,1049631311
2690000136,5044933522
2690000136,10706757673
1049631504,2836516833
1049631504,2836516822
2836516833,2836516838
2836516833,1049631504
2836516833,3698608701
2836516822,1049631504
2836516822,8335669871
2836516822,2836516815
10706627078,1049631745
2566263631,1049631745
2566263631,2566263712
2566263631,2566263562
2566263475,1049631745
2566263475,3730715465
2566263475,2566263562
1049632046,3730715465
1049632046,2566715530
1049632046,8335669871
3730715465,1049632046
3730715465,4396220106
3730715465,2566263475
8335669871,2836516822
8335669871,1049632046
8335669871,2566263627
1049632187,2690000138
1049632187,5044933522
2690000138,1049632187
5044933522,2690000127
5044933522,10706757629
5044933522,2690000136
1049632378,4386109057
1049632378,2915139870
1049632378,8480832124
4386109057,2566715504
4386109057,2566715517
4386109057,1049632378
2915139870,2915139854
2915139870,1049632378
2915139870,2915139862
2915139870,8480832120
8480832124,2915139854
8480832124,2566715472
8480832124,1049632378
1049632551,3902225713
1049632551,10706757626
1049632551,3925367943
3902225713,1049632551
3902225713,3925367924
3902225713,3925367937
10706757626,1049632551
10706757626,2691865774
10706757626,10706757628
3925367943,1049632551
3925367943,9996021803
3925367943,10706757628
1049633096,2690000129
1049633096,2690000125
1049633096,13479271065
2690000129,2690000133
2690000129,1049633096
2690000129,13479271065
2690000125,2690000127
2690000125,1049633096
13479271065,13479271064
13479271065,1049633096
13479271065,2690000129
2836516844,622646609
2836516844,2669116189
2836516844,2905986704
1050143373,2844074778
1050143373,2844074772
1050143373,3540614216
3540614216,1050143373
1055453284,10096985742
1055453284,1055453420
1055453284,10096972872
10096985742,1055453480
10096985742,1055453284
10096985742,10096985781
10096985742,10096985653
3489341653,10096985772
3489341653,1055453480
3489341653,10096985759
7915865274,7915865273
7915865274,8733964537
7915865274,1055453855
7915865274,7915865277
1060052636,1060052442
13510543059,1060052536
1062811377,13507508020
13507508020,13507508021
13507508020,1062811377
13507508020,1062811626
1062811416,8337669247
1062811416,7388819691
1062811416,1849109615
8337669247,1062811416
8337669247,2792852536
8337669247,2792852536
7388819691,1062811416
1849109615,1849109647
1849109615,13534104295
1849109615,1062811416
1062811626,4398138358
1062811626,4398138361
1062811626,13507508020
4398138358,10719101885
4398138358,1062811626
4398138358,10719101888
4398138361,1062811626
4398138361,7388819698
1075662088,1075662479
1078749145,1078750597
1078750597,1078749145
1078750597,1078749690
1078750597,3897652796
1078749248,1078749983
1078749248,1078750227
1078749248,3163887263
1078749983,1078751221
1078749983,1078749248
1078749983,5065535430
1078750227,1078749248
1078750227,5065535430
1078750227,1078749385
3163887263,732923825
3163887263,3897652793
3163887263,1078749248
1078749385,1078749690
1078749385,5040531898
1078749385,1078750227
1078749690,1078749385
1078749690,1078750597
1078749690,1078752098
5040531898,1078749385
1078752098,1078749690
1078751221,1078751964
1078751221,1078749983
1078751221,5065535431
5065535430,5065535431
5065535430,1078750227
5065535430,1078749983
1078750031,1078751964
1078751964,1078750031
1078751964,1078751221
1078751964,5065535431
3897652796,1078750597
3897652796,1078751127
3897652796,3897652803
1078751127,1078751656
1078751127,3897652796
1078751127,1078751306
1078751656,1078751127
1078751306,1078751127
5065535431,5065535430
5065535431,1078751964
5065535431,1078751221
2566838991,2566838987
2566838991,2566838987
2566838991,1105133528
1105134343,1105133528
1105134343,1600888711
1105133549,1600888699
1600888699,1105135755
1600888699,1105135024
1600888699,1105134912
1105133627,1105135353
1105133627,8089607354
1105133627,1105135701
1105135353,1105135701
1105135353,1105133627
1105135353,1105134808
8089607354,12286129003
8089607354,5407038547
8089607354,1105133627
1105135701,1105135353
1105135701,1105134658
1105135701,1105133627
4571908014,2421216701
4571908014,2421216522
4571908014,4571908018
1105133831,2421216840
1105133831,1105135911
2421216840,1105133831
2421216840,2504299755
1105135911,1600888705
5322796936,5322796918
5322796936,5322796922
5322796936,5322796920
1105134102,1105134607
1105134102,12310225759
1105134102,12249854232
1105134607,1105134102
1105134607,12286128982
1105134607,8089607363
1105134607,8089607358
12249854232,1105134102
12249854232,11155456350
12249854232,12310240178
1105134239,1105134822
1105134239,1105133549
1105134239,12310263469
1600888711,1105134239
1105134393,1105134868
1105134393,8089607365
1105134393,1105135576
1105134868,1105135576
1105134868,1105134393
1105134868,2566839040
8089607365,5407038550
8089607365,1105134393
8089607365,8089607366
1105135576,1105134658
1105135576,1105134868
1105135576,1105134393
12286128982,1105134607
12286128982,5407038542
12286128982,12286128983
8089607363,1105134607
8089607363,8089607359
8089607363,12310225740
8089607358,1105134607
1105134658,1105134808
1105134658,1105135576
1105134658,1105135701
1105134808,5407038546
1105134808,1105134658
1105134808,1105135353
5407038546,12286103900
5407038546,1105134808
5407038546,5407038547
1105135024,1105135642
1105135642,1105133831
1105135642,1105135911
1105135642,2421216834
1105135266,12286103897
1105135266,12286103897
1105135266,12286103900
12286103897,1105135266
12286103897,1105135266
12286103897,12286103895
12286103900,1105135266
12286103900,5407038546
12286103900,2682017420
2421216834,2421216837
2421216834,4728127651
1600888705,1105134343
1600888705,1600888711
1109425781,9213258571
1109425781,252408244
9213258571,1467247193
9213258571,1109425781
9213258571,9213258557
1124621524,1124621525
1124621524,1124621624
1124621524,1124621553
1124621525,1124621524
1124621624,1124621524
1124621553,1124621524
1124621553,1124621621
1124621553,1124621569
1124621621,1124621643
1124621621,13070695801
1124621621,1124621553
1124621569,13408236289
1124621569,1124621553
1124621569,1124621568
1124621568,1124621569
1124621568,1124621570
1124621568,4436619045
1124621570,2901972022
1124621570,1124621568
1124621570,2272423682
1124621570,1353816851
4436619045,1124621568
13408236289,1124621569
13408236289,2506896279
13408236289,13408236291
2901972022,9794679276
2901972022,1124621570
2901972022,2272423679
1353816851,1124621601
1353816851,1124621570
1353816851,2272423675
1124621588,2272423682
1124621588,2844130275
1124621588,2795776948
2844130275,2844130278
2844130275,2844130604
2844130275,1124621588
2795776948,3616221380
2795776948,1124621588
2795776948,2795776943
1124621601,1353816851
1124621601,2272423636
1124621601,2272423679
2272423636,2272423650
2272423636,1124621601
2272423636,2272423625
2272423679,1124621601
2272423679,2272423665
2272423679,2901972022
1124621643,1124621621
13070695801,1124621621
13070695801,13070695802
1161012210,12253728286
12253728286,3641302486
12253728286,1161012210
12253728286,4771494332
1161012328,1520815735
1161012328,3641302488
1161012328,1161012723
1520815735,1161012328
1520815735,1161012880
1520815735,12253728278
3641302488,1161012328
3641302488,1161012526
3641302488,1161012723
1161012723,1161012520
1161012723,3641302488
1161012723,1161012328
1161012350,1161012989
1161012350,1161012897
1161012350,12253728275
1161012350,1520815737
1161012897,1161012642
1161012897,1161012350
1161012897,12253728279
12253728275,12310225762
12253728275,12253728276
12253728275,1161012350
1520815737,12253728278
1520815737,1161012350
1520815737,1161012855
1161012391,1161012642
1161012642,1161012432
1161012642,1161012989
1161012642,1161012391
1161012642,1161012897
1161012432,1161012880
1161012432,1161012642
1161012432,12253728279
1161012880,1520815735
1161012880,1161012432
1161012880,1520815774
12253728279,1161012432
12253728279,12253728278
12253728279,1161012897
1161012520,3641302486
1161012520,1161012723
1161012520,1161012973
1161012520,1161012526
3641302486,12253728286
3641302486,1161012520
3641302486,1161012855
1161012973,1161012520
1161012526,1161012520
1161012526,3641302488
1161012526,1161012855
1161012855,12253728276
1161012855,1520815737
1161012855,3641302486
1161012855,1161012526
12253728276,12310225763
12253728276,12253728275
12253728276,1161012855
1520815774,3901856144
1520815774,4571907860
1520815774,1161012880
1184145886,1519108954
1184145886,10683598821
1184145886,7899100739
1519108954,1184145886
1519108954,10307447230
10683598821,8237018170
10683598821,1184145886
10683598821,10683598816
7899100739,10307478599
7899100739,7899100740
7899100739,10683598816
1515948465,1184145891
1515948465,1184145922
1515948465,10307478597
8237018162,10307447230
8237018162,1184145891
8237018162,8237018159
1184145895,10311757271
1184145895,2614905787
1184145895,10549097759
10311757271,1184145895
10311757271,10549097750
10311757271,2614905794
2614905787,1184145895
2614905787,1519081887
2614905787,10549097759
2614905787,10549097750
10549097759,1184145895
10549097759,2614905787
10549097759,10131379267
10549097759,10549097761
1184145901,1516088435
1184145901,1515948486
1516088435,1515854828
1516088435,1184145901
1515948486,10307500122
1515948486,1184145901
1515948486,1515948478
1184145922,1515948465
1188085234,1188085393
1188085234,1188085123
1188085234,1569484158
1188085393,1188085234
1197010339,1197002572
1197010339,1197009583
1197010339,1197004215
2508220960,2654916692
2508220960,2508220958
2508220960,1197002951
2654916693,2654916692
2654916693,1197004215
2654916693,2654916680
1288850235,1288850316
1288850235,1288850336
1288850316,1288850235
1288850316,12963989828
1288850316,1288850336
1288850336,12963989835
1288850336,1288850235
1288850336,1288850316
1288850256,10175412162
1288850256,2244845250
1288850256,1849099980
1288850256,10175412144
10175412162,1288850256
10175412162,11725510581
10175412162,10175412177
10175412162,12895024451
2244845250,12877140440
2244845250,2218578959
2244845250,1288850256
2244845250,2244844777
1849099980,1849099835
1849099980,1288850256
1849099980,1849099851
10175412144,1849099835
10175412144,2244844777
10175412144,1288850256
12963989828,1288850316
12963989828,2218578959
12963989828,12963989833
12963989835,10238231860
12963989835,1288850336
12963989835,12963989833
2272423675,2272423669
2272423675,2272423667
2272423675,1353816851
11208933541,1370110976
1377226856,1377226859
1377226856,1377226855
1377226856,1377226880
2421090272,1634574690
2421090272,3533935478
2421090272,1377226855
2421090272,2421090254
1377226859,1377226856
1377226859,1377226862
1377226859,2504333900
1377226880,1377226856
1377226880,1377226894
1377226880,1377226889
1377226862,1377226863
1377226862,1377226859
1377226862,1377226868
2504333900,12509044312
2504333900,10928002554
2504333900,1377226859
1377226863,1377226862
1377226863,1377226868
1377226863,12509044302
1377226868,1377226862
1377226868,1377226863
1377226868,2421090254
12509044302,3533935477
12509044302,3533935476
12509044302,1377226863
2421090254,2421090121
2421090254,2421090272
2421090254,1377226868
1377226894,1377226880
1377226889,1377226891
1377226889,4497019799
1377226889,1377226880
1377226889,12512796858
4497019799,12158452880
4497019799,1377226889
4497019799,4497019818
12512796858,2421090800
12512796858,1634583364
12512796858,1377226889
2504333916,2504333914
2504333916,1377226891
2504333916,1634583353
1377226895,1634583333
1377226895,5465350688
1377226895,2504333914
5465350688,1377226899
5465350688,1377226895
5465350688,5465350687
2504333914,2504333916
2504333914,2504333907
2504333914,1377226895
1377226899,5465350688
1377226899,1377226908
1377226899,1377226901
1377226908,1377226899
1377226908,2504333902
1377226908,2504333907
1377226901,1634583311
1377226901,5398123948
1377226901,1377226899
1634583311,1377226901
1634583311,2421090402
1634583311,1634583305
5398123948,1377226911
5398123948,1377226901
5398123948,5398123947
2504333902,1377226908
2504333907,2566839170
2504333907,2504333914
2504333907,1377226908
1377226911,5398123948
1377226913,1377226914
1377226913,1634574690
1377226913,2421216876
1377226914,4415054131
1377226914,1377226913
1377226914,1377226920
1634574690,2421090272
1634574690,1377226913
1634574690,4415054148
2421216876,5398124002
2421216876,1377226913
2421216876,8464054581
2421216876,4415051967
4415054131,2421090116
4415054131,1377226914
4415054131,4415053692
1377226920,1377226914
1377226920,2504299822
1377226920,2504299822
2504299822,2421090290
2504299822,1377226920
2504299822,1377226920
1377226940,2566838985
1377226940,9931881873
1377226940,11782321072
1377226940,2504299787
2566838985,10715725089
2566838985,1377226940
2566838985,11782321071
9931881873,1377226940
9931881873,5398123999
9931881873,2421216827
11782321072,2566838987
11782321072,11782321071
11782321072,1377226940
2504299787,1377226940
2504299787,2421216837
2504299787,2421216839
1377227407,2504299660
1377227407,4685670209
1377227407,1539071459
2504299660,1377227407
2504299660,2504299653
2504299660,2504299708
4685670209,1377227407
4685670209,4494784849
4685670209,2504299635
4685670209,12995891434
1539071459,1539071453
1539071459,1377227407
1539071459,2421216803
1377227408,2504299708
2504299708,2504299727
2504299708,1377227408
2504299708,2504299660
1377228228,1377228226
6485699708,5083626127
6485699708,6485699701
6485699708,1402567842
12650117177,4954753701
12650117177,1467247179
12650117177,12650117178
12097792147,1467247187
12097792147,12097792148
12097792147,1467247179
1467247186,1467247195
1467247186,12097792149
1467247186,8531289093
1467247195,1467247186
1467247195,2509158130
1467247195,4401543044
12097792149,1467247187
12097792149,1467247186
12097792149,12097792153
8531289093,1467247186
8531289093,12097792141
8531289093,11420451535
1467247187,12097792147
1467247187,12097792149
1467247187,11420451532
11420451532,1467247187
11420451532,11420451533
11420451532,11420451535
1467247189,9213258557
9213258557,1467247193
9213258557,1467247189
9213258557,9213258571
1467247193,9213258557
1467247193,8888064269
1467247193,9213258571
8888064269,1467247193
8888064269,9198475870
8888064269,8888064288
2509158130,1467247195
4401543044,1467247195
1510041501,1510041651
1510041501,2504666011
1510041651,1510041778
1510041553,7487328405
7487328405,1510041649
7487328405,2966746331
2210423400,1510041623
2210423400,6975364742
2210423400,3259829949
2210423400,6975364740
2210423377,1510041623
2210423377,1601695076
2210423377,13556348070
2210423395,6975364739
2210423395,6975364748
2210423395,1510041623
2210423395,13556348070
1510041649,1510041878
1510041649,2652168761
2652168761,1510041878
2652168761,1534660488
1510041778,829529126
1510041778,2504666018
2504666018,1510041907
2504666018,2652168764
1510041805,1510041876
1510041805,4497147332
1510041805,251556335
1510041876,1510041909
4497147332,2966748912
4497147332,4497147326
1510041909,1510041501
1510041907,1510041553
1510579250,9881850689
1510579250,3974531233
1510579250,1925492213
9881850689,1925492496
9881850689,3974531233
9881850689,1510579250
3974531233,9881850689
3974531233,1925492496
3974531233,6361188560
3974531233,2566715389
3974531233,4173341728
1925492213,4173341728
1925492213,1510579250
1925492213,1925492219
4724604828,3974530953
4724604828,3974530952
4724604828,4724604833
4609578282,3298954573
4609578282,1510579386
2460675379,2460675383
2460675379,1510579386
2460675379,7471589469
2460675379,2245272590
1510579620,1510580322
1510579620,1564382741
1510579620,2566715389
1510580322,3978082318
1510580322,4173341728
1510580322,4173341721
1564382741,1510579620
1564382741,4724598422
1564382741,4173341721
1564382741,2566715394
2566715389,6361188560
2566715389,1510579620
2566715389,3974531233
1510579646,3974191709
3974191709,1510579646
3974191709,3978167416
3974191709,3978292251
1510579672,3974191310
1510579672,1510613226
1510579672,8294871051
3974191310,3974465937
3974191310,3974465937
1510613226,1510579672
1510613226,1510612786
1510613226,8294871087
1510613226,1510613222
8294871051,2705963941
8294871051,2460674583
8294871051,1510579672
1510579841,9846902572
1510579841,8783743602
1510579841,2514965795
9846902572,9846902561
9846902572,1510580018
8783743602,1925492339
8783743602,1510579841
8783743602,8758767223
2514965795,2514965786
2514965795,7538426331
2514965795,1510579841
1510580018,9846902561
1510580018,7538426331
1510580018,3974465923
9846902561,1510580018
9846902561,8691298333
9846902561,3974465923
9846902561,9846902572
7538426331,1510580018
7538426331,2514965795
7538426331,8294871064
3974465923,1510612822
3974465923,9846902561
1510580103,1510580109
1510580103,4510274499
1510580103,6270387731
1510580103,8592825850
1510580109,1510580103
1510580109,3974530898
1510580109,8592825927
4510274499,1510580109
4510274499,8592825925
6270387731,5006443391
6270387731,1510580103
6270387731,12452840745
3974530898,3974530883
3974530898,3974530883
8592825927,4997530985
8592825927,1510580109
8592825927,8592825925
1510580141,8316296799
1510580141,8316296799
1510580141,1564382852
1510580141,11850302673
8316296799,1564382853
8316296799,1510580141
8316296799,1510580141
1564382852,3901301559
1564382852,1510613224
1564382852,1510580141
1564382852,9846902609
11850302673,1510580141
1510580213,1510579672
1510580213,1510612786
1510580213,8691298349
1510612786,8294871087
1510612786,1510613226
1510612786,1510580213
8691298349,2460674583
8691298349,1510612821
8691298349,1510580213
8691298349,8758767199
3978082318,4148597094
3978082318,1925492272
4173341728,1925492213
4173341728,1510580322
4173341728,3974531233
4173341721,4148597094
4173341721,1564382741
4173341721,1510580322
1510580362,1564382809
1510580362,1564382775
1510580362,1510580417
1564382809,1510580362
1564382809,9846902591
1564382809,9846932821
1564382809,9846902602
1564382775,1510613173
1564382775,1510580362
1564382775,3974531208
1510580417,3978296961
1510580417,3974531208
3978296961,3974531442
3978296961,1510612886
3978296961,1510613212
3974531208,3974531211
3974531208,1564382775
1510580483,4375703827
1510580483,3974531404
4375703827,3974531404
4375703827,1510580511
3974531404,4375703826
1510580511,4375703826
1510580511,4375703827
1510580511,2272441334
4375703826,1510580511
4375703826,13208605595
2272441334,3974531438
2272441334,4375703866
2272441334,1510580511
1510580532,8744088321
1510580532,2245272590
1510580532,4609578259
8744088321,1510580532
8744088321,4609578258
8744088321,9953348795
2245272590,1510580532
2245272590,7454763227
2245272590,2460675379
4609578259,4609578282
4609578259,1510580532
4609578259,3298954573
7525130429,1510579250
7525130429,7525130440
7525130429,7525130424
1510612781,1510612789
8294871087,8294871085
8294871087,1510612786
8294871087,1510613226
11130722938,3521078833
11130722938,9162139486
11130722938,1510612789
1510612821,1510612822
1510612821,8691298349
1510612821,1510612882
1510612822,9846902557
1510612822,8294871064
1510612822,1510612821
1510612882,1510612821
1510612882,1925492342
1510612882,1510612911
9846902557,3974465927
9846902557,3974465927
8294871064,1510612822
8294871064,7538426331
8294871064,8758767199
8294871064,8294871066
1925492342,1510612882
1925492342,1510613167
1925492342,1925492339
1925492342,4171987659
1510612911,1510612882
1510612911,3978296958
1510612911,4171987659
1510612886,3978296960
1510612886,1510613171
1510612886,3978296961
1510613171,3974531217
1510613171,3974531211
1510613171,1510612886
1510612906,8830448625
1510612906,4148597211
1510612906,3978190598
8830448625,1510613198
8830448625,1510612906
8830448625,8830448628
4148597211,3974438056
4148597211,1510612906
3978190598,8534256542
3978190598,1925492278
3978190598,1510612906
3978190598,4148597094
3978296958,9953348808
3978296958,2705963941
3978296958,1510612911
3978296958,2460674583
4171987659,1510612911
4171987659,3974531217
4171987659,1510613173
4171987659,1925492342
1510612918,3633372581
1510612918,9953348814
1510612918,2566715350
3633372581,8758767241
3633372581,1510612918
3633372581,3633372580
9953348814,1510612918
2566715350,4153117935
2566715350,1510612918
2566715350,7454763239
3978162841,8783743593
3978162841,1510613118
3978162841,3978162844
1510613131,1510613146
1510613131,3974531255
1510613131,1510613120
5054591183,1510613120
5054591183,1925492198
5054591183,5054591184
5054591183,2566715394
1510613146,1510579620
3974531255,4997533632
3974531255,1510613131
3974531255,1925492496
3974531255,6361188560
1510613151,7454763252
1510613151,2217335587
1510613151,8691267005
1510613151,4153117970
7454763252,7538426309
7454763252,11850303201
7454763252,1510613151
2217335587,2217335597
2217335587,2217335639
2217335587,1510613151
8691267005,2860767337
8691267005,10582000897
8691267005,1510613151
4153117970,7454763246
4153117970,1510613151
4153117970,9953348808
1510613198,1510613167
1510613198,8830448625
1510613198,8830448628
1510613198,1925492339
3974531211,1510613171
3974531211,1510612886
1510613173,1564382775
1510613173,7454763239
1510613173,4171987659
7454763239,2566715350
7454763239,1510613173
7454763239,7454763242
8830448628,1925492278
8830448628,1510613198
8830448628,8830448625
8830448628,8830448638
1925492339,8783743602
1925492339,1925492342
1925492339,1510613198
1510613224,2644019468
1510613224,1510613212
1510613224,1564382852
1510613224,7475290945
9846932821,1564382809
9846932821,1510613212
9846932821,9846902609
1510613222,7519509008
1510613222,2566715310
1510613222,1510613226
1510613222,10713003669
7519509008,2514965789
7519509008,1510613222
7519509008,8294871077
7519509008,8294871089
7519509008,2566715310
7519509008,7519509004
2566715310,8294871085
2566715310,7519509008
2566715310,1510613222
2644019468,1510613224
7475290945,1510613224
7475290945,9953414833
7475290945,7475290974
1515446109,13061858344
1515446109,1515446129
1515446109,1515446189
13061858344,1515446109
13061858344,1515446150
13061858344,13061858348
1515446129,1515446109
1515446129,1515446144
1515446129,1515446159
1515446189,1515446157
1515446189,1515446109
1515446189,1515446176
1515446113,1515446152
1515446113,1515446182
1515446113,1515446187
1515446124,1515446215
1515446124,11561145025
1515446124,11561145023
1515446215,1515446191
1515446215,1515446124
1515446215,1515446127
11561145023,11561145024
11561145023,1515446205
11561145023,1515446124
1515446127,1515446156
1515446127,1515446191
1515446127,1515446215
1515446156,1515446205
1515446156,1515446127
1515446156,1515446144
1515446191,1515446182
1515446191,1515446215
1515446191,1515446127
1515446144,11627254617
1515446144,1515446129
1515446144,11614910224
1515446144,1515446156
1515446159,1515446205
1515446159,1515446129
1515446159,11561145024
11627254617,1515446176
11627254617,1515446144
11627254617,11627254618
11614910224,1515446144
11614910224,3618322073
11614910224,11614910230
1515446146,1515446154
1515446146,11614910264
1515446146,1515446152
1515446150,13061858349
1515446150,13061858344
1515446150,11561145024
11561145024,11561145023
11561145024,1515446159
11561145024,1515446150
1515446205,1515446159
1515446205,1515446156
1515446205,11561145023
1515446157,1515446189
1515446157,11561145027
1515446157,1515446176
11561145027,11561145029
11561145027,1515446157
11561145027,11627254618
1515446176,11627254617
1515446176,1515446189
1515446176,1515446157
1515477245,1515477205
1515477245,11627254632
1515477245,11627254632
1515477223,1515477269
1515477227,3616245737
1515477227,3618322073
1515477227,3618322063
3618322073,11614910224
3618322073,1515477227
3618322073,3618322063
1515854554,1515854544
1515854643,11724654718
1515854643,8512967493
1515854643,1519176088
11724654718,8512981101
11724654718,1515854643
11724654718,11724654729
1519176088,1519176085
1519176088,11724654727
1519176088,1515854643
1515854701,11724654726
1515854701,8574005432
1515854701,1515854751
11724654726,1515854701
11724654726,11724654727
11724654726,11724654730
8574005432,8574005446
8574005432,1515854701
8574005432,11517472136
1515854751,1515854701
1515854751,8574005446
1515854751,12121130553
8574005446,8574005432
8574005446,1515854751
8574005446,11517472136
12121130553,1515854751
1518951733,1515854787
1518951733,13577788608
1518951733,1515854794
1515854794,2590891779
1515854794,1515854787
1515854794,1518951733
1515854793,2506590480
1515854793,8237018170
1515854793,2965113447
8237018170,2797892192
8237018170,10683598821
8237018170,1515854793
2965113447,1515854793
2590891779,10683598808
2590891779,8260256231
2590891779,1515854794
1519008215,3802333314
1519008215,6456655578
1519008215,1515854819
10922061204,10922061203
10922061204,1515854819
10922061204,4648939189
1515854823,1516088432
1515854823,9904684369
1515854823,2797892196
1516088432,1519148507
1516088432,1515854823
1516088432,10303383238
9904684369,1515854823
9904684369,9893272189
9904684369,10307500122
2797892196,10307478600
2797892196,1515854823
2797892196,7899100757
1515854828,1516088435
1515854828,10302731654
1515854828,10683598808
10302731654,1515854828
10302731654,2797892203
10302731654,10307500131
10683598808,1515854828
10683598808,2590891779
10683598808,10683598809
1515854845,1515854850
1515854850,10303383115
1515854850,1515854845
1515854850,10303383111
9707123685,9707123680
9707123685,1515854846
9707123685,9707123687
10555176768,1515854846
10303383115,1515854850
10303383115,10555176750
10303383115,1515854899
1515854897,10555176804
1515854897,1515854922
1515854897,10555176807
1515854897,1515854904
10555176804,1515854897
1515854899,10303383115
9707123674,1515854904
9707123674,10555176797
9707123674,10555176794
10555176805,1519148515
10555176805,1519148518
10555176805,1515854922
1515855018,1519081896
1515855018,10549097752
1515855018,2614905797
1519081896,1515855018
1519081896,8491423707
1519081896,10303076601
10549097752,1515855018
10549097752,10549097751
10549097752,10549097746
10549097752,8243041999
2614905797,4890660782
2614905797,1515855018
2614905797,10549097751
2614905797,10549097762
1515855036,4648939195
1515948401,1515948410
10307478597,2590891770
10307478597,1515948465
10307478597,10307478599
1515948469,1515948478
1515948478,1515948469
1515948478,8260256228
1515948478,1515948486
8260256228,1515948478
10307500122,1515948486
10307500122,9904684369
10307500122,10307500120
1515948604,1515948613
1515948604,10307315605
1515948604,10307350917
1515948604,1515948608
1515948613,1515948617
1515948613,1515948610
1515948613,1515948604
10307315605,1515948604
10307350917,10307350923
10307350917,1515948610
10307350917,1515948604
1515948608,1515948617
1515948608,1515948615
1515948608,1515948604
1515948617,1515948608
1515948617,1515948623
1515948617,1515948613
1515948615,1515948623
1515948615,1515948608
1515948615,1515948619
1515948615,10247187198
1515948610,1515948613
1515948610,1515948622
1515948610,10307350917
1515948622,8203002738
1515948622,1515948610
1515948622,8203002742
1515948623,1515948615
1515948623,1515948626
1515948623,1515948617
1515948619,1515948626
1515948619,1515948615
1515948619,8196750175
10247187198,10247187159
10247187198,1515948615
1515948626,1515948619
1515948626,1515948627
1515948626,1515948623
8196750175,10247187149
8196750175,1515948619
8203002738,1515948622
8203002738,1515948628
8203002738,10266294945
8203002742,10296922384
8203002742,1515948622
8203002742,10266294951
1515948627,1515948652
1515948627,1515948626
1515948627,8196750161
1515948652,1515948651
1515948652,1515948653
1515948652,1515948627
8196750161,4127054949
8196750161,1515948627
1515948628,8203002738
1515948628,1515948632
1515948628,10307350932
1515948632,1515948628
1515948632,1515948651
1515948632,8196750182
10307350932,1515948664
10307350932,1515948628
10307350932,10307350931
1515948651,1515948632
1515948651,1515948652
1515948651,8196750182
8196750182,1515948632
8196750182,1515948651
8196750182,8196750187
1515948646,1515948672
1515948646,1516088453
1515948646,1515948666
1515948672,1515948679
1515948672,1515948646
1515948672,9775274078
1516088453,8098099381
1516088453,10245692724
1516088453,1515948646
1515948666,9775274077
1515948666,9775274064
1515948666,1515948646
1515948653,1515948652
1515948653,10307350913
1515948653,8098113419
10307350913,10298069008
10307350913,10307350912
10307350913,1515948653
8098113419,10266295011
8098113419,8196750187
8098113419,1515948653
1515948664,10307350933
1515948664,10307350932
1515948664,8098113425
10307350933,1515948664
8098113425,8196750187
8098113425,10266294945
8098113425,1515948664
9775274077,10555089438
9775274077,9775274078
9775274077,1515948666
9775274064,10245692721
9775274064,10245692723
9775274064,1515948666
1515948679,1515948672
9775274078,1515948691
9775274078,9775274077
9775274078,1515948672
1515948691,1515948721
1515948691,9775274078
1515948691,9775274073
1515948721,1515948729
1515948721,1515948691
1515948721,8203002751
9775274073,8203002751
9775274073,1515948691
1515948708,10555089438
1515948708,1515948723
1515948708,8098099416
10555089438,9775274077
10555089438,1515948708
10555089438,10555089436
1515948723,1515948708
1515948723,1515948729
1515948723,10541792251
8098099416,1516088456
8098099416,10307253331
8098099416,1515948708
1515948729,1515948723
1515948729,1515948721
1515948729,8196750191
1515948729,1515948748
8203002751,8196750194
8203002751,1515948721
10541792251,1515948746
10541792251,1515948723
10541792251,10541792250
1515948748,8196750194
1515948748,1515948729
1515948748,1515948765
1515948746,10541792251
8196750194,620149925
8196750194,1515948748
1515948765,1515948748
1515974508,3616198592
1515974508,1568204896
1515974508,1515974555
3616198592,1515974508
3616198592,3616199512
3616198592,3622522040
1568204896,1515974609
1568204896,1568204892
1568204896,3616199512
1568204896,1515974508
1515974555,4569427501
1515974555,4569427504
1515974555,1515974508
1515974527,11387380423
1515974527,11387421531
1515974527,4691275381
11387380423,11387380417
11387380423,1515974527
11387380423,11387380418
11387421531,1515974527
11387421531,11387421526
11387421531,11387421526
4691275381,3616199499
4691275381,1515974527
4691275381,3616199498
4691275381,4691275385
1515974538,1515974713
1515974538,1515974557
1515974538,1515974624
1515974713,4479813457
1515974713,1515974538
1515974624,1515974538
1515974624,3616200697
1515974624,1515974557
4569427501,1515974555
4569427501,4569427504
4569427501,3622528960
4569427501,3616199496
4569427504,1515974555
4569427504,4569427501
4569427504,3618347578
1568205010,1515974609
1568205010,3616200697
1568205010,3616144486
3616200697,1568205010
3616200697,3616144486
3616200697,1515974624
11621927317,10614016419
11621927317,1515974695
11621927317,11621927315
3616199498,3616199499
3616199498,4691275381
3616199498,1515974695
4479813457,4479827903
1515977689,1515977697
1515977689,4438323885
1515977689,4438323881
1515977689,11828040819
1515977697,1515977690
1515977697,1515977689
1515977697,4438324492
4438323885,4438323881
4438323885,4438324492
4438323885,4438323888
4438323885,1515977689
4438323881,4438323885
4438323881,1515977689
4438323881,4438323888
11828040819,10146618700
11828040819,10146618705
11828040819,1515977689
1515977690,1515977697
1515977690,11835679751
1515977690,10146618700
10146618700,1515977690
10146618700,11828040819
10146618700,10146618703
1515977696,11835681587
1515977696,11835681597
1515977696,11835681595
11835681587,1515977696
11835681587,11835681663
11835681587,11835681579
11835681597,1515977696
11835681595,11835681594
11835681595,11835681579
11835681595,1515977696
4438324492,4438323885
4438324492,4438324493
4438324492,4438324494
4438324492,1515977697
1515982223,10131359682
1515982223,3329518970
1515982223,10131359685
10131359682,1515982223
10131359682,1519108991
10131359682,10131359624
3329518970,1519108995
3329518970,9775266581
3329518970,1515982223
3329518970,10131359688
10131359685,1515982223
1515982286,4743621692
1515982286,1028731897
4743621692,1515982291
4743621692,1519082069
4743621692,1515982286
1515982291,4743621692
1515982291,1539086879
1515982291,6675304503
1539086879,9330523419
1539086879,1515982291
1539086879,8196726198
6675304503,10250851625
6675304503,6675304502
6675304503,1515982291
1515982295,10311650978
1516018277,1519109005
1519109005,1516018277
1519109005,9775274115
1519109005,3779763069
1516018307,4597907669
1516018307,1516018311
1516018307,1516018309
1516018311,1516018307
1516018311,1516018318
1516018311,1516018309
1516018309,1516018315
1516018309,1516018311
1516018309,1516018307
1516018315,1516018320
1516018315,1516018309
1516018315,1516018318
1516018318,1516018311
1516018318,1516018322
1516018318,1516018315
1516018320,13520233757
1516018320,1516018315
1516018320,1516018322
1516018322,1516018318
1516018322,1516018326
1516018322,1516018320
13520233757,1516018320
13520233757,1516018326
13520233757,13520233760
1516018326,1516018322
1516018326,4753275201
1516018326,13520233757
4753275201,4753275202
4753275201,1516018326
4753275201,4597907667
4753275201,4753276834
1516038662,1519082020
1519082020,1519082022
1519082020,1516038662
1519082020,1519082025
1519082020,1519081997
1516088418,2668715502
1516088418,2840815989
2840815989,1516088418
2840815989,2862052288
4089172508,4089172509
4089172508,1516088419
4089172508,4089172514
4089172532,7475272863
4089172532,1516088419
4089172532,4089172535
11752428808,1516088421
11752428808,11756442597
11752428808,7475272840
11725460159,1516088422
11725460159,11725460145
9167377195,1516088422
9167377195,9167377196
9167377195,9901663665
8240863570,1516088426
8240863570,8240863590
8240863570,8240863573
4904776399,1516088426
4904776399,1516088427
4904776399,1028952074
1516088427,4904776399
1516088427,8240863565
1516088427,8240863573
8240863565,1516088427
8240863565,1516088429
8240863565,8240863567
9775266611,9775266598
9775266611,1516088431
9775266611,9775266606
1516088437,2614905778
1516088437,1516088431
1516088437,6280356318
1516088437,2614905780
1519148507,1516088432
1519148507,10307443799
1519148507,10307478599
10303383238,10555176757
10303383238,10303383235
1516088436,8260256240
1516088436,2614905771
1516088436,10302731651
8260256240,1516088436
8260256240,10722060998
2614905771,1519081870
2614905771,1516088436
2614905771,2965113622
10302731651,1519198988
10302731651,10302731650
10302731651,1516088436
2614905778,1516088437
2614905778,13556348041
2614905778,9775273927
2614905780,9775273929
2614905780,1516088437
2614905780,9903672877
9775273929,1516088439
9775273929,9775273931
9775273929,2614905780
9775273944,4712341450
9775273944,9775266572
9775273944,1516088439
1516088440,8260417228
1516088440,10303383263
8260417228,10307562547
8260417228,1516088440
8260417228,8260417229
10303383263,10307562567
10303383263,10303383260
1516088441,9775274050
1516088441,2726882539
1516088441,1519198988
1516088441,9775274051
9775274050,10247446767
9775274050,1516088441
9775274050,9775274049
2726882539,1516088441
2726882539,2726882544
2726882539,10307562538
1519198988,1519198996
1519198988,1516088441
1519198988,10302731651
9775274051,9775274039
9775274051,6560929186
9775274051,1516088441
9775274051,8260417224
1516088442,1516088449
1516088442,1516088447
1516088449,10307405296
1516088447,1516088443
1516088447,1516088451
1516088443,10249775045
10249775045,1520626941
10249775045,10296922373
1516088445,10247446789
1516088445,3329518959
1516088445,10549097761
10247446789,1516088445
10247446789,10247446796
10247446789,10247446787
3329518959,9775273972
3329518959,1516088445
3329518959,10549097758
10549097761,1516088445
10549097761,10549097758
10549097761,10549097759
10307405296,10307405295
10307405296,10307405292
1516088450,6560929185
1516088450,10131359617
1516088450,6560929186
1516088450,9775274057
6560929185,8098099392
6560929185,1516088450
6560929185,10573403109
10131359617,8098099389
10131359617,1516088450
10131359617,10131307314
6560929186,1516088450
6560929186,9775274051
6560929186,6560929189
9775274057,10298119240
9775274057,9775274056
1516088452,8098099389
1516088452,10245692724
1516088452,9893272167
1516088452,10555089433
8098099389,1516088452
8098099389,10131359617
8098099389,8098099410
10245692724,1516088452
10245692724,1516088453
10245692724,10245692723
9893272167,8196750157
9893272167,9893272164
10555089433,10307253339
10555089433,1516088452
10555089433,10555089432
8098099381,1516088453
8098099381,10245692732
8098099381,8098099384
1516088454,2614905805
1516088454,1021993600
1516088454,2614905806
2614905805,1516088454
2614905805,10549097782
2614905805,10549097781
2614905805,10311757278
2614905806,10549097779
2614905806,1516088454
2614905806,1519108987
1516088455,8196750199
1516088455,10131359688
8196750199,8196750204
8196750199,1516088455
8196750199,8098099384
10131359688,9775274073
10131359688,3329518970
1516088456,10307253323
1516088456,8098099416
1516088456,10298119217
10298119217,5275123399
10298119217,1516088456
10298119217,10298119214
1516093845,2840815978
2840815978,2840815981
2840815978,1534610470
1516093846,2840815979
1516093846,2840815981
2840815979,2563925226
2840815979,1534610470
2840815981,2840815984
2840815981,1516093846
2840815981,2563925232
12509620869,620162551
12509620869,1516119387
1516119427,2147726468
1516119427,11753100221
1516119427,11671723737
1516119427,2953159028
2147726468,11671723737
2147726468,11753100231
2147726468,1516119427
11753100221,11801993164
11753100221,11801993166
11753100221,1516119427
11671723737,2147726468
11671723737,1516119427
11671723737,1519197650
2953159028,1516119427
2953159028,2953159745
2953159028,3110815206
2668715494,1518951551
2668715494,2840815974
2862052287,2862052288
2862052287,2840815989
1518951569,2862052289
1518951569,2563925232
2563925232,2840815981
2563925232,1518951569
2563925232,12987642116
5174418022,13137825014
5174418022,1518951577
5174418022,12844577878
12794844927,1518951584
12794844927,1518951599
12794844927,5174418039
1518951599,12846604861
1518951599,1518951604
1518951599,12794844927
12846604861,9236375983
12846604861,1518951599
12846604861,12846604854
2147723019,2966593200
2147723019,11752404938
2147723019,1518951607
11828705214,2966593200
11828705214,11828699122
11828705214,1518951607
8492242125,1518951612
8492242125,12794840197
8492242125,1977173142
8491423722,2836516384
8491423722,1518951636
8491423722,8491423724
1519197650,11753100225
1519197650,11671723737
1519197650,1518951640
11530343240,11724585868
11530343240,1518951650
11530343240,11530343242
2963325413,1518951654
2963325413,11530343243
2963325413,9593088654
1518951670,11725604893
1518951670,11725604886
1518951670,11752404930
11725604886,2966596915
11725604886,1518951670
11725604886,11725604892
11752404930,2966596873
11752404930,1518951670
11752404930,11752404929
11752404942,11752404946
11752404942,1518951720
11752404942,11752404945
5681305141,8512967505
5681305141,5477670229
13577788608,13577788609
13577788608,1518951733
13577788608,1518951727
1518951738,2915139875
1518951738,2213510312
1518951738,1518951738
1518951738,1518951738
2915139875,1518951738
2915139875,8501591456
2915139875,2915139878
2213510312,1518951738
2213510312,8335669864
2213510312,8501591488
8512967498,11530343232
8512967498,1518956009
8512967498,8512967494
1518956012,1519108949
1518956012,1518956009
1518956012,8512981104
1519108949,1519108950
1519108949,1518956012
8512981104,12121130508
8512981104,8512981103
8512981104,1518956012
5681305086,1518956019
5681305086,8462595928
5681305086,5477669908
7899100763,1518956019
7899100763,7899100762
7899100763,12121127784
6456655578,1519008215
6456655578,1519008206
6456655578,6456655580
3802333314,10922098810
3802333314,1519008215
3802333314,3802333316
1519008241,4704888924
1519008241,4648939203
1519008241,10296922403
4704888924,1519008241
4704888924,10921990939
4704888924,13577660229
10296922403,4648939205
10296922403,1519008241
10296922403,10296922402
1519081870,2614905771
1519081870,9775266570
1519081870,1519081874
9775266570,1519081870
9775266570,2965113622
9775266570,9775273920
1519081874,9775273920
1519081874,9775266571
1519081874,1519081870
9775273920,9775273919
9775273920,1519081874
9775273920,9775266572
9775273920,9775266570
9775266571,9775266572
9775266571,9775273933
9775266571,1519081874
9775266571,1519081887
1519081887,2614905787
1519081887,4712341450
1519081887,10311757266
1519081887,9775273941
1519081887,9775266571
4712341450,1519081887
4712341450,9775273944
4712341450,4712341448
10311757266,5246056865
10311757266,1519081887
10311757266,10311757270
9775273941,9775273933
9775273941,10131379267
9775273941,1519081887
1519081890,2566896970
1519081890,9742051885
1519081890,5246056865
2566896970,9742051931
2566896970,1519081890
2566896970,5246056874
9742051885,9742051884
9742051885,1519081890
9742051885,4402618079
5246056865,1519113448
5246056865,10311757266
5246056865,1519081890
8491423707,10303076586
8491423707,1519081896
8491423707,10303076601
10303076601,10303076604
10303076601,1519081896
10303076601,8491423707
1519081911,1519113448
1519081911,1519081912
1519081911,2566896978
1519113448,1519081911
1519113448,5246056865
1519113448,10303076586
1519081912,2603306939
1519081912,4402618079
1519081912,1519081933
1519081912,1519081911
2566896978,1519081911
2603306939,1519081912
2603306939,10549097766
2603306939,3779749325
1519081933,1519081931
1519081933,9322442120
1519081933,9322420308
1519081933,1519081912
1519081914,3779749326
1519081914,9742051907
1519081914,9742051898
3779749326,1519081914
3779749326,3924960360
3779749326,3924960096
9742051907,1519081914
9742051907,9742051908
9742051907,9742051903
9742051898,1519081914
9742051898,9742051897
9742051898,9742051900
1519081927,1519081928
1519081928,1519081930
1519081928,3803062440
3803062440,3070313800
3803062440,1519081928
3803062440,10554801801
10554837127,10554837130
10554837127,10307701697
10554837127,1519081930
1519081959,2793298314
1519081959,1519081930
1519081931,1519081933
1519081931,4402618082
1519081931,1519081945
1519081945,1519081931
1519081945,9893272154
1519081945,1519081950
9322420308,1519081933
9322420308,9322420309
9322420308,9322442121
9322420308,9893272156
9893272154,1519081945
9893272154,1519081950
9893272154,9893272156
1519081950,9893272154
1519081950,1519081945
1519081947,10554854582
1519081947,8401915614
1519081947,3266074380
10554854582,10307701691
10554854582,1519081947
10554854582,10554854579
8401915614,8401915615
8401915614,3936436289
8401915614,1519081947
3266074380,10554801805
3266074380,10554837130
3266074380,1519081947
2793298314,1519081963
2793298314,2793298324
1519081960,1519081959
1519081963,3078230255
1519081963,2612528424
3078230255,2793298324
3078230255,1519082003
2612528424,2793298320
2612528424,3078230246
2612528424,1519081963
2612528424,1519081997
10713120368,1519081966
10713120368,1519082025
10713120368,10713120367
10554801766,10554801767
10554801766,1519081966
10554801766,2793298326
1519081989,10554801767
1519081989,2793298326
10554801767,1519082003
10554801767,10554801766
2793298326,1519109037
1519081991,1519109055
1519081991,10304931421
1519109055,1539086876
1519109055,1519082016
10304931421,10304931422
10304931421,10304931433
10304931421,1519081991
1519081997,10554801752
1519081997,1519082003
1519081997,1519082020
1519081997,2612528424
10554801752,2793298335
10554801752,1519081997
10554801752,1519082022
1519082003,1519082025
1519082003,1519081997
1519082003,10554801767
1519082003,3078230255
1519082025,1519082003
1519082025,1519082020
1519082025,10713120368
1519082016,1519354451
1519082016,2793298341
1519354451,1519354475
1519354451,1519082016
1519354451,1519082058
2793298341,2793298348
2793298341,2793298342
1519082022,1519082020
1519082022,1921937592
1519082022,10554801752
1921937592,2793298339
1921937592,10313221747
1921937592,1519082022
1519082060,1519081950
1519082060,9668299103
1519082060,10570555647
1519082060,9668299067
1519082060,10537901319
9668299103,9281240923
9668299103,1519082060
9668299103,9668299098
10537901319,9668299067
10537901319,10537901316
10537901319,9668299063
10537901319,1519082060
1519082069,4743621692
1519082069,1519082078
1519082069,1519082072
1519082078,1519082069
1519082078,1519082080
1519082078,1519082081
1519082072,1519082069
1519082072,1519082081
1519082072,10304785698
1519082081,1519082072
1519082081,1519082078
1519082081,3210623274
10304785698,1519082072
10304785698,9330508513
10304785698,3210623963
10304785698,3210623274
1519082086,1519082085
1519082086,1519082080
1519082086,3211000074
3210623274,3210623582
3210623274,10304785698
3210623274,1519082081
1519082085,1519082086
1519082085,2612528460
1519082085,2793298348
2612528460,1519082085
2612528460,8242933609
2612528460,10313221747
2793298348,1519082085
2793298348,2793298345
3211000074,3210623582
3211000074,1519082086
3211000074,3211000077
1519082095,3791493169
1519082095,8242933609
1519082095,1921937632
3791493169,8242928658
3791493169,1519082095
3791493169,2801772625
8242933609,8242933610
8242933609,1519082095
8242933609,2612528460
1921937632,10132397968
1921937632,8242933610
1921937632,2607806155
1921937632,1519082095
1519108950,1520627937
1519108950,6456658000
10307447230,1519108954
10307447230,8237018162
10307447230,10307447229
1519108961,13090489872
1519108961,10090478926
1519108961,3518916780
13090489872,1519108961
13090489872,13090489856
13090489872,10090478944
10090478926,1519108961
10090478926,2811645404
10090478926,10090479007
10090478926,10090478948
3518916780,10090479078
3518916780,10090479014
3518916780,1519108961
13090489850,13090489856
13090489850,13090489856
13090489850,1519108962
1519108964,10705571358
1519108964,10307447239
10705571358,10705571352
10705571358,1519108964
10705571358,10705571357
10307447239,10307447236
10307447239,10307447237
1519108976,4704888922
1519108976,3324782557
1519108976,6002576198
1519108976,1849109623
4704888922,5949835956
4704888922,1519108976
4704888922,10090479093
3324782557,1519108976
3324782557,10309843371
3324782557,10705551849
6002576198,10705551868
6002576198,6002576195
1849109623,1519108976
1849109623,1849109592
1849109623,13577660218
1519108987,2614905806
1519108987,9775274032
1519108987,10549097778
9775274032,10131359626
9775274032,1519108987
9775274032,1519108991
10549097778,10549097779
10549097778,3329518967
10549097778,1519108987
1519108991,1519134536
1519108991,10131359682
1519108991,9775274032
1519134536,1519108991
1519134536,1519108995
1519134536,1519134537
1519108995,1519134536
1519108995,3329518970
1519108995,9775274115
9775274115,1519109005
9775274115,1519108995
9775274115,9775274113
3779763069,3301101292
3779763069,1519109005
3779763069,1519109016
1519109016,10250851621
1519109016,7704626567
1519109016,3779763069
10250851621,1519109016
10250851621,3779763075
10250851621,5938613794
7704626567,1519109016
7704626567,9775266581
7704626567,10733042635
1519109037,3803060897
1519109037,1519081960
1519109042,3779763075
1519109042,9775274108
1519109042,1519113454
3779763075,10250851621
3779763075,1519109042
3779763075,5938613795
9775274108,1519109042
9775274108,3306192177
9775274108,9775274111
1519113454,3301101329
1519113454,3301101349
1519113454,1519109042
1539086876,2607806148
1539086876,1519109055
1539086876,10250851625
1519109064,9775274123
1519109064,3306192177
1519109064,1828255397
9775274123,1519109068
9775274123,1519109064
9775274123,9775274118
3306192177,9775274108
3306192177,9775274111
3306192177,1519109064
1828255397,9330508505
1828255397,8242928670
1828255397,1519109064
1519109066,2991097113
1519109066,2614905851
1519109066,2614905849
1519109066,2614905857
2614905851,1519109066
2614905851,2614905849
2614905851,8491423704
2614905849,3301101326
2614905849,10537901352
2614905849,2614905846
2614905857,1519109066
2614905857,10537901348
2614905857,10537901347
2614905857,13556348050
1519109068,10311650982
1519109068,9775274123
1519109068,9609258261
1519109068,10549097800
1519109068,10549097803
9609258261,10549097800
9609258261,5938613796
9609258261,1519109068
10549097800,9609258261
10549097800,9609258254
10549097800,10537901350
10549097800,1519109068
10549097803,3301101351
10549097803,5938613796
10549097803,1519109068
10549097803,10537901351
10303076586,8491423707
10303076586,10303076603
10303076586,1519113448
1519113453,10311753749
1519113453,3301101322
1519113453,10311753753
10311753749,1519113453
10311753749,3301101322
10311753749,10311753753
3301101322,1519113453
3301101322,3301101329
3301101322,10311753749
10311753753,10537901317
10311753753,1519113453
10311753753,10311753749
3301101329,3301101322
3301101329,1519113454
3301101329,10537901318
3301101349,1519113454
3301101349,3301101351
3301101349,3301101341
1519134537,1519134536
10307443799,1519148507
10307443799,10307443805
10307443799,9707123682
10307478599,7899100739
10307478599,10307478600
10307478599,1519148507
10307478599,10307478597
1519148512,1519148515
1519148515,10555176805
1519148515,1519148512
1519148515,1519148513
1519148513,268817196
1519148513,1519148515
1519148518,10555176805
1519148518,10555177525
1519148518,10555176799
10555177525,10555177518
10555177525,1519148518
10555177525,10555177524
1519176085,1519176088
11724654727,11724654731
11724654727,11724654726
11724654727,1519176088
11753100225,11753100231
11753100225,2147722975
11753100225,1519197650
1519198996,1519198988
1519198996,10131379263
1519198996,10131379263
10131379263,10131379262
10131379263,1519198996
10131379263,1519198996
1519346770,1519346772
1519346770,10131359621
1519346770,9775273991
1519346772,1519346770
1519346772,10131359671
1519346772,10131359667
10131359621,1519346770
9775273991,5246056863
9775273991,9775273990
9775273991,1519346770
10131359671,1519346772
10131359671,10131359670
10131359671,10131359674
10131359667,3329518967
10131359667,1519346772
10131359667,10131359654
1520424923,1520424934
1520424925,1520424931
8378365889,1520424931
1520444375,11819788432
11819788432,1520444375
11819788432,11819788436
11819788432,3925367937
2691865774,1520444383
2691865774,10706757626
2691865774,2691865767
3925367949,1520444405
3925367949,1520444383
3925367949,10706757628
1520444405,3925367949
10921990967,1520484598
10921990967,8816509038
10921990967,10921990965
1520484601,1520484598
1520489314,3302702104
1520489323,1520489317
1520622588,1520622593
1520622588,1520622599
1520622588,11530358355
1520622599,11530358380
1520622599,1520622588
1520622599,1520622605
11530358355,1520622588
11530358352,1520622593
11530358352,11530358353
11530358352,2043057380
11530358380,11530358383
11530358380,1520622599
11530358380,11530358376
1520626941,4704888914
4704888914,1516088440
4704888914,4704888910
1520648889,2567121255
1520693988,11756461740
1520693988,8260408095
1520693988,8260408100
11756461740,5366179375
11756461740,1520693988
11756461740,11756461741
8260408095,7475272819
8260408095,1520693988
8260408095,8260408104
8260408100,1520693988
8260408100,11032452990
8260408100,8260408103
1520815706,2503821977
1520815706,11474825505
1520815706,1520815754
2503821977,9213258575
2503821977,1520815706
2503821977,9213258572
11474825505,9213258520
11474825505,1520815706
11474825505,12094776769
12253728278,1520815735
12253728278,1520815737
12253728278,12253728279
3901856144,3627803213
3901856144,12194068972
3901856144,1520815774
4571907860,1520815774
4571907860,12253703073
4571907860,4571907861
1523882493,7472184293
1523882509,3974191278
3974191278,12452840630
3974191278,1523882509
1528034475,1528034487
1528034475,4571908026
1528034475,4571908032
1528034487,1528034547
1528034487,1528034475
1528034487,1528034477
4571908026,4571908027
4571908026,12230201626
4571908026,1528034475
4571908026,5457972697
1528034477,1528034487
1528034477,12230201626
1528034477,12286103797
12230201626,4571908028
12230201626,4571908026
12230201626,1528034477
12286103797,5426232362
12286103797,4571908057
12286103797,1528034477
1528034547,4571908057
1528034547,1528034487
1528034547,4571908032
1528034551,4571908047
1528034551,1528034495
1528034551,2682017327
1528034528,1528034527
1528034528,1528034495
1528034528,1528034550
1528034501,1528034510
1528034501,1528034541
1528034501,1528034531
1528034510,1528034501
1528034510,4571908038
1528034510,4571908039
1528034541,1528034501
1528034541,1528034503
1528034541,1528034562
1528034503,4571908038
1528034503,1528034541
1528034503,1528034560
4571908055,4571908054
4571908055,2682017327
4571908055,1528034508
1528034526,1528034550
1528034526,1818628237
1528034526,1528034508
4571908039,5407038340
4571908039,1528034510
4571908039,2504348499
1528034550,1528034526
1528034550,12756873513
1528034550,1528034528
1818628237,1528034560
1818628237,1528034562
1818628237,1528034526
1528034562,1528034564
1528034562,1818628237
1528034562,1528034541
12729500693,1528034545
12729500693,6329721667
12729500693,12729500689
2682017327,4571908055
2682017327,4571908051
2682017327,1528034551
1528034564,1528034562
1528059583,2204345209
1528059583,1528075854
1528059583,1528075819
2204345209,9526801277
2204345209,9526801276
2204345209,1528059583
1528075854,1528075811
1528075854,1528075819
1528075854,1528059583
1528075819,1528075854
1528075819,12251092769
1528075819,1528059583
1528075819,1528075881
1528059604,1528059690
1528059604,1528059660
1528059604,1528059704
1528059690,1528059604
1528059690,1528059704
1528059690,1528059631
1528059660,1528059604
1528059660,12253667664
1528059660,1528059631
1528059704,1528059690
1528059704,1528059622
1528059704,1528059604
1528059608,1528074985
1528059608,1528074968
1528059608,1528059706
1528074985,12230201822
1528074985,1528059608
1528074985,12230201821
1528059706,1528059608
1528059706,1528059748
1528059706,1528059642
1528059610,12251031859
1528059610,1528059622
1528059610,1528071419
12251031859,1528059686
12251031859,1528059610
12251031859,12251031858
1528059622,12251092668
1528059622,1528059610
1528059622,1528059704
12253667639,12310225773
12253667639,1528059612
12253667639,2566839026
12251092668,1528059622
12251092668,1528059658
12251092668,12251092670
1528059631,1528059690
1528059631,1528059660
1528059631,1528059658
1528059658,12251092668
1528059658,12251092670
1528059658,1528059747
1528059658,1528059631
1528059686,1528059647
1528059686,12251031859
1528059686,1528059642
1528059647,1528059686
1528059647,1528059700
1528059647,12251031858
1528059700,1528059647
1528059700,1528059676
1528059700,1528059747
12251031858,12251092670
12251031858,1528059647
12251031858,12251031859
12251092670,1528059658
12251092670,12251031858
12251092670,12251092668
1528059747,1528059658
1528059747,1528059676
1528059747,1528059700
12253667664,12253667665
12253667664,1528059660
12253667664,12253667662
1528059676,1528075811
1528059676,1528059747
1528059676,1528059700
1528075811,1528075854
1528075811,1528059676
1528075811,1528075833
1528071431,12230201734
1528071431,1528071377
1528071431,1528071405
1528074972,1528071377
1528074972,1528071405
1528074972,1528074957
12230201837,12230201723
12230201837,1528071386
12230201837,12230201838
12230201838,1528071419
12230201838,12230201837
12230201838,1528071386
1528071405,1528074972
1528071405,12230201731
1528071405,1528071431
12230201731,1528071405
12230201731,12230201732
12230201731,12230201729
1528071417,12230201723
1528071417,1528071419
1528071417,1528074989
12230201723,1528071417
12230201723,12230201837
12230201723,12230201724
1528074989,12230201724
1528074989,1528071417
1528074989,12230201726
12230201734,1528071431
12230201734,1528074984
12230201734,12230201732
12230201726,1528074941
12230201726,12230201727
12230201726,12230201725
12230201726,1528074989
12230201824,1528074949
12230201824,12230201822
12230201824,12230201823
12230201819,1528074949
12230201819,12230201823
12230201819,1528074957
1528074954,1528074984
1528074954,1528074970
1528074954,1528074987
1528074957,12230201729
1528074957,12230201819
1528074957,1528074972
12230201729,12230201821
12230201729,1528074957
12230201729,12230201731
12230201729,12230201823
12230201774,12230201773
12230201774,1528074968
12230201774,1528074987
12230201822,12230201824
12230201822,1528074985
12230201822,12230201821
12230201821,1528074985
12230201821,12230201729
12230201821,12230201822
12230201724,1528074989
12230201724,12230201723
12230201724,12230201725
1528075833,1528075811
1528075833,12251092769
1528075833,12251092768
12251092769,1528075833
12251092769,1528075819
12251092769,12251092768
1528075881,12251092768
1528075881,1528075864
1528075881,1528075819
1528075864,1528075823
1528075864,1528075881
1528075864,12253667666
1528075830,1528075836
1528075830,1528075852
1528075830,1528075860
1528075836,1528075830
1528075852,1528075830
1528075860,2204345168
1528075860,12253667505
1528075860,1528075830
1528075860,1528075892
12251092768,1528075881
12251092768,12251092769
12251092768,1528075833
2204345168,12253667502
2204345168,1528075860
2204345168,9526801268
2204345168,12253667504
12253667505,1528075860
12253667505,12253667504
12253667505,2204345170
1528075892,1528075860
3622553412,1528075875
3622553412,12310225770
3622553412,12310225744
3622553412,4571907887
12253667502,1528075875
12253667502,2204345168
12253667502,12253667503
1534610462,2668715494
1534610462,2840815974
2840815974,1534610475
1534610470,1534610462
1534610475,2862052287
1534610475,1516093845
2966746331,1534660488
2966746331,11952068624
2966746331,3112399680
3112399680,1534660488
3112399680,13538566902
3112399680,796345472
2421216801,5426236711
2421216801,1539069557
2421216801,2421216827
2644849322,2421216801
2644849322,4494802297
2644849322,1539069557
1539069558,5426236716
1539069558,1539069558
1539069558,1539069558
5426236716,1539069558
5426236716,5426236711
5426236716,5426236711
1539071372,2949952891
1539071372,2948670304
1539071372,2949952844
2949952891,2949952892
2949952891,1539071372
2949952891,2948671544
2948670304,2948671544
2948670304,2948670300
2948670304,1539071372
2949952844,2949952849
2949952844,1539071372
2949952844,1539071391
2949952844,4691122744
1539071374,2949952854
1539071374,4691122744
1539071374,1539071443
2949952854,2949952849
2949952854,1539071374
2949952854,2949952865
4691122744,1539071374
4691122744,4524874425
4691122744,2949952844
1539071443,11860247124
1539071443,1539071374
1539071443,2949952899
1539071391,2949952862
1539071391,2949952879
1539071391,2949952844
2949952862,2949952865
2949952862,1539071391
2949952862,2949952849
2949952862,2949952882
2949952879,2949952882
2949952879,2949952892
2949952879,1539071391
1539071412,2949952884
2949952884,2949952872
2949952884,1539071412
2949952884,2949952887
1539071429,2948670278
1539071429,2948671537
1539071429,1539071453
2948670278,2948670284
2948670278,2948671537
2948670278,1539071429
2948671537,2948671538
2948671537,2948670278
2948671537,1539071429
1539071453,2948671564
1539071453,1539071449
1539071453,1539071459
1539071453,1539071429
11860247124,1539071443
11860247124,1539071447
11860247124,11860247104
2949952899,2949952896
2949952899,2949952871
2949952899,1539071443
1539071447,11033807108
1539071447,11860247124
1539071447,2949952898
11033807108,1539071447
11033807108,11033764392
11033807108,11033764392
2949952898,2949952903
2949952898,1539071447
2949952898,2949952878
1539071449,2949952926
1539071449,11033764392
1539071449,1539071453
2949952926,1539071449
2949952926,2949952922
2949952926,2949952903
11033764392,11033807108
11033764392,11033807108
11033764392,1539071449
2948671564,1539071453
2948671564,2948671563
2948671564,2948671566
1539077589,13042497045
1539077589,5299674032
1539077589,1539077595
13042497045,1539077589
13042497045,13042497045
13042497045,13042497045
2418111968,1539077596
2418111968,1539077626
2418111968,3540614251
1539077618,1539077633
1539077633,1539077645
1539077633,1539077626
1539077633,1539077618
1539077626,1539077640
1539077626,1539077633
1539077626,2418111968
1539077640,1539077626
1539077640,3539495200
1539077640,3539495199
1539077627,4957283798
4957283798,1539077642
4957283798,1539077627
4957283798,1539077645
1539077645,3539495201
1539077645,1539077633
1539077645,4957283798
1539077639,2499511115
1539077639,1539077651
1539077639,1539077650
2499511115,1539077639
1539077651,1539077650
1539077651,1539077652
1539077651,1539077639
1539077650,1539077651
1539077650,3537202091
1539077650,1539077639
3539495200,1539077640
3539495199,1539077640
1539077642,1539077647
1539077642,4957283798
1539077642,13161982541
1539077647,1539077648
1539077647,1539077642
1539077647,13161982546
13161982541,13161982542
13161982541,1539077642
13161982541,13161982546
3539495201,1539077645
1539077648,3539495197
1539077648,1539077652
1539077648,1539077647
13161982546,13161982541
13161982546,1539077647
13161982546,3539495210
3539495197,1539077648
3539495197,3539495091
3539495197,3539495193
1539077652,1539077662
1539077652,1539077651
1539077652,1539077648
3537202091,1539077666
3537202091,1539077650
3537202091,3537202195
1539077662,1539077652
1539077666,3537202091
1539084020,2418112064
1539084020,13288027927
1539084020,2610198092
2418112064,2418112050
2418112064,10955692572
2418112064,1539084020
13288027927,1539084020
13288027927,2418111961
13288027927,13288027922
2610198092,2610198102
2610198092,1539084020
2610198092,13288027911
1539086867,1539086868
1539086867,10132397974
1539086867,9128801179
1539086868,9128801194
1539086868,1539086867
1539086868,13152957880
9128801179,9128801180
9128801179,9128801178
9128801179,1539086867
9128801194,9128801178
9128801194,7927758679
9128801194,7927758676
2607806148,1539086876
2607806148,10304931440
2607806148,4755412032
2607806148,8196726208
2607806148,8196750020
10250851625,6675304503
10250851625,2612528446
10250851625,1539086876
9330523419,1539086879
9330523419,8242928670
9330523419,9330523417
8196726198,10247412403
8196726198,6675304502
8196726198,1539086879
1539086883,9330508503
1539086883,8242928670
1539086883,9330508505
9330508503,9330508512
9330508503,1539086883
9330508503,9330508504
8242928670,1539086883
8242928670,9330523419
8242928670,1828255397
9330508505,9330508504
9330508505,1828255397
9330508505,1539086883
1539086884,9330508512
1539086884,9330508516
1539086884,3210623963
9330508512,9330508503
9330508512,1539086884
9330508512,9330508516
9330508516,9330508512
9330508516,1539086884
9330508516,9330508504
9330508516,9330508515
9330508516,1921937608
3210623963,10304785699
3210623963,10304785698
3210623963,1539086884
10132397966,1539086886
10132397966,2330327274
10132397966,1921937626
10311650984,1832521296
10311650984,10311650983
10311650984,1539086886
1564382652,1564382660
1564382652,10713003669
1564382652,1564382616
1564382623,6744542118
1564382623,2513765924
1564382623,1564382636
6744542118,1564382623
6744542118,2836736553
6744542118,2513765932
2513765924,1564382623
2513765924,2513765932
1564382636,6744542115
1564382636,1564382623
6744542115,8534256542
6744542115,1564382636
6744542115,7519509004
1564382660,10114681905
1564382660,1564382652
1564382660,3974191300
10114681905,1564382660
10114681905,8691267004
4724598422,4724596608
4724598422,2836736585
4724598422,2836736561
4724598422,1564382741
2566715394,1564382741
2566715394,1925492198
2566715394,5054591183
1925492278,1925492272
1925492278,3978190598
1925492278,1564382765
1925492278,8830448628
8830448638,8830448637
8830448638,8830448628
8830448638,1564382765
9846902591,9846902600
9846902591,1564382809
9846902591,9846902601
9846902602,9846902601
9846902602,9846902609
9846902602,1564382809
9846902609,1564382852
9846902609,9846902602
9846902609,9846932821
1564382853,1601985020
1564382853,8316296799
1564382853,4494713878
1601985020,3978296962
1601985020,1564382853
1601985020,10564075845
1601985020,2566715547
4494713878,2418111586
4494713878,3627743196
1564395048,8733927118
1564395048,1564395051
1564395048,4262514176
8733927118,1564395048
8733927118,6280356318
8733927118,10564075845
4262514176,2566715532
4262514176,1564395048
4262514176,3978162854
9953414833,7475290954
9953414833,7475290945
9953414833,9042395003
9953414833,1564395051
1564399082,1564399109
1564399109,1564399103
1564399109,1564399114
1564399109,1564399082
1564399103,1564399129
1564399103,8733877213
1564399129,1564399140
1564399129,1564399117
8733877213,7475290959
8733877213,11182048128
8733877213,1564399103
1564399114,1564399133
1564399114,1564399117
1564399114,1564399109
1564399133,11189806159
1564399133,2566715586
1564399133,1564399114
1564399117,1564399114
1564399140,5299674035
1564399140,1564399129
1564399140,2767290990
11189806159,1564399133
11189806159,13042496945
11189806159,2566715586
2566715586,1564399133
2566715586,2767290990
2566715586,11189806159
5299674035,5299674032
5299674035,1564399140
5299674035,5299674036
1568204046,1568204075
1568204046,1568204089
1568204046,1568204038
1568204042,13399406371
1568204042,13399406373
1568204042,1568204079
13399406371,13399406369
13399406371,1568204042
13399406371,13399406370
13399406373,1568204042
13399406373,13399406374
13399406373,13399406372
1568204168,1568204179
1568204168,10091380660
1568204168,10091380658
1568204179,10719101879
1568204179,10719101881
1568204179,1568204168
10091380660,1568204185
10091380660,10091380662
10091380660,1568204168
10091380658,1568204168
10091380658,5843701487
10091380658,10091380662
1568204175,13510588321
1568204175,10091380652
1568204175,10719101879
13510588321,1568204175
13510588321,5843701487
13510588321,10719101879
10719101879,1568204179
10719101879,1568204175
10719101879,10719101881
10719101879,13510588321
1568204185,13510588307
1568204185,10091380660
1568204185,5843699773
13510588307,1568204185
13510588307,10091380662
13510588307,1569484453
5843699773,5843701485
5843699773,5843699772
5843699773,1568204185
5843699773,13510543098
1568204305,1568204340
1568204305,1568204343
1568204305,3309822971
1568204340,1568204305
1568204340,1568204349
1568204340,1568204369
1568204343,1568204305
1568204343,1568204366
1568204343,1568204349
1568204343,3309822972
3309822971,8403208967
3309822971,12111434638
3309822971,1568204305
1568204373,12111434628
1568204373,1568204369
1568204373,1568204311
1568204349,1568204340
1568204349,1568204380
1568204349,1568204343
1568204349,1568204377
1568204369,1568204373
1568204369,1568204377
1568204369,1568204340
1568204366,12106422173
1568204366,8242847227
1568204366,1568204343
3309822972,12111434638
3309822972,12111434633
3309822972,1568204343
1568204380,8242847232
1568204380,12106422173
1568204380,1568204349
1568204377,1568204369
1568204377,1568204383
1568204377,1568204349
1568204377,3309822977
12106422173,1568204380
12106422173,1568204366
12106422173,12106422175
8242847227,1568204366
8242847227,12106408698
8242847227,8242847228
12111434628,1568204373
12111434628,1568204386
12111434628,6916629472
1568204383,12106422182
1568204383,8242847232
1568204383,1568204377
3309822977,12106422182
3309822977,1568204377
3309822977,1568204386
8242847232,1568204383
8242847232,1568204380
8242847232,8242847229
1568204386,12111434628
1568204386,12106422178
1568204386,3309822977
1568204394,2617930048
2617930048,1568204394
2617930048,1568204406
2617930048,2617930047
1568204406,1568204415
1568204406,2617930048
1568204406,1568204411
1568204415,1568204406
1568204415,5076733748
1568204415,2508808914
1568204411,1568204406
5076733748,1568204452
5076733748,1568204415
5076733748,5076733751
2508808914,1568204415
2508808914,12104960876
2508808914,5076733729
8235910176,8235910167
8235910176,8235910177
8235910176,1568204450
1568204452,1601985032
1568204452,5076733748
1568204452,1568204450
1601985032,1568204452
1601985032,3207287863
1601985032,1601688409
1568204468,3406665781
1568204468,1568204490
1568204468,10175412154
3406665781,3406665782
3406665781,1568204468
3406665781,5251336455
1568204490,3259831215
1568204490,1568204468
1568204490,1568204529
10175412154,1568204468
10175412154,6166199543
10175412154,10175352193
1568204484,3259831216
3259831216,1568204518
3259831216,1568204484
3259831216,1601695077
3259831215,1568204490
3259831215,3259831227
3259831215,3259831201
1568204529,3259831227
1568204529,1568204490
1568204529,1568204545
1568204512,1568204518
1568204518,1568204543
1568204518,3259831216
1568204518,1568204512
1568204518,3259831227
1568204543,1568204518
1568204543,3259831234
1568204543,3259831242
1568204543,1568204532
3259831227,1568204529
3259831227,3259831234
3259831227,3259831215
3259831227,1568204518
1568204545,3259831234
1568204545,1568204529
1568204545,1568204615
1568204532,5012466357
1568204532,1568204543
1568204532,8491423713
5012466357,1568204532
5012466357,5012466355
5012466357,1601695080
8491423713,8491423714
8491423713,1601695077
8491423713,1568204532
12377445757,2508808961
12377445757,1568204537
12377445757,12377445756
9727654538,6970156783
9727654538,9727637016
9727654538,9727637015
3259831234,1568204545
3259831234,3259831242
3259831234,3259831227
3259831234,1568204543
3259831242,3259831247
3259831242,3259831234
3259831242,1568204615
3259831242,1568204543
1568204615,3383437132
1568204615,3259831242
1568204615,1568204545
3383437132,1568204615
3383437132,10311649307
3383437132,3383437134
1568204708,1568204824
1568204708,1568204803
1568204708,4571908078
4571908078,1568204824
4571908078,3616245807
4571908078,1568204708
4571908078,4571908018
3616245803,3618330816
3616245803,1568204803
3616245803,3616245797
4334367908,4771494335
4334367908,1568204828
4334367908,4334367906
12310225751,1568204881
12310225751,9766272958
12310225751,12310225778
1568204892,3622528960
1568204892,4691276956
1568204892,1568204896
3622528960,1568204892
3622528960,4569427501
3622528960,3616199496
4691276956,1568204892
4691276956,1568204970
4691276956,1568205004
3616199512,1568204896
3616199512,3616199499
3616199512,3616198592
1568204970,4691276956
1568204970,1568204974
1568204970,1568205004
1568204974,11504343368
1568204974,9288468444
1568204974,1568204970
1568205004,3616144486
1568205004,1568204970
1568205004,4691276956
11504343368,9288468504
11504343368,1568204974
11504343368,11504343371
9288468444,9288468443
9288468444,1568204974
9288468444,11504343401
3616144486,1568205004
3616144486,3616200697
3616144486,1568205010
12111434666,12111434780
12111434666,1568222030
12111434666,12111434664
1569484194,1569484187
1569484194,1569484158
1569484194,1569484216
11188440536,1569484216
11188440536,11231249084
11188440536,11188445444
1569484261,11188440524
1569484261,1569484216
1569484261,1569484290
1569484410,1569484436
1569484410,1569484220
1569484410,1601687933
11231249084,11188440536
11231249084,1569484220
11231249084,11231249109
1569484234,1569484321
1569484234,12299190457
1569484234,1569484299
1569484321,1569484234
1569484321,1569484370
1569484321,1569484408
12299190457,12299190459
12299190457,12299190458
12299190457,1569484234
1569484299,1569484264
1569484299,1569484370
1569484299,1569484234
1569484254,12299190459
1569484254,1569484290
1569484254,1569484288
12299190459,12299190457
12299190459,1569484254
12299190459,12299190458
1569484290,1569484254
1569484290,1569484373
1569484290,1569484261
1569484288,1569484323
1569484288,1569484254
1569484288,1569484369
7388819698,1569484259
7388819698,4398138361
7388819698,7388819696
13526674243,1569484259
11188440524,1569484450
11188440524,1569484261
11188440524,1569484487
3063780250,13389430173
3063780250,1569484264
1569484323,1569484288
1569484323,1569484452
1569484323,1569484369
1569484369,1569484439
1569484369,1569484323
1569484369,1569484288
1569484373,1569484290
1569484373,1569484452
1569484373,1569484495
1569484370,12299486453
1569484370,1569484299
1569484370,1569484321
1569484370,2122468434
1569484408,1569484321
1569484408,1569484434
1569484408,12299486453
1569484452,1569484456
1569484452,1569484373
1569484452,1569484323
1569484372,1569484340
1569484439,1569484434
1569484439,1569484369
1569484439,1569484456
12299486453,2122468434
12299486453,1569484370
12299486453,1569484408
2122468434,12299486453
2122468434,1569484370
2122468434,12299486456
2122468434,12299190465
1569484495,1569484456
1569484495,1569484497
1569484495,1569484526
1569484495,1569484373
1569484434,1569484408
1569484434,1569484439
1569484434,12299190458
1569484436,11231249109
1569484436,1569484410
1569484436,1569484565
1569484436,1569484525
1601687933,1601687931
1601687933,1569484410
1601687933,1025289209
12299190458,12299190457
12299190458,12299190459
12299190458,1569484434
11231249109,1569484454
11231249109,1569484436
11231249109,11231249084
1569484565,1569484584
1569484565,1569484571
1569484565,1569484436
1569484565,1601687975
1569484525,1569484584
1569484525,1569484454
1569484525,1569484436
1569484456,1569484452
1569484456,1569484495
1569484456,1569484439
1569484450,11188445444
1569484450,11188440524
1569484450,1569484487
11188445444,1569484450
11188445444,1569484454
11188445444,11188440536
1569484487,1569484497
1569484487,1569484450
1569484487,11188440524
1569484454,11188445444
1569484454,11231249109
1569484454,1569484525
1569484497,1569484487
1569484497,1569484495
1569484497,1569484526
1569484526,1569484497
1569484526,1569484495
1569484526,12299486456
1569484526,1569484598
1569484584,1569484565
1569484584,1569484525
1569484584,1569484635
1569484584,1569484594
12299486456,11188445464
12299486456,1569484526
12299486456,2122468434
1569484598,1569484526
1569484598,1569484655
1569484598,1569484594
1569484545,1601687982
1569484545,11188440517
1569484545,2508808866
1601687982,1569484545
1601687982,1601687975
1601687982,1569484571
11188440517,1601687975
11188440517,1601687931
11188440517,1569484545
2508808866,3210988657
2508808866,1569484545
2508808866,10929006525
1569484571,1569484635
1569484571,1569484565
1569484571,1601687982
1601687975,11188440517
1601687975,1569484565
1601687975,1601687933
1569484635,1569484666
1569484635,1569484571
1569484635,1569484584
1569484594,1569484655
1569484594,1569484598
1569484594,1569484584
1569484655,1569484594
1569484655,11188445464
1569484655,1569484664
1569484655,1569484598
11188445464,12299486456
11188445464,1569484655
11188445464,1569484668
1569484664,1569484668
1569484664,1569484674
1569484664,1569484655
1569484668,1569484664
1569484668,11188445464
1569484668,1569484674
1569484674,1569484666
1569484674,1569484668
1569484674,1569484664
9242988752,1569484705
9242988752,2508716626
9242988752,4438138087
1569484709,13617148930
1569484709,1569484740
1569484709,1569484705
2508716621,1569484705
2508716621,2508716626
2508716621,2122465045
13617148930,13617148936
13617148930,13617148936
13617148930,1569484709
1569484740,1569484709
1569484740,1569484746
1569484740,4438138088
1569484723,1569484716
1569484723,1569484720
1569484723,1569484752
4438247600,1569484757
4438247600,1569484716
4438247600,4438247601
1569484720,1569484723
1569484720,13617148936
1569484720,1569484746
13617148936,1569484720
13617148936,13617148930
13617148936,13617148930
1569484746,1569484720
1569484746,1569484740
1569484746,1569484752
1569484752,1569484723
1569484752,1569484746
1569484752,1569484757
4438138088,9242988770
4438138088,4438138087
4438138088,1569484740
4438148318,1569484749
4438148318,4438148317
4438148318,4438148289
1818570464,1818570434
1818570464,4477484337
1818570464,1569484749
1569484757,2860767364
1569484757,4438247600
1569484757,1569484752
2860767364,1569484757
2860767364,4438247601
2860767364,1569484789
1569484794,1569484772
1569484794,4438144282
1569484794,4438148317
9242988770,1569484789
9242988770,4438138088
9242988770,9242988751
10217070768,1570026023
10217070768,1601688027
10217070768,3616283275
1579644701,2204427800
1579644701,1579644717
1579644701,2421216473
2204427800,1579644701
2204427800,9931881940
2204427800,2204427809
1579644717,1579644706
1579644717,1579644721
1579644717,1579644701
2421216473,2566966549
2421216473,4571907997
2421216473,1579644701
1579644706,2421216710
1579644706,2421216526
1579644706,1579644717
2421216710,4571908071
2421216710,2421216700
2421216710,1579644706
2421216526,13415416502
2421216526,1579644706
2421216526,2421216700
1579644721,2504299625
1579644721,1579644722
1579644721,1579644717
1579644718,2504299625
1579644718,2504299625
1579644718,2421216516
2504299625,1579644718
2504299625,1579644718
2504299625,1579644721
2421216516,1579644718
1579644722,2204456152
1579644722,2421216726
1579644722,1579644721
2421216726,1579644723
2421216726,1579644723
2421216726,1579644722
1579644723,2504299678
1579644723,2421216726
1579644723,2421216726
8734085614,4955168736
8734085614,1591399771
8734085614,10846732708
9913483139,1591399771
1596009838,1596009839
1596009838,1596009842
1596009838,4701938705
1596009842,1603437110
1596009842,1596009838
1596009842,1603437083
4701938705,1601689284
4701938705,1603437110
4701938705,1596009838
3201790699,1596009839
3201790699,3201790695
3201790699,3201790700
3201790717,1596009839
3201790717,3201790719
3201790717,3201790713
1603437110,1596009842
1603437110,4701938705
1603437110,1603437116
1603437083,3207287872
1603437083,1596009842
1603437083,1603437116
1596738186,13359497859
1596738186,13359497853
1596738186,13359497862
1596738186,13380875772
13359497859,1596738186
13359497853,1596738186
13359497862,1596738186
1596738204,2506590533
1596738204,1596738207
2506590533,2506590526
2506590533,2506590531
2506590533,1596738204
1596738207,2991117672
1596738207,13526491470
1596738205,1596738207
1596738205,1596738204
1596738206,10079254624
1596738206,13526491466
10079254624,13526491465
10079254624,1601687743
13526491466,1596738205
13526491466,1596738208
2991117672,13526491469
2991117672,1596738209
13526491470,1596738208
13526491470,1596738205
1596738208,2006216737
1596738208,1596738206
2006216737,2006216736
2006216737,253820648
1596738209,9699794964
1596738209,1601687824
9699794964,1849109595
9699794964,1596738209
9699794964,9699794967
1599555485,1599555500
1599555485,3075233154
1599555485,7277997732
1599555500,1599555485
1599555500,4642971475
1599555500,1599555504
3075233154,1599555487
3075233154,1599555485
3075233154,3075233158
1599555487,2566715517
1599555487,5265700071
1599555487,3075233154
2566715517,4386109057
2566715517,1599555487
2566715517,8480832121
5265700071,10706759383
5265700071,1599555487
5265700071,5265700069
1599555504,1599555500
1599555504,7580458801
1599555504,3540614208
7580458801,1599555504
7580458801,13466617844
7580458801,13466617837
3540614208,1599555504
2964397329,1599555506
2964397329,2964397330
2964397329,3540614211
5265700069,5265700071
5265700069,1599555506
5265700069,13466605671
1599555519,2862052296
1599555519,10589344644
1599555519,2555606669
2862052296,10270062348
2862052296,4724593332
2862052296,1599555519
10589344644,2677670372
10589344644,1599555519
10589344644,10589344646
2555606669,2669116180
2555606669,1599555519
10130690450,1600265147
10130690450,7864614752
10130690450,10175412118
10130690450,10175352194
10175352210,10175352213
10175352210,1600265147
10175352210,10175412183
2467282466,1600492561
2467282466,2467282473
2467282466,2467282531
4777655547,4777655206
4777655547,1600492561
4777655547,10233684277
1600492562,13137832807
1600492562,13137825067
1600492562,13137825069
13137832807,13137832801
13137832807,13137832801
13137832807,1600492562
13137825067,1600492562
13137825067,5174418054
13137825067,13137825069
13137825069,1600492562
13137825069,10233716322
13137825069,13137825067
1600492563,10233684268
1600492563,9236375949
1600492563,10233684277
1600492563,13137825014
10233684268,1600492563
10233684268,10233684286
10233684268,10233684265
9236375949,4777655206
9236375949,1600492563
9236375949,2169569373
9236375949,11939598476
10233684277,4777655547
10233684277,1600492563
10233684277,12299267098
13137825014,1600492563
13137825014,5174418022
13137825014,12844577882
1600492564,5174417654
1600492564,5174417652
1600492564,5174417649
5174417654,13137825061
5174417654,1600492564
5174417654,9236375982
5174417652,1600492564
5174417649,1600492564
3897585965,3362495807
3897585965,3362489992
1600769064,1600769072
1600769072,1600769073
1600769072,3362495798
1600769070,3362489992
1600769070,3897585968
3362489992,2551268439
3897585968,1600769051
3897585968,3897585965
1600769073,3163902461
3362495798,1600769077
3362495798,3897585975
3163902461,3163902462
3163902461,3362495803
3897585975,3897585978
3897585975,1600769073
13526491462,2991097122
13526491462,13526491465
1601687822,2991117673
1601687822,13526491469
2991117673,1596738208
13526491469,2991117673
13526491469,13526491470
1601688027,10217070768
1601688027,9420119382
1601688027,9360005859
9420119382,2604800684
9420119382,1601688027
9420119382,9420119395
9360005859,4108392126
9360005859,11850246373
9360005859,1601688027
1601688158,10929006525
1601688158,1601688206
1601688158,10929006523
10929006525,1601688158
10929006525,10929006526
10929006525,2508808866
10929006525,10929006530
1601688206,10929006520
1601688206,1601688262
1601688206,10929006522
10929006523,10929006522
10929006523,10929006522
10929006523,1601688158
1601688193,2617930042
1601688193,9420119375
2617930042,1601688193
2617930042,9420119375
2617930042,9420119393
9420119375,5271764264
10929006520,1601688206
10929006520,1601688270
10929006520,10929006530
1601688262,1601688246
1601688262,1601688282
10929006522,10929006523
10929006522,10929006523
10929006522,1601688206
1601688209,1601688193
1601688209,9420119383
9420119383,1601688209
9420119383,1603964705
9420119383,9420119392
1601688245,2815911183
1601688245,1601688275
2815911183,1601688245
2815911183,13529053091
2815911183,1601693856
1601688275,1601688282
1601688275,1601688246
1601688246,1601688275
1601688246,1601688245
1601688282,1601688298
1601688282,10857985812
1601688270,1601688262
1601688270,1601688298
1601688270,10929006520
1601688298,1601688305
1601688298,1601688270
1601688298,1601688418
1601688280,1601688270
1601688280,10929006529
10929006529,10929006528
10929006529,10929006530
10929006529,10929006526
10857985812,9719924763
10857985812,9719924762
1601688294,1601688280
1601688294,1601688307
1601688294,13612885050
1601688307,1601688340
1601688307,1601688294
13612885050,13612885049
13612885050,13612885049
13612885050,1601688294
1601688305,1601688307
1601688305,1601688280
1601688418,10928812834
1601688418,1601688298
1601688340,2792799396
1601688340,13612885049
1601688340,1601688294
13612885049,1601688340
13612885049,13612885050
13612885049,13612885050
1601688409,1601985030
1601688409,1601985032
1601688409,2617930047
1601985030,1601688409
1601985030,2834284786
1601985030,3207287429
2617930047,2617930048
2617930047,8235937981
3641302420,2955096417
3641302420,2955096418
3641302420,4571908076
10928812834,10857985812
10928812834,1601688842
3309823001,8393239335
3309823001,1601688526
3309823001,8393239336
8393239333,4401542896
8393239333,1601688526
8393239333,8393239335
8393239342,5645347475
8393239342,8393239341
8393239342,8393239344
8393239342,1601688526
5645347474,3309822996
1601688610,2421216444
1601688610,1601688505
1601688610,2566966536
2566966536,2566966551
2566966536,1601688610
2566966536,5733829436
1601688707,1601688796
1601688707,1601688811
1601688796,1601688811
1601688796,1601688784
1601688811,1601688838
1601688811,258421980
1601688734,8235937966
1601688734,1601688755
8235937966,8235937967
8235937966,8235937962
1601688755,1601688739
1601688755,1601688734
1601688755,3309823003
1601688739,1601688781
1601688739,8236639348
1601688739,1601688755
1601688781,1601688796
1601688781,9420119368
8236639348,1601688781
8236639348,1601688739
8236639348,4401542915
9420119368,11770061690
1601688784,1601688755
1601688784,1601688734
1601688784,1601688781
1601688804,1601688784
1601688804,1601688820
1601688820,1601688809
1601688820,1601688804
1601688820,1601688835
1601688838,9420119329
1601688838,1601688844
1601688929,1601688893
1601688929,8235937991
9420119329,1601689031
9420119329,1601688963
1601688842,10928812838
1601688842,9727654522
10928812838,9719924779
9727654522,9719924779
9727654522,10079190926
1601688872,1601688804
1601688893,1601688872
1601688893,1601688820
8235937991,8235937990
8235937991,8236686950
8235937991,10080202996
8235937991,1601688929
1601688963,2416553174
1601688963,1601688868
7394154607,1601689137
7394154607,4121324048
4121324047,1601688965
4121324047,1603437125
4121324047,4121324048
1601688969,1601689059
1601688969,8665305330
1601688969,3383437153
1601689059,1601689123
1601689059,9393336552
1601689059,1601688969
1601689059,9393336558
8665305330,8665305329
8665305330,1601688969
8665305330,1601695081
3383437153,4764722771
3383437153,3383437155
3383437153,1601688969
1601689023,9719924778
1601689023,11826157460
9719924778,9727654530
9719924778,11826157449
11826157460,1601689023
11826157460,10857959271
11826157460,11826157449
1601689030,1601689239
1601689030,9727654548
1601689239,1601689277
1601689239,9393336558
1601689239,9393336559
1601689239,1601689030
9727654548,9727654518
9727654548,9727654551
1601689031,5271818846
1601689031,2416553174
5271818846,2617930055
5271818846,8259598050
5271818846,5271818856
1601689054,6970170448
1601689054,5012466354
6970170448,4600003518
6970170448,1601689030
5012466354,5012466352
5012466354,6970170448
5012466354,3383437135
5012466354,8335372457
1601689123,1601689277
1601689123,1601689059
1601689123,9393336548
9393336552,1601689059
9393336552,9393336536
9393336552,9393336548
9393336558,1601689123
9393336558,1601689239
9393336558,1601689059
1601689277,1601689239
1601689277,1601689354
1601689277,1601689123
1601689277,1601689312
9393336548,1601689139
9393336548,9393336552
1601689137,1601689201
1601689137,4121324060
1601689201,1601689381
1601689201,4121324061
4121324060,4121324061
4121324060,1601689284
4121324060,4121324054
1601689139,1601689137
1601689139,1601688965
1601689184,1601689139
1601689184,1601689201
1601689381,1601689418
1601689381,1601689383
4121324061,1601689325
4121324061,10061539880
4121324061,4121324060
9393336559,1601689239
9393336559,1601689023
9393336559,1601689420
1601689354,9393336559
1601689354,1601689277
1601689354,1601689420
1601689312,1601689277
1601689312,1601689184
1601689284,4701938705
1601689284,8236686950
8236686950,8235937991
8236686950,1601688872
1601689325,10061539880
1601689325,2465833275
10061539880,4121324061
10061539880,1601689381
1601689420,1601689354
1601689420,1601689441
1601689420,9393336559
1601689420,9393336569
1601689418,1601689425
1601689418,1601689447
1601689383,1601689184
1601689383,1601689312
1601689425,1601689383
1601689425,9393336527
1601689447,1601689459
1601689447,11756480761
9393336569,1601689354
9393336569,1601689420
9393336527,9393336529
9393336527,9393336569
11756480761,11756480767
11756480761,1601689447
11756480761,11756480766
1601689449,1601689425
1601689449,1601689453
1601689453,11793888637
1601689453,1601689449
1601689453,11793888639
1601689450,11793888633
1601689450,11793888653
1601689450,5058518820
11793888633,1601689450
11793888633,11793888635
11793888633,11793888634
11793888653,1601689450
11793888653,11793888651
11793888653,11793888652
5058518820,5058518819
5058518820,1601689450
5058518820,5058518818
11793888637,11793888635
11793888637,1601689453
11793888637,11793888638
11793888639,11793888641
11793888639,11793888640
11793888639,1601689453
1601693856,13529054104
1601693856,8665524683
1601693856,2815911183
13529054104,13529053098
13529054104,1601693856
13529054104,13529054179
8665524683,8665524675
8665524683,1601693861
8665524683,1601693856
1601693861,13529054105
1601693861,2815911186
1601693861,8665524683
13529054105,1601693861
13529054105,13529054179
13529054105,5054492973
2815911186,2815911188
2815911186,1601693861
2815911186,10291562393
1601695076,2210423377
1601695076,3259705346
1601695076,7801590058
3259705346,3259705343
3259705346,1601695076
3259705346,3259705344
7801590058,5057830724
7801590058,1601695076
1601695077,8491423717
1601695077,8491423713
1601695077,3259831216
1601695077,8491423716
8491423717,1601695077
8491423717,8491423711
8491423717,3259831201
8491423716,1601695077
1601695081,8665305330
1601695081,1601695080
1601695081,3383437149
3383437149,11901204690
3383437149,10604361312
3383437149,1601695081
1601973474,9281238516
1601973474,6485672702
1601973474,10733105438
9281238516,11036255803
9281238516,1601973474
9281238516,11036255800
6485672702,6485672701
6485672702,11881586837
6485672702,1601973474
10733105438,2569754230
10733105438,11036255801
10733105438,1601973474
6485672708,6485672474
6485672708,1601973494
6485672708,2801772625
9513406103,9513406102
9513406103,9513406112
9513406103,1601973494
3978296962,1601985020
3978296962,3935559376
3978296962,9043639464
10564075845,7475290974
10564075845,9162139485
10564075845,8733927118
10564075845,1601985020
2566715547,2418111686
2566715547,2418111586
2566715547,1601985020
2566715547,3523002443
2508716482,1601985026
2508716482,2508716476
2508716482,3242230486
3207287429,8235937981
3207287429,1601985030
3207287429,1601985027
1601985028,1601985029
1601985028,5076733766
1601985028,12104960872
1601985029,5076733757
1601985029,1601985028
1601985029,5076733732
5076733766,1601985028
5076733766,5076733767
5076733766,5076733732
12104960872,8235937981
12104960872,1601985028
12104960872,12104960882
5076733757,12104960876
5076733757,1601985029
5076733757,5076733729
5076733732,1601985029
5076733732,12104961570
5076733732,5076733766
5076733732,12104961571
2834284786,1601985030
2834284786,3207287455
2834284786,8393239332
3207287863,1601985032
3207287863,3201772591
3207287863,8235910174
1601985034,3207287864
1601985034,5076733730
1601985034,5076733787
3207287864,1601985034
3207287864,1601985037
3207287864,3207287867
5076733730,5076733773
5076733730,1601985034
5076733730,5076733787
5076733730,12104961639
5076733787,5076733774
5076733787,5076733730
5076733787,1601985034
1601985037,3207287864
1601985037,5076733784
1601985037,5076733780
13532746051,13532746054
13532746051,1603437048
13532746051,13532746055
5012453636,1603437055
5012453636,5054492973
5012453636,5012453634
12061935601,1603437066
12061935601,12061935773
12061935601,12061935597
4121324063,4121324065
4121324063,4121324064
4121324063,1603437066
1603437071,12061935771
1603437071,1603437078
1603437071,1603437123
12061935771,1603437071
12061935771,12061935769
12061935771,12061935772
1603437078,3207287872
1603437078,1603437071
1603437078,1603437121
1603437123,4121324059
1603437123,1603437121
1603437123,1603437071
3207287872,1603437083
3207287872,1603437078
3207287872,3207287867
1603437121,1603437123
1603437121,1603437116
1603437121,1603437078
1603437116,1603437121
1603437116,1603437083
1603437116,1603437110
4121324059,1603437125
4121324059,1603437123
4121324059,4121324058
1603437125,4121324059
1603437125,4121324065
1603437125,4121324047
4121324065,4121324063
4121324065,4121324066
4121324065,1603437125
1603437157,11826180755
1603437157,10541944245
1603437157,10541944244
11826180755,1603437157
11826180755,10146618656
11826180755,4438323826
10541944245,1603437157
10541944245,10857959271
10541944245,10541944246
10541944244,1603437157
11826180762,1603437161
11826180762,10146618656
11826180762,4438323823
11826180721,11826180722
11826180721,11826180720
11826180721,1603437161
2955011937,1603964656
2955011937,2955011941
2955011937,2955011949
4108392126,1603964656
4108392126,9360005859
4108392126,7864614752
1603964663,12157674422
1603964663,10096985669
1603964663,12157674424
12157674422,1603964663
12157674422,12157674423
12157674422,1603964666
10096985669,10096985907
10096985669,1603964663
10096985669,8255594336
12157674424,1603964663
1603964666,8237468847
1603964666,12157674422
1603964666,5271764269
8237468847,1603964666
8237468847,5314721852
8237468847,8237468852
5271764269,1603964702
5271764269,1603964666
5271764269,9420119415
1603964672,3616245833
1603964672,4385398751
1603964672,4385398752
3616245833,1603964672
3616245833,3616283275
3616245833,3616245841
4385398752,4385398753
4385398752,4385398751
4385398752,1603964672
1603964674,1603964676
1603964674,8237468854
1603964674,8237468854
1603964674,11243625291
8237468854,1603964674
8237468854,1603964674
8237468854,8237468852
8237468854,12157674528
11243625291,4458845846
11243625291,1603964674
11243625291,12157674528
11243625291,12157674528
10232196133,1603964676
10232196133,3957261442
10232196133,10232196137
1603964686,3957261436
1603964686,12115118462
1603964686,12115118451
3957261436,3957261435
3957261436,1603964686
3957261436,3957261438
1603964702,3957261442
1603964702,9420119398
1603964702,5271764269
3957261442,10232196137
3957261442,10232196133
3957261442,1603964702
9420119398,9420119396
9420119398,1603964702
9420119384,1603964704
9420119384,1603964705
9420119384,9420119392
9420119385,9420119392
9420119385,1601688415
1603964705,9420119384
1603964705,2617930042
2508201288,1952513427
2508201288,1952513427
2508201288,1613414300
1613740875,8463594859
1613740875,7149710856
1613740875,8463594865
8463594859,7149710860
8463594859,1613740875
8463594859,8463594861
7149710856,1613740875
7149710856,7149710854
8463594865,8463594862
8463594865,1613740875
1613740907,8463594862
8463594862,8463594865
8463594862,1613740907
8463594862,8463594864
1613743371,11231249151
1613743371,6205753185
1613743371,1613743384
11231249151,6205753228
11231249151,1613743371
11231249151,11231249048
1613743384,1613744033
1613743384,6205753186
1613743384,1613743371
1613744033,1613743384
6205753186,6205753299
6205753186,10073162830
6205753186,1613743384
10703798109,10703796502
10703798109,1634567705
10703798109,10703798112
10703798143,7475393863
10703798143,1634567705
10703798143,10703798141
1634570219,10703798108
1634570219,9105255173
1634570219,10703796502
1634570219,10703798112
10703798108,2503822029
10703798108,1634570219
10703798108,10703798105
9105255173,1634570219
9105255173,9105255167
10703796502,10703798109
10703796502,1634570219
10703796502,10703798105
10703798112,1634570219
10703798112,10703798109
10703798112,10703798117
4415054148,4415054089
4415054148,4415051972
4415054148,1634574690
1634583305,1634583311
1634583305,1634583310
1634583305,3533935491
1634583310,3533935516
1634583310,5465350687
1634583310,1634583305
3533935491,2421090323
3533935491,2421090302
3533935491,1634583305
3533935516,1634583310
3533935516,1634583333
3533935516,3533935478
5465350687,5465350686
5465350687,5465350688
5465350687,1634583310
2421090402,1634583311
2421090402,2421090513
2421090402,2421090302
1634583336,5465350690
1634583336,5398123969
1634583336,5398123960
5465350690,1634583336
5465350690,1634583343
5465350690,5398123961
5465350690,5398123969
5398123969,1634583336
5398123969,12565855487
5398123969,2566839161
5398123969,5465350690
5398123960,1634583336
5398123960,5398123961
5398123960,12565855485
1634583339,2566839161
1634583339,1634583343
1634583339,2566839179
1634583343,5465350690
1634583343,1634583339
1634583343,1634583346
1634583343,1634583356
2566839179,1634583339
2566839179,2566839170
2566839179,5465350685
1634583356,1634583357
1634583356,1634583343
1634583356,1634583353
1634583353,2504333916
1634583353,1634583356
1634583353,5465350685
5465350685,5465350684
5465350685,2566839179
5465350685,1634583353
1634583364,1634583368
1634583364,12512796858
1634583364,5465350663
1634583368,1634583364
1634583368,5465350665
1634583368,5465350675
1634583368,5465350668
5465350663,1634583386
5465350663,1634583364
5465350663,2421090800
5465350665,1634583368
5465350665,5465350677
5465350665,5465350668
5465350675,1634583368
5465350668,5465350665
5465350668,1634583368
5465350668,5465350676
1634583381,5465350679
1634583381,1634583379
1634583381,2421090800
5465350679,1634583386
5465350679,1634583381
5465350679,5465350678
2421090800,1634583381
2421090800,12512796858
2421090800,5465350663
1634583386,5465350677
1634583386,5465350679
1634583386,5465350663
5465350677,1634583386
5465350677,5465350676
5465350677,5465350665
1634587172,7134229992
1634587172,8140471862
1634587172,1634587175
7134229992,7134199981
7134229992,1634587172
8140471862,7961974234
8140471862,1634587172
8140471862,8140471861
1634587175,5283763889
1634587175,6756063414
1634587175,1634587172
5283763889,6756063400
5283763889,1634587175
5283763889,11547183108
6756063414,1634587190
6756063414,1634587175
6756063414,6756063413
1634587190,6756063414
1689153274,3897652785
3897652785,5277172878
3897652785,3897652792
3897652785,1689153274
1689153298,3897652792
3897652792,1689153298
3897652792,3897652785
3897652792,3897652793
1751868930,12650117179
1751868930,9721952404
1751868930,11781249197
9721952404,4497019809
9721952404,6260460375
9721952404,1751868930
11781249197,6260460375
11781249197,6260460368
11781249197,1751868930
1768907433,10128610164
1768907433,10123537898
1768907433,10123537907
10128610164,1768907680
10128610164,1768907433
10128610164,10128610163
10123537898,1768907555
10123537898,10123537912
10123537898,1768907433
10123537907,10123537903
10123537907,1768907433
10123537907,10123663533
10123537907,10128610163
1768907555,10123537898
1768907555,2567121274
1768907555,10128610159
10128610159,10123663533
10128610159,10128610180
10128610159,1768907555
1768907737,2043057363
1768907737,10556408033
1768907737,1768907589
11300406908,1768907589
11300406942,1768907589
1768907680,10116960225
1768907680,10128610164
1768907680,4507975650
2043057363,10563793594
2043057363,1768907737
2043057363,10563793592
1775817724,1775817727
4602431797,1775817727
1783785272,5277172878
1783785272,5277172878
1783785272,5277172892
5277172878,1783785272
5277172878,1783785272
5277172878,3897652785
5277172892,1783785276
5277172892,1783785272
5277172892,1783785275
1783785275,4496881713
1783785275,1783785276
1783785275,5277172892
4496881713,4496881714
4496881713,4496881712
4496881713,1783785275
1783785276,5277172892
1783785276,1783785275
1783785276,2504666033
2504666033,1783785276
2504666033,12591880445
2504666033,12591880446
1787636205,8195356108
1787636205,11003216144
8195356108,1787636205
8195356108,10964162063
11003216144,10964162061
11003216144,5000185062
11003216144,1787636205
1787636488,6918466936
6918466936,1787636488
6918466936,11076704006
6918466936,6918466944
1802772572,1802772577
1802772572,1802772570
1802772572,1803022037
4438148289,1818570420
4438148289,4438144283
4438148289,1818570323
4438148289,4438148318
1818570364,1818570365
1818570364,2122451870
1818570364,4477480159
1818570365,1818570364
1818570365,1818570437
1818570365,4438152073
4477480159,4438218280
4477480159,1818570364
4477480159,10146625660
1818570437,1818570434
1818570437,1818570365
1818570437,4438218280
4477484337,1818570420
4477484337,1818570464
4477484337,4477484329
4438148306,4438148308
4438148306,1818570420
4438148306,4477484329
4438218280,1818570437
4438218280,4438218278
4438218280,4477480159
4438218280,4477484329
11835681702,11835681709
11835681702,1818571305
11835681702,13617148635
1832521296,11185779946
1832521296,10311650984
1832521296,2330327272
1832521296,10223140479
1832521296,9609258254
11185779946,1832521296
11185779946,1921937626
11185779946,11185779945
2330327272,1832521296
10223140479,10223140476
10223140479,1921937631
10223140479,1832521296
9609258254,9609258252
9609258254,1832521296
9609258254,10549097800
1836941832,5578079885
1836941832,5578079883
1836941832,5578079890
5578079885,1836941832
5578079885,13602488674
5578079885,5578079884
5578079883,1836941832
5578079883,5578079882
5578079883,5578079884
5578079890,5578079891
5578079890,5578079889
5578079890,1836941832
1849045281,8548181448
1849045281,11796206283
1849045281,11812617249
8548181448,1849045281
8548181448,8946026354
8548181448,11796206078
8548181448,8548181447
11812617249,1849045281
1849064449,1849064299
1849064449,10556408033
1849099835,10175412144
1849099835,1849099980
1849099835,9998266309
1849109592,1849109597
1849109592,1849109627
1849109592,1849109623
1849109597,1849109592
1849109597,12120008313
1849109597,1849109627
1849109597,1849109648
1849109627,1849109597
1849109627,1849109592
1849109627,4648938586
1849109593,12462905426
12462905426,1849109610
12462905426,1849109593
12462905426,12462905430
1849109595,9699794964
1849109595,6938175898
1849109595,4597911629
6938175898,1849109595
6938175898,6938175899
6938175898,1849109616
6938175898,4597911629
4597911629,1849109595
4597911629,4597911625
4597911629,9699794967
4597911629,6938175898
12120008313,1849109597
12120008313,12120008312
12120008313,12120008301
1849109648,10573166539
1849109648,1849109597
1849109648,13612793002
4597911593,4597911591
4597911593,1849109603
4597911593,4597911592
13612842036,13612842035
13612842036,1849109603
13612842036,1921983202
13612842036,13612842038
1849109610,12462905426
1849109610,1849109603
1849109610,13614232840
1849109604,1849109647
1849109647,1849109615
1849109647,13510588369
1849109647,1849109604
13614232840,13614232841
13614232840,4597911592
13614232840,1849109610
13534104295,10719110132
13534104295,1849109615
13534104295,13534104299
1849109616,1849109656
1849109616,4597911636
1849109616,6938175898
1849109616,4597911632
1849109656,1849109616
1849109656,4597911591
1849109656,4597911601
4597911632,4597911625
4597911632,4597911601
4597911632,4597911630
4597911632,1849109616
1849109619,4648938579
1849109619,4648938580
1849109619,12119974298
4648938579,4648938577
4648938579,1849109619
4648938579,12119974299
4648938580,1849109619
4648938580,4648938586
4648938580,4648938583
12119974298,1849109619
12119974298,1849109639
12119974298,12119974299
13577660218,13577660215
13577660218,1849109623
13577660218,13577660223
1849109625,13510588369
1849109625,13510588369
1849109625,6949054756
13510588369,1849109625
13510588369,1849109625
13510588369,1849109647
6949054756,2804751510
6949054756,4518987228
6949054756,1849109625
4648938586,1849109639
4648938586,4648938580
4648938586,10707039429
4648938586,1849109627
1849109639,10707039441
1849109639,12119974298
1849109639,4648938586
10707039441,1849109639
4597911591,1849109656
4597911591,4597911593
4597911591,4597911592
4597911601,4597911630
4597911601,1849109656
4597911601,4597911632
2793298339,1921937592
2793298339,2793298335
10313221747,2793298345
10313221747,2612528460
10313221747,1921937592
2607806155,1921937608
2607806155,1921937632
2607806155,10223140483
1921937626,11185779946
1921937626,3902225728
1921937626,10132397966
3902225728,1921937626
3902225728,3902225730
3902225728,1921937631
1921937633,1921937628
1921937633,4581517374
1921937633,9488120018
1921937633,9488120064
13532783412,13532783423
13532783412,1921937628
13532783412,4581517385
1921937631,10223140479
1921937631,3902225728
1921937631,8242928650
8242928650,10537901342
8242928650,1921937631
8242928650,10223140476
10132397968,2330327273
10132397968,10223140483
10132397968,1921937632
8242933610,3211000077
8242933610,8242933609
8242933610,1921937632
4581517374,1921937633
4581517374,3324782558
4581517374,1921937635
9488120018,1921937633
9488120018,8211384957
9488120018,9488120017
9488120064,1921937633
1921937635,8211384950
1921937635,4581517374
1921937635,1921937636
8211384950,1921937635
8211384950,1921937637
8211384950,8211384948
4581517377,1921937638
4581517377,1921937636
4581517377,4581517375
4581517372,1921937637
4581517372,4581517373
4581517372,8211384966
1921937638,4581517377
1921983202,8665291299
1921983202,13612842035
1921983202,13612842036
8665291299,1921983202
8665291299,8665291300
8665291299,8665291297
1925492198,5054591183
1925492198,2566715394
1925492198,5054591184
1925492219,7525130440
1925492219,1925492272
1925492219,1925492213
1925492272,1925492278
1925492272,1925492219
1925492272,3978082318
1925492496,9881850689
1925492496,3974531233
1925492496,3974531255
1934366094,7599637058
1934366094,1934366129
1934366094,2551268377
7599637058,1934366094
7599637058,1934366129
7599637058,11368421217
1934366129,11368414109
1934366129,1934366094
1934366129,3897585959
2551268377,1934366094
2551268377,3362495793
11368414109,2551268387
11368414109,11368414165
11368414109,1934366129
3897585959,3362495797
1952511437,3936436274
1952511437,10110052278
1952511437,10110052365
10110052278,10110052310
10110052278,1952511437
10110052278,10110052351
10110052278,4718306761
10110052365,4718306761
10110052365,3936436286
10110052365,1952511437
1952511463,10110052325
1952511463,3943001288
1952511463,10110049212
10110052325,1952511463
10110052325,10110049195
10110052325,10110052344
3943001288,1952511463
3943001288,10110049209
3943001288,10110052344
1970905670,8873267205
1970905670,2272423582
1970905670,2251201727
8873267205,1970905670
8873267205,9288197104
8873267205,8873294325
2272423582,3643232574
2272423582,1970905670
2272423582,2251201753
2272423582,3608530894
2251201727,3608530894
2251201727,3608509118
2251201727,1970905670
1970905685,3624008049
1970905685,2506896279
1970905685,2901972033
3624008049,1970905685
3624008049,3624020147
3624008049,3624008047
2506896279,4436619051
2506896279,1970905685
2506896279,13408236289
2901972033,1970905685
2901972033,2272423665
2901972033,9794679339
9288197113,3816386165
9288197113,9288197107
9288197113,1970912974
1970912981,1970912976
1970912981,3608530894
1970912981,2251203598
1970912981,3631835602
1970912980,3643211066
1970912980,1970912976
1970912980,3631827422
1970912980,2251201916
3643232574,2272423582
3643232574,1970912976
3643232574,2251201753
2251201916,4769510782
2251201916,1970912980
2251201916,9864662888
2251201916,2251201753
2251201916,11065359287
3608530894,2251201727
3608530894,1970912981
3608530894,2272423582
2251203598,1970912981
2251203598,2251205336
3631835602,3608509118
3631835602,1970912981
1977173099,2911708407
1977173099,2890025141
1977173099,1977173129
1977173099,11035956317
2911708407,1977173099
2911708407,1977173116
2911708407,12794849601
2890025141,2890025148
2890025141,2890025137
2890025141,1977173099
1977173129,2890025171
1977173129,1977173099
1977173129,12794849615
11035956317,11035956316
11035956317,5979606850
11035956317,1977173099
1977173103,1977173177
1977173103,2148896494
1977173103,1977173133
1977173177,1977173124
1977173177,1977173103
1977173177,4525933130
1977173177,12794803670
1977173177,2890025174
2148896494,12794803675
2148896494,9627306575
2148896494,1977173103
1977173133,1977173154
1977173133,1977173103
1977173133,1977173124
1977173112,1977173124
1977173112,1977173170
1977173112,1977173166
1977173112,4525933130
1977173124,1977173112
1977173124,1977173133
1977173124,1977173177
1977173170,1977173112
1977173170,2566896932
1977173170,12794849615
1977173170,8492242129
1977173166,12844362591
1977173166,1977173112
1977173166,1977173154
4525933130,1977173112
4525933130,2890025171
4525933130,1977173177
1977173116,12794849615
1977173116,12794849604
1977173116,2911708407
12794849615,1977173170
12794849615,1977173116
12794849615,12794849604
12794849615,1977173129
12794849604,1977173142
12794849604,1977173116
12794849604,12794849601
12794849604,12794849615
2890025171,4525933130
2890025171,1977173129
2890025171,2890025169
1977173154,1977173133
1977173154,1977173166
1977173154,8260256264
1977173154,10233760189
1977173142,2566896932
1977173142,12794849604
1977173142,8492242125
2566896932,1977173170
2566896932,1977173171
2566896932,1977173142
2566896932,8492242129
1977173145,11756442604
1977173145,13603609217
1977173145,7475272820
11756442604,2915138100
11756442604,1977173145
11756442604,11756442601
13603609217,7475272853
13603609217,1977173145
13603609217,7475272851
7475272820,1977173145
7475272820,7475272819
7475272820,7475272824
1977173149,10233760171
1977173149,2841199038
1977173149,4777669029
10233760171,1977173149
10233760171,2841199031
10233760171,2915139827
2841199038,4715468007
2841199038,2841199031
2841199038,1977173149
4777669029,4777669933
4777669029,4777669930
4777669029,1977173149
1977173152,4777669930
1977173152,10084871181
1977173152,2566896953
4777669930,1977173152
4777669930,4777669029
4777669930,4777669933
10084871181,10084871182
10084871181,1977173152
10084871181,2915139821
2566896953,1977173152
2566896953,4777669032
2566896953,13520233844
8260256264,8260256260
8260256264,1977173154
8260256264,8260256261
10233760189,12794841107
10233760189,12794841107
10233760189,1977173154
1977173160,12704201440
12704201440,8260256260
12704201440,1977173160
12704201440,3232770077
12704201440,12794841108
12844362591,1977193232
12844362591,1977173166
12844362591,2566896938
8492242129,2566896938
8492242129,1977173170
8492242129,2566896932
12794803670,5979606842
12794803670,1977173177
12794803670,12794803674
2890025174,2890025176
2890025174,2890025173
2890025174,1977173177
1977193227,1977193232
1977193227,5979606836
1977193227,2915139816
1977193232,1977193227
1977193232,5979606837
1977193232,12844362591
2915139816,1977193227
2915139816,2915139823
2915139816,2915139818
5979606837,1977193232
5979606837,5979606836
5979606837,2566896938
10078060432,10079254624
10078060432,1034252142
10563793594,2043057363
10563793594,10563793595
10563793594,10556408032
10563793592,2043057363
2043057366,2043057364
11724585866,11724585865
11724585866,11735178547
11724585866,2043057379
11735178530,11724585865
11735178530,11724585862
11735178530,2043057379
11517472104,2043057390
2043057393,10556408051
2043057393,10075919469
2043057393,3942844557
2043057393,10075919421
10556408051,2043057393
10556408051,10075919469
10556408051,3943001296
10556408051,10556408045
10075919469,2043057393
10075919469,10556408051
10075919469,10075919427
10075919469,10075919427
3942844557,10556408045
3942844557,4648938564
3942844557,2043057393
10075919421,10075919427
10075919421,2043057393
10075919421,10110049192
4479803750,2063087145
4479803750,4479813462
12987642148,8736028836
12987642148,2147722966
12987642148,2563925226
2147723039,2147722966
2147723039,13173239021
2147722984,2953159019
2147722984,11802010892
2147722984,2147722966
2147722984,2147722975
2147722975,11828699122
2147722975,2147722984
2147722975,2147726487
2147722975,11753100225
11828699122,2147722975
11828699122,11828705214
11828699122,11828699132
2147726487,11753100231
2147726487,2147722975
2147726487,11802010892
2953159019,2953159011
2953159019,2147722984
2953159019,11802010883
11802010892,2147722984
11802010892,12987642116
11802010892,2147726487
2966593200,11828705214
2966593200,2147723019
2966593200,2966596845
2966593200,11752404938
13173239021,2147723039
13173239021,13173239016
11753100231,2147726487
11753100231,11753100225
11753100231,2147726468
11753100231,11802010902
10086801944,10086801942
10086801944,10086801953
10086801944,2148896488
12794803675,2148896494
12794803675,12794803680
12794803675,12794803674
9627306575,2148896494
2148896496,2148896497
2148896496,5979606839
2148896496,12299248444
2148896497,2148896496
2148896497,5979606839
2148896497,8404431354
2148896497,12794803680
5979606839,2148896496
5979606839,2148896497
5979606839,5979606841
12299248444,2148896496
12299248444,10086801953
12299248444,12299248433
8404431354,2148896497
12794803680,12794803675
12794803680,12794803674
12794803680,2148896497
12794788785,12794788786
12794788785,12794784392
12794788785,2157184437
7717056164,2157184444
7717056164,11939598482
7717056164,11939598475
7717056164,12844404404
12794784392,2157184444
12794784392,12794788785
12794784392,11939598475
7717056167,12844399071
7717056167,2157187698
7717056167,12844399077
2164083354,2164083352
2164083354,2164083343
2164083354,2164083348
2164083348,2567121274
2164083348,2164083352
2164083348,2164083354
2164083352,4044336299
2164083352,2164083348
2164083352,2164083354
5979606850,2169488070
5979606850,11035956317
5979606850,5979606847
2169569369,7475272860
2169569369,11939598483
2169569369,12844396300
12844396300,2567135661
12844396300,2169569369
12844396300,12844404403
12844396300,12844396298
2169569373,11939598476
2169569373,2567135661
2169569373,9236375949
11939598476,2169569373
11939598476,11939598475
11939598476,9236375949
11939598476,11939594268
2567135661,12844396300
2567135661,2169569373
2567135661,11939594268
13611204031,2204254041
2204255095,2204255082
2204255095,13510506677
2204255095,2204255093
2204255096,2204255082
2204255096,2204255093
2204255096,2204255097
2204255084,5054518741
5054518741,2204255084
5054518741,13510539599
5054518741,13510552498
2204255093,2204255095
2204255093,13510552498
2204255093,2204255096
13510552498,2204255093
13510552498,13510552499
13510552498,5054518741
2204255097,2204255096
2204255097,5054518740
2204255097,13510552499
13510552499,2204255097
13510552499,13510539599
13510552499,13510552498
2204345113,2204345201
2204345113,5413059219
2204345113,12310263428
5413059219,2204345144
5413059219,5407054024
5413059219,2204345113
12310263428,2204345113
12310263428,12310263426
12310263428,12310263426
2204345141,5413059208
2204345141,5413059214
2204345141,5413059210
5413059208,12310263426
5413059208,2204345141
5413059208,5413059206
5413059214,5413059213
5413059214,5413059215
5413059214,2204345216
5413059214,2204345141
5413059210,2204345156
5413059210,2204345141
5413059210,5413059206
5413059210,5413059212
2204345144,5413059219
2204345144,12310263430
2204345144,5407054022
5407054022,2204345144
5407054022,2204345173
5407054022,5407054023
5407054022,5407054024
2204345146,2204345175
2204345146,2204345216
2204345146,5413059526
2204345146,12222032048
2204345175,2204345146
2204345175,5413059522
2204345175,5413059521
2204345175,5413059523
2204345216,2204345146
2204345216,2204345203
2204345216,5413059526
2204345216,5413059214
5413059526,2204345159
5413059526,2204345146
5413059526,2204345216
12222032048,2204345146
12222032048,12222032029
12222032048,12222032055
2204345153,12202471874
2204345153,12202471879
2204345153,9526801274
12202471874,2204345153
12202471874,2204345170
12202471874,12202471877
12202471879,2204345153
12202471879,9526801267
12202471879,12202471877
9526801274,12251092708
9526801274,2204345153
9526801274,12253652632
2204345156,5413059210
2204345156,2204345213
2204345156,5413059204
2204345156,5413059206
2204345213,2204345156
5413059204,2204345156
5413059206,2204345156
5413059206,5413059208
5413059206,2204345201
5413059206,5413059210
2204345159,5413059217
2204345159,5413059526
2204345159,5413059522
5413059217,2204345173
5413059217,2204345159
5413059217,5413059218
5413059522,5413059521
5413059522,2204345175
5413059522,2204345159
9526801268,2204345168
9526801268,9526801269
9526801268,12251092700
12253667504,2204345168
12253667504,12253667505
12253667504,12253667503
12253667504,12251092906
2204345170,12253667505
2204345170,12202471874
2204345170,12202471880
12202471880,9526801260
12202471880,2204345170
12202471880,12202471877
2204345173,12310263429
2204345173,5407054022
2204345173,5413059217
12310263429,2204345173
12310263429,5413059220
12310263429,5407054023
5413059521,5413059220
5413059521,5413059220
5413059521,5413059522
5413059521,2204345175
5413059523,2204345175
2204345203,2204345216
2204345203,5413059215
2204345203,5413059218
5413059215,5413059214
5413059215,5413059216
5413059215,2204345203
5413059218,2204345203
5413059218,5413059217
5413059218,5407054024
9526801277,2204345218
9526801277,2204345209
9526801277,9526801276
9526801276,9526801277
9526801276,12251092708
9526801276,2204345209
2204345218,9526801277
2204345218,12253667595
2204345218,12253667595
12253667595,12251092700
12253667595,2204345218
12253667595,2204345218
2204418535,2204418538
2204418536,8335669873
8335669873,2204418536
8335669873,2204418540
8335669873,8335669877
2204418540,8344861348
2204418540,8335669873
2204418540,12107810185
2204418540,9281238515
8344861348,8211384981
8344861348,2204418540
8344861348,9128840452
12107810185,2204418540
12107810185,9128840453
12107810185,12107810184
2204427794,4701951960
4701951960,2204427794
4701951960,2418111935
4701951960,2948535496
9931881940,2204427800
9931881940,4494784849
9931881940,4524909462
2204427809,11816506815
2204427809,2204427800
2204427809,12995891405
11816506815,2204427809
12995891405,2204427809
2421216848,2421216853
2421216848,2204456155
2204456156,2204456168
2204456156,2566839146
2204456156,2566839146
2204456172,3902166201
2204456172,2204456157
2204456172,2504299746
2205908648,6485754778
6485754778,6485754774
6485754778,2205908648
6485754778,9442406520
6207354307,2205908663
6207354307,6207354301
6207354307,7502899331
2205908740,2205908663
2205908740,4706296480
2205908740,4706296476
2205908667,2205908692
2205908667,5246357775
2205908692,2205908667
5246357775,2205908667
5246357775,2205908689
5246357775,11770061566
2205908689,2205908772
2205908689,5246357775
2205908689,5246357767
2205908772,2205908689
5246357767,2213485969
5246357767,2205908689
5246357767,5246357763
4706296480,2205908740
4706296476,2205908740
4397118151,2205908761
4397118151,6485754774
4397118151,13603564217
2205916334,2205916340
2205916334,8862714234
2205916334,2566839215
2205916340,2205916334
2205916340,13397872414
2205916340,8862714234
8862714234,2205916334
8862714234,2205916340
2566839215,2205916334
2566839215,4954753730
13397872414,2205916340
2210411372,10604361311
2210411372,3383437156
2210411372,5031782490
5031782490,2210411372
5031782490,5031782490
5031782490,5031782490
2210411375,9914351897
2210411375,9914351894
2210411375,2508808926
2210411375,9914351892
9914351892,2210411375
9914351892,2210411377
9914351892,9914351894
2210423362,11793919246
11793919246,2210423362
11793919246,11020622358
11793919246,11793919250
13556348070,6166199554
13556348070,2210423395
13556348070,2210423377
2210423393,6715220613
2210423393,11020622371
2210423393,6715220610
6715220613,6715220612
6715220613,2210423393
6715220613,11793918094
11020622371,11020622366
11020622371,11020622372
11020622371,2210423393
6715220610,6715220611
6715220610,2210423393
6715220610,4706296571
6975364739,2210423395
6975364739,6975364745
6975364748,3259831179
6975364748,6975364747
6975364748,2210423395
6975364742,2210423400
6975364742,3259829946
6975364742,6975364741
3259829949,3259829950
3259829949,3259829945
3259829949,2210423400
6975364740,6975364739
6975364740,2210423400
2213485963,2213485977
2213485977,2213485963
2213485977,5227068218
2213485968,5227068218
5227068218,3163908762
5227068218,2213485968
5227068218,2213485977
2213485969,2213485976
2213485969,5246357767
2213485969,6703434186
2213485976,2213485969
6703434186,2213485969
6703434186,4415327531
6703434186,6703409083
8501591488,2213510312
2217335597,2217335587
2217335597,10582000898
2217335597,7471589469
4153118293,3974530953
4153118293,7454763271
4153118293,2217335639
2218574022,11812617231
2218574022,11812617262
11812617231,2218574022
11812617231,4917588833
11812617231,11812617230
11812617262,4807975361
11812617262,2218574022
11812617262,4917588833
2218574095,9998266335
2218574095,13242833932
2218574095,13242833934
13242833932,2218574095
13242833932,8548181447
13242833932,13242833934
13242833934,11796206078
13242833934,2218574095
13242833934,13242833932
2218578959,2244845250
2218578959,12963989828
9998266324,2218578975
9998266324,12895024468
10175412177,11180933218
10175412177,2218578975
10175412177,7142008603
10175412177,10175412162
12877140440,2244845250
12877140440,9998266312
12877140440,12877140438
2245123635,8259598055
8259598055,8259598056
8259598055,2245123690
2245123690,2617930055
2245123690,8259598056
2617930055,2416553174
2617930055,5271818846
2617930055,2245123690
8259598056,4954753755
8259598056,8259598050
2245123695,8259598053
8259598053,831732645
8259598053,8259598055
2245272583,7454763227
2245272583,2860767331
2245272583,8744088313
7454763227,2460675383
7454763227,2245272590
7454763227,2245272583
8744088313,9953348795
8744088313,8744088256
8744088313,2245272583
4997533632,3974531255
4997533632,1510613131
4997533632,2984635061
2251158697,3624008043
2251158697,3624020147
3624008043,2251158697
3624008043,3624008045
3624008043,3624008047
3624008043,2908304884
3624020147,3624008049
3624020147,2251158697
3608509118,2251201727
3608509118,3631835602
3608509118,3261403441
2251201753,2251201916
2251201753,2272423582
2251201753,3643232574
2251201753,4769510782
4769510782,2251201916
4769510782,8873294325
4769510782,2251201753
9864662888,3643190987
9864662888,3643211066
9864662888,2251201916
11065359287,2251201916
2251205336,2251203598
2251205336,2251205290
2251205290,2251205336
2251205290,2251208597
2251205290,6351038556
2251205290,6351038556
6351038556,2251205290
6351038556,2251205290
6351038556,2251208597
2883952735,2272423612
13408855453,2272423615
13408855453,13408855454
13408855453,13408855452
2272423617,2272423622
2272423617,2272423620
2272423617,13408855459
2272423622,2272423617
2272423622,13408236293
2272423622,13408236292
2272423620,2272423624
2272423620,2272423625
2272423620,2272423617
13408855459,2272423617
13408855459,13408855458
13408855459,13408855457
13408855459,2883952739
2272423619,13408855454
13408855454,13408855453
13408855454,2272423619
13408855454,13408855455
13408855454,13408855456
2272423624,2272423620
2272423624,2272423643
2272423624,2728776099
2272423624,2728776101
2272423625,2272423633
2272423625,2272423620
2272423625,2272423636
13408236293,2272423622
13408236292,2272423622
2272423643,2272423624
2272423643,2272423662
2272423643,2728776103
2272423643,2728776102
2728776099,2272423624
2728776101,2272423624
2272423633,2272423625
2883952748,2883952743
2883952748,2272423627
2883952748,2883952747
2272423630,2272423640
2272423630,13408855451
2272423630,13408855450
13408855451,2272423630
13408855450,2272423630
2272423650,2272423636
2272423650,2728776120
2272423650,2728776122
13408855448,13408855446
13408855448,2272423640
13408855448,13408855449
2272423662,2272423667
2272423662,13408855444
2272423662,2272423643
2728776103,2272423643
2728776102,2272423643
2728776120,2272423650
2728776122,2272423650
2272423659,2272423667
2272423667,2272423659
2272423667,2272423675
2272423667,2272423662
13408855444,2272423662
13408855444,13408855446
13408855444,13408855445
2272423665,2901972033
2272423665,3624014482
2272423665,2272423679
2272423665,3624008050
3624008050,2908304884
3624008050,3624008047
3624008050,3624008051
3624008050,2272423665
2272423669,2272423675
3974531438,2272441334
3974531438,9953414852
3974531438,3974531434
3974531438,9953414854
4375703866,2984635033
4375703866,4375703894
2330327273,10132397968
2330327273,8242928662
8242928662,2614905881
8242928662,2330327273
2330327274,10132397966
2330327274,2614905871
2614905871,2330327273
2614905871,10223140482
2614905871,10223140483
2356226490,11690717707
2356226490,8259651935
2356226490,2551272731
11690717707,11750239379
11690717707,2356226490
11690717707,11690717709
11690717707,11702036827
8259651935,11641409559
8259651935,2356226490
8259651935,8259651924
2551272731,9864630959
2551272731,8553883693
2551272731,2356226490
2418111586,2566715547
2418111586,4496903319
2418111586,3627743196
4496903319,3901301562
4496903319,3901301560
3627743196,3901301559
3627743196,2418111586
3627743196,4494713878
2418111686,2566715547
2418111686,4523424083
2418111686,3978296962
4523424083,2503651233
4523424083,2418111686
4523424083,4496903317
2418111771,13301733225
2418111771,7134199949
2418111771,4642978408
13301733225,11602920589
13301733225,2418111771
13301733225,13301733223
7134199949,13301733223
7134199949,2418111771
7134199949,13301746307
2614905829,2614944144
2614905829,2614944149
2614905829,2418111856
3935559383,2948535496
3935559383,3539495210
3935559383,2418111935
2418111945,3328325913
2418111945,2797480759
2418111945,2506590525
2418111945,5265697957
3328325913,2610198077
3328325913,2418111945
3328325913,5265697957
2797480759,2418111945
2797480759,3816282397
2797480759,2797480752
2506590525,836332162
2506590525,6946012980
5265697957,3328325913
5265697957,3328325919
5265697957,2418111945
5265697957,5265697950
2418111961,6946012980
2418111961,13288027927
2418111961,10955692572
10955692572,2418112064
10955692572,10955692573
10955692572,2418111961
2418112049,3328339438
2418112049,3898186459
2418112049,2418112054
3328339438,2418112049
3328339438,2418112083
3328339438,3331976153
3328339438,5265697968
3898186459,2418112049
3898186459,3331976153
3898186459,3328339435
2418112054,5265697968
2418112054,2610198104
2418112054,2418112049
2418112050,2418112064
5265697968,2418112054
5265697968,2610198117
5265697968,3328339438
2610198104,3328339457
2610198104,2418112054
2610198104,2610198102
2418112083,3328339438
2418112083,2418112089
2418112083,3328325934
2418112089,2418112083
3328325934,3331976162
3328325934,3331976190
3328325934,2418112083
3328325934,3898186465
2418112090,3328339457
3328339457,2418112090
3328339457,2610198104
3328339457,2610198117
4648939205,10307702072
4648939205,2418265866
4648939205,10296922403
10554801805,3266074380
10554801805,10554801804
10554801805,2418265866
2421216897,5398116569
2421216897,2421090110
2421216897,9370830188
2421090166,5398116570
2421090166,2421090302
2421090166,2421090110
2421090116,5398116570
2421090116,4415054131
2421090116,2504299824
5398116570,2421090116
5398116570,2421090166
5398116570,5398116566
2504299824,2504299826
2504299824,2421090116
2504299824,2421090323
2421090121,2421090254
2421090302,3533935491
2421090302,2421090402
2421090302,2421090166
3533935478,2421090272
3533935478,2421090290
3533935478,3533935516
2421090290,3533935478
2421090290,2421090323
2421090290,2504299822
2421090323,2421090290
2421090323,3533935491
2421090323,2504299824
2566839170,2504333907
2566839170,2421090513
2566839170,2566839179
2566839134,2566839144
2566839134,2421090553
2566839134,2566839120
2421216112,2948558238
2421216112,2948558250
2421216112,10881754461
2948558238,2421216112
2948558238,2566966446
2948558238,10881754461
2948558250,2948558254
2948558250,2421216112
2948558250,2948558258
10881754461,10881754462
10881754461,2421216112
10881754461,2948558238
4571908000,4571907998
4571908000,4571907999
4571908000,2421216412
2566966549,2421216473
2421216515,2421216519
2421216515,2421216487
2421216487,2504299606
2421216487,2421216505
2421216487,1016736201
2504299606,2504299598
2504299606,2421216487
2504299606,11816506884
3616245809,2421216488
3616245809,3616245807
3616245807,4571908078
3616245807,2421216522
3616245807,3616245809
13415416502,2421216526
2421216700,2421216526
2421216700,2421216710
2421216700,2504299635
2504299635,2504299639
2504299635,4685670209
2504299635,2421216700
4571908071,2421216710
5426236711,5426236716
5426236711,5426236716
5426236711,2421216801
2421216827,2421216826
2421216827,2421216839
2421216827,9931881873
2504299755,4728127651
2504299755,2421216826
2504299755,252409617
2421216839,1105135911
2421216839,2504299787
4728127651,2504299755
4728127651,2421216803
5398124002,2421216876
5398124002,11373115777
5398124002,11373115777
8464054581,5398116569
8464054581,2421216876
8464054581,4415053692
4415051967,4415053494
4415051967,4415051972
4415051967,2421216876
5398116569,2421216897
5398116569,8464054581
5398116569,5398116566
9370830188,2421216897
9370830188,10715725089
9370830188,12650224551
2421643095,12061887730
2421643095,10719110117
12061887730,2421643095
12061887730,7391641879
12061887730,12061887748
10719110117,10719110116
10719110117,2619170747
2459452610,9991554919
2459452610,2459452613
2459452610,9996021803
9991554919,3925367919
9991554919,2459452610
9991554919,2612528431
2459452613,2459452610
2459452613,2669116180
2459452613,2612528431
9996021803,3925367924
9996021803,3925367943
9996021803,2459452610
2669116180,2669116176
2669116180,1029865632
2669116180,2459452613
2612528431,2459452613
2612528431,10706759351
2612528431,9991554919
2460622008,12299248433
2460622008,5979606841
2460622008,9236375993
5979606841,12794844931
5979606841,5979606839
5979606841,2460622008
2460622015,9236375988
2460622015,2460622059
2460622015,2460669528
9236375988,2460622015
9236375988,2460668343
9236375988,10086801942
2460622059,9236375993
2460622059,2460622015
2460622059,12846604854
2460669528,2460669521
2460669528,2460622015
2460669528,9236375986
2460622022,2460622026
2460622022,2460622042
2460622022,2460622042
2460622026,2460668336
2460622026,2460668336
2460622026,2460622022
2460622042,2460622039
2460622042,2460622022
2460622042,2460622022
2460668336,2460668335
2460668336,2460622026
2460668336,2460622026
2460622039,2460622042
2460622039,3625099771
2460622039,2460668335
3625099771,2460622039
3625099771,11093245384
3625099771,3618395206
3625099771,10233716328
2460668335,2460668336
2460668335,10233716332
2460668335,2460622039
12846604854,12846604850
12846604854,2460622059
12846604854,12846604861
10233716332,2460668335
2460668343,9236375988
2460669521,2460669528
9236375986,12844367641
9236375986,9236375983
9236375986,2460669528
2460674583,8691298349
2460674583,8294871051
2460674583,3978296958
2460674644,9953348808
2460674644,8758767233
2460674644,8758767241
9953348808,3978296958
9953348808,2460674644
9953348808,4153117970
8758767233,3633372580
8758767233,2460674644
8758767233,8758767241
8758767241,3633372581
8758767241,2460674644
8758767241,8758767233
2460675383,7454763227
2460675383,2860767332
2460675383,2460675379
2860767332,2460675383
2860767332,3978292251
2860767332,12452840644
2467282343,2467282387
2467282343,11093245285
2467282343,11093245267
2467282387,2467282438
2467282387,2467282343
2467282387,2467282467
2467282387,11093245498
11093245285,11093245371
11093245285,11093245371
11093245285,2467282343
11093245267,2467282343
11093245267,2467282348
2467282348,11093245267
2467282348,11093245432
2467282348,11093245498
11093245432,2467282348
11093245432,10233684293
11093245498,4116714401
11093245498,2467282387
11093245498,2467282348
2467282355,10233684293
2467282355,2467282428
2467282355,4116714401
10233684293,2467282355
10233684293,11093245432
10233684293,10233684295
2467282428,2467282355
4116714401,11093245498
4116714401,2467282355
4116714401,2467282451
2467282438,2467282387
2467282438,2467282451
2467282438,2467282476
2467282467,2467282476
2467282467,2467282387
2467282467,3921160503
2467282451,2467282461
2467282451,2467282438
2467282451,4116714401
2467282476,2467282467
2467282476,10842119834
2467282476,2467282438
2467282461,2467282451
2467282456,3921160503
3921160503,2467282456
3921160503,2467282467
3921160503,11093245371
2467282473,2467282466
2467282473,10842119836
2467282473,12299267098
2467282531,2467282466
10842119836,2467282473
10842119836,2467282477
10842119836,10842119835
12299267098,10233684277
12299267098,10233684276
12299267098,2467282473
10842119834,2467282476
10842119834,11093245384
10842119834,10233716322
2467282477,10842119836
2467282477,5174418057
2467282477,2467282542
5174418057,2467282477
5174418057,13137832801
5174418057,10233684274
2467282542,2467282477
2467287135,4532944325
5873115264,2481192537
2499506246,4526018371
2499506246,4526018372
2499506246,4526019103
4526018371,2499506246
4526019103,12846604850
4526019103,2499506246
4526019103,4526019097
2503651223,3935559376
2503651223,11036305151
2503651223,2566468358
3935559376,3978296962
3935559376,11036305149
3935559376,2503651223
11036305151,2503651223
11036305151,11036305148
11036305151,11036305149
2566468358,9042436235
2566468358,2503651233
2566468358,2503651223
2503651233,2566468358
2503651233,4523424083
2503651233,9042436235
9042436235,2566468358
9042436235,2566468376
9042436235,9042436230
9042436235,2503651233
2503821929,2503821936
2503821956,1109425781
2503821956,252408244
9213258575,12090987676
9213258575,12094776663
9213258575,2503821977
9213258572,2503821977
2503821990,9213250416
2503821990,12095770481
2503821990,9213258520
9213250416,2503821990
9213250416,12095770477
9213250416,12094776835
12095770481,12095770444
12095770481,2503821990
12095770481,12095770479
9213258520,11474825505
9213258520,9213258519
9213258520,2503821990
12033278057,12033278053
12033278057,2503822011
12033278057,12033278060
12033278044,12033278044
12033278044,12033278044
12033278044,2503822011
2503822029,10703798108
2503822030,12101401597
2503822030,2503822032
2503822030,2503822033
2503822030,7475393855
12101401597,2503822030
12101401597,10703798138
12101401597,12101401601
2503822032,10703798132
2503822032,2503822033
2503822032,2503822030
2503822033,2503822030
2503822033,2503822032
2503822033,7475393858
7475393855,2503822030
10703798132,2503822032
10703798132,10703798133
10703798132,7475393852
10703798132,10703798130
7475393858,7475393857
7475393858,2503822033
7475393858,10703798118
3974274523,4471947499
3974274523,5006443395
3974274523,2503982290
4471947499,3974274523
4471947499,8744119597
4471947499,2503982290
2504299592,5398100573
2504299592,2504299592
2504299592,2504299592
5398100573,2504299592
5398100573,2504299598
5398100573,5398100574
2504299598,5398100573
2504299598,11816506903
2504299598,2504299606
11816506903,2504299598
11816506903,2566966503
11816506903,11816506904
11816506884,2504299606
2504299639,2504299635
2504299639,2504299678
2504299639,2504299653
2504299653,2504299696
2504299653,2504299660
2504299653,2504299639
2504299727,11290890635
2504299727,2504299708
2504299727,2504299696
11290890635,2504299734
11290890635,2504299727
11290890635,11290890637
2504299734,11290890638
2504299734,11290890635
2504299734,11290890634
11290890634,2504299734
12286129005,5407038547
12286129005,2504299815
12286129005,12286129004
5426232354,5426232355
5426232354,2504299817
5426232354,5426232357
2504299826,2504299824
12509044312,2504333900
12509044312,12898090676
12509044312,10928002547
10928002554,10928002547
10928002554,13351969705
10928002554,2504333900
2504348494,4571908041
2504348494,4571908054
2504348494,4571908049
4571908054,4571908055
4571908054,12286103153
4571908054,2504348494
2504665979,2504665975
2504666031,11952068604
2504666031,2966751895
2504666031,5079114028
11952068604,11952068596
11952068604,11952068605
11952068604,2504666031
5079114028,6485732537
5079114028,5079114029
5079114028,5079114030
5079114028,2504666031
12591880446,12591880445
12591880446,4449734964
12591880446,2504666033
2504891894,2504891895
2504891894,7915865249
2504891894,2504891897
2504891895,2504891894
2504891895,9405126586
2504891895,4980339714
2504891897,2504891894
2504891899,2504891903
2504891899,2504891904
2504891899,3316917320
2504891903,2504891899
2504891903,3316917324
2504891903,3316917320
3282217470,2504925218
3282217470,3282217471
3282217470,2990719776
3620410233,2504925218
3620410233,3620410234
3620410233,2504925220
2504925220,3282217472
2504925220,3620410237
2504925220,3620410233
3620410237,2990708540
3620410237,2504925220
3620410237,3620410238
2504925258,2504925253
2504925258,2504925261
2504925258,2504925265
2504925257,4438231216
2504925257,2656872486
4438231216,2504925257
4438231216,2656872506
4438231216,4903715619
2656872486,251557148
2504925261,2504925266
2504925261,2504925258
2504925261,2504925263
2504925265,2504925258
2504925266,2504925261
8463594949,2504925262
8463594949,3316917355
8463594949,8463594947
2504925267,2504925263
4706296472,2504925271
2506590450,10123537905
2506590450,8548181453
2506590450,11725510584
10123537905,2506590450
10123537905,10123663521
10123537905,10123537903
8548181453,12464978948
8548181453,2506590450
8548181453,8548181455
10705551843,2506590480
10705551843,12042470593
10705551843,10705551894
2506590514,13061815573
2506590514,11003216116
13061815573,2506590514
13061815573,2506590523
13061815573,13061815566
11003216116,6413621475
11003216116,2506590514
11003216116,10110052328
2862052297,2797480752
2862052297,9143452492
2862052297,2797480741
6946012969,6946012970
6946012969,2506590520
6946012969,13291341951
2506590522,10110052351
2506590522,13090464953
2506590522,10110052256
10110052351,2506590522
10110052351,10110052256
10110052351,10110052278
13090464953,13090464952
13090464953,2506590514
10110052256,2506590522
10110052256,10110052315
10110052256,10110052351
2506590523,13061815573
2506590523,2506590526
2506590523,2506590522
2506590526,2506590523
2506590526,2506590533
2506590526,2506590531
2506590531,10573166594
2506590531,2506590526
2506590531,2506590533
2506590536,8211384968
2506590536,9609258270
2506590536,2669116207
2669116207,2506590536
2669116207,2905986705
3206200292,2506590541
3206200292,1032159410
4436619051,2506896279
2506965958,2948558279
2506965958,2948558276
2506965958,4728028316
2948558279,2506965958
2948558279,2948558286
2948558276,2506965958
2948558276,4691030651
2948558276,2948558270
4728028316,4722975336
4728028316,2506965958
4728028316,4722975331
2507522540,2507522545
2507522543,2507522550
2507522564,3616245763
2507522564,4569410672
2507522564,3616245766
3616245763,2507522564
3616245763,13375580497
3616245763,12222032055
4569410672,3616898321
4569410672,2507522564
4569410672,12222032002
3616245766,3618330845
3616245766,2507522564
3616245766,3616245774
3616245766,3616245782
2507522597,8259651950
2507522597,4954753770
2507522597,5271818882
8259651950,8259651952
8259651950,8259651949
8259651950,2507522597
5271818882,8259598027
5271818882,5271818871
5271818882,2507522597
12202471754,2507522705
11627254643,11627254644
11627254643,2507522705
11627254643,13376053837
5407038139,2507522714
5407038139,5407038141
5407038139,5407038140
2507522724,2507522723
2507522727,2507522725
2507619380,2507619375
2507619380,2507619391
2507619380,2507619423
2507619391,2507619380
2507619391,2507619375
2507619391,2507619413
2507986441,2507986439
2507986441,2507986438
2507986441,11641409732
2507986439,2507986441
2507986439,2507986440
2507986439,2507986438
11641409732,2507986452
11641409732,2507986441
11641409732,11641409734
4401542997,3775114863
4401542997,4401542990
4401542997,2507986452
2508189893,2508189900
2508189900,2508189898
2508189900,2508189893
2508189900,2508189908
2508189908,2508189900
2508189924,5873786646
5873786646,2508189924
5873786646,5873786648
5873786646,5873786647
10073767277,2508189935
10073767277,2508189925
10073767277,10073767340
2508201389,10073767323
2508220958,2508220960
2654916692,2508220960
2654916692,2654916693
2654916692,2654916699
2508245914,2508245932
2508245914,2508245874
2508245914,4736627092
12105767556,2508245897
12105767556,12039826499
12105767556,12105767562
4736627092,2508245914
4736627092,2508245897
4736627092,2508245932
2508245932,2508245953
2508245932,2508245914
2508245932,4736627092
2508245953,2508245932
2508245953,4724584789
2508245953,4697746306
4724584789,4724588007
4724584789,2508245953
4724584789,4724584679
4697746306,2508245953
4697746306,2508246015
4697746306,4697746303
2508246033,4697746303
2508246033,2508246044
2508246033,2508246015
4697746303,2508246033
4697746303,2508246102
4697746303,4697746306
2508246044,2619170762
2508246044,2619170758
2508246044,2508246033
2619170762,8810916691
2619170762,2508246044
2619170762,2619170769
2619170758,2508246044
2619170758,8810916692
2619170758,8810916671
2508246074,4701946754
2508246074,2508246077
2508246074,4724587886
4701946754,4701949186
4701946754,4701939902
4701946754,2508246074
2508246077,4724588007
2508246077,2508246102
2508246077,2508246074
4724587886,4724580407
4724587886,2508246074
4724587886,4724588007
4724588007,2508246077
4724588007,4724584789
4724588007,4724587886
2508716462,2508716465
2508716462,12111397572
2508716462,12111397578
12111397572,12111397578
12111397572,12111397574
12111397572,2508716462
12111397578,12111397572
12111397578,12111397568
12111397578,2508716462
2508716473,2508716476
2508716473,12111397563
2508716473,2508716465
2508716476,2508716473
2508716476,2508716482
2508716476,12111397561
3242230486,13415448492
3242230486,12111397563
3242230486,2508716482
2508716532,4597907648
2508716532,11750491012
2508716532,7560011688
4597907648,2508716532
4597907648,4597907651
4597907648,4597907650
11750491012,4597907656
11750491012,2508716532
11750491012,4597907651
2508808889,2792799382
2508808889,4649083919
2508808889,3210988657
2508808889,2508716538
2508716607,11828040793
2508716607,2508716608
2508716607,4438323826
11828040793,2508716609
11828040793,2508716607
11828040793,11828040796
2508716608,4438323862
2508716608,2508716607
2508716608,4438323831
2508716608,10146618706
4438323826,4438323841
4438323826,4438323831
4438323826,2508716607
4438323826,11826180755
4438323831,4438323826
4438323831,2508716608
4438323831,4438323823
10146618706,10146618705
10146618706,10146618711
10146618706,2508716608
2508716609,4438323861
2508716609,11828040793
2508716609,4438323841
4438323861,2508716609
4438323861,4438323858
4438323861,11828040718
4438323841,4438323848
4438323841,2508716609
4438323841,4438323826
2508716626,9242988752
2508716626,4438139491
2508716626,2508716621
2508808856,4597907656
2508808856,2508808857
2508808856,4597907655
4597907656,2508808856
4597907656,11750491012
4597907656,4597907645
4597907655,4597907644
4597907655,2508808856
4597907655,4597907660
13529054207,2508808857
2508808864,5843651812
2508808864,11994505891
2508808864,12000517170
5843651812,2508808864
5843651812,11994505896
5843651812,5843651814
11994505891,2508808864
11994505891,2508808868
11994505891,11994505895
11994505891,12000517168
12000517170,5843651816
12000517170,12000517169
12000517170,2508808864
3210988657,2508808866
3210988657,1601687982
3210988657,2508808889
2508808867,2508808868
2508808867,12000517167
2508808867,11901200624
2508808868,3320199095
2508808868,2508808867
2508808868,11994505891
12000517167,2508808867
12000517167,5054518762
12000517167,12000517168
11901200624,2508808867
11901200624,11901200625
11901200624,11901200628
3320199095,2508808890
3320199095,2508808868
3320199095,3320199091
2508808903,11901200628
2508808903,2508808904
2508808903,2508808890
11901200628,2508808903
11901200628,11901200624
11901200628,11901200626
2508808904,2508808903
12104960876,2508808914
12104960876,5076733757
12104960876,12104960875
5076733729,2508808914
5076733729,5076733762
5076733729,5076733752
5076733729,5076733757
2508808939,2508808936
2508808956,5029494054
2508808956,4764722770
2508808956,2508808942
2508808961,12377445755
2508808961,12377445757
12377445755,7077982626
12377445755,2508808961
12377445755,7077982624
2508808987,2508809002
2508808987,2508809002
2508808987,8665305329
2508809002,2508809001
2508809002,2508808987
2508809002,2508808987
2511773716,3901301561
2511773716,4496903314
3901301561,4494731066
3901301561,3901301560
3901301561,4496903314
4496903314,4496903318
4496903314,3901301561
4496903314,4496903335
2513660296,2513765932
2513660296,2513660302
2513660296,2513660295
2513765932,2513660296
2513765932,2513765924
2513765932,6744542118
2513660302,2513660296
2514965775,2514965786
2514965775,7519509004
2514965775,2566715327
2514965786,2514965775
2514965786,2514965789
2514965786,2514965795
2566715327,8758767225
2566715327,2514965775
2566715327,8756521417
2514965789,8294871066
2514965789,2514965786
2514965789,7519509008
8294871066,2514965789
8294871066,8294871077
8294871066,8294871064
3362495793,3897585959
3362495793,1600769064
4334399925,2551268404
4334399925,11673406980
4334399925,2551268387
11132627330,2551268404
2551268422,12033277678
2551268422,3897585980
12033277678,2551268422
12033277678,11749810282
12033277678,12033277675
2551268439,1600769064
2551268439,3897585956
3897585956,3362495793
3897585956,2551268377
9864630959,2551272731
9864630959,8553883695
9864630959,9864630962
9529772967,4954753778
9529772967,2551313110
9529772967,4496967358
4769512767,2551313110
4769512767,11289711529
4769512767,4769512769
2558564352,11819788429
2563859312,11383894269
11383894269,11383892468
11383894269,2563859312
11383894269,11383894271
2563925226,13173239016
13173239016,267129972
13173239016,13173239021
12987642116,2953159015
12987642116,11802010892
12987642116,12987642103
2566263562,2566263631
2566263562,2566263627
2566263562,2566263475
2566263627,2566263562
2566263627,2566263712
2566263627,8335669871
2566468376,9042436235
2566468376,11850237334
2566468376,9042436225
11850237334,12049116995
11850237334,2566468376
11850237334,11850237337
9042436225,2566468376
9042436225,9042436230
9042436225,9864657250
5271764267,9360047037
5271764267,11770061696
2566486450,3897652801
3897652801,6432101301
3897652801,3897652794
8294871085,2566715310
8294871085,8294871087
8294871085,8294871089
8758767225,2566715327
8758767225,3974438056
8758767225,8758767223
8756521417,2566715327
4153117935,2566715350
4153117935,4153117939
4153117935,7454763236
6361188560,1510613146
6361188560,3974531255
6361188560,2566715389
2566715472,2566715491
2566715472,2566715482
2566715472,8480832124
2566715491,2566715472
2566715491,2566715504
2566715491,2566715493
2566715482,2566715493
2566715482,2567976393
2566715482,2566715472
2566715493,2566715508
2566715493,2566715482
2566715493,2566715502
2566715493,2566715491
2567976393,2566715502
2567976393,2566715482
2567976393,8733927156
2566715504,2566715491
2566715504,4386109057
2566715504,2566715508
2566715508,2566715493
2566715508,2566715510
2566715508,2566715504
2566715502,2566715510
2566715502,2567976393
2566715502,2566715493
2566715510,2566715502
2566715510,2566715508
2566715510,2566715515
2566715515,2566715510
8480832121,8480832120
8480832121,3730715462
8480832121,2566715517
4396220107,4396220106
4396220107,2566715530
4396220107,4396220111
2566715532,4262514176
2566715532,8783743593
2566715532,2984635052
8783743593,2566715532
8783743593,3978162841
8783743593,8783743579
2984635052,4375703859
2984635052,2566715532
2984635052,3978162852
3523002443,2566715547
3523002443,4969796616
10715725089,2566838985
10715725089,9370830188
10715725089,10715725091
2566838987,11782321072
2566838987,2566838991
2566838987,2566838991
2566839004,2682017382
2566839004,5322796973
2682017382,2566839004
2682017382,5322796932
2682017382,2682017394
2682017382,5322796974
5322796973,1105134575
5322796973,5322796974
2566839005,2860767368
2860767368,2566839005
2860767368,13507489623
2860767368,2860767370
2566839007,12286129003
2566839007,12286129001
2566839007,12286128990
12286129003,2566839007
12286129003,8089607354
12286129003,12286129004
12286129001,2566839007
12286129001,12286129002
12286129001,2566839008
12286128990,12286128989
12286128990,2566839007
12286128990,12286129002
2566839008,8089607359
2566839008,5407038542
2566839008,12286129001
8089607359,2566839008
8089607359,8089607366
8089607359,8089607363
5407038542,12286128982
5407038542,12286128984
5407038542,2566839008
5407038541,2566839033
5407038541,2566839024
5407038541,12178934186
12310225773,12253667639
12310225773,12253667638
12310225773,12310225772
2566839026,2566839033
2566839026,8089607366
2566839026,12253667639
8089607366,8089607359
8089607366,8089607365
8089607366,2566839026
2566839062,2682017428
5407038182,2566839095
2682017428,2682017429
2682017428,831659805
2566839072,831659911
2566839072,1018816155
2566839074,2566839072
2566839074,2566839024
2566839090,2566839074
2566839090,5407038539
5407038539,2566839090
5407038539,5407038537
5407038539,5407038537
2566839095,2566839097
2566839095,2566839062
2566839097,2682017429
2566839097,252408454
2682017429,831631339
2682017429,2682017428
2566839098,2566839072
2566839098,2566839093
2566839104,2566839098
2566839104,2566839074
2566839110,2566839104
2566839114,2566839110
2566839116,2566839134
2566839116,2566839120
2566839120,2566839121
2566839119,2566839114
2566839119,2566839132
2566839132,2566839114
2566839132,5322796952
2566839121,2566839119
2566839121,11420451522
11420451522,11420451525
11420451522,11420451523
2566839144,2566839147
2566839144,2566839134
2566839144,2566839157
2566839157,2566839167
2566839157,2566839144
2566839157,2566839147
2566839171,2566839177
2566839171,9720691199
2566839171,2566839159
2566839177,9720691199
2566839177,2566839193
2566839177,2566839171
9720691199,2566839177
9720691199,2566839171
9720691199,11420451523
2566839209,2566839207
2566839209,2566839212
2566839209,2566839212
4954753730,4954753731
4777669032,4258690111
4777669032,2566896953
4777669032,4777669933
9742051931,3902225668
9742051931,2566896970
9742051931,9742051930
5246056874,2566896970
3616245871,10130690438
3616245871,2566966446
3616245871,3616266380
2566966503,2949953648
2566966503,11816506903
2566966503,2950756018
2949953648,2949953647
2949953648,2566966503
2949953648,10130690419
2949953648,11816506904
2566966551,2566966536
5733829436,5733829435
5733829436,2566966536
5733829436,4571908075
8736028859,826769790
8736028859,2567121253
4610033218,2567121253
4610033218,4610033221
12987642103,2567121260
12987642103,11801993164
12987642103,12987642101
2567135655,5174418040
2567135655,10233684261
2567135655,10233684263
5174418040,5174418045
5174418040,2567135655
5174418040,13137825030
10233684261,2567135655
10233684261,13137825017
10233684261,5174418054
10233684263,5174418054
10233684263,2567135655
10233684263,13137832778
11939594268,12844404404
11939594268,12844404403
11939594268,2567135661
11939594268,11939598476
11212240886,2568866896
11212240886,11212240887
11212240886,11212240888
10234828023,2568866927
10234828023,13595772734
10234828023,10234828019
13602882333,2568866937
13602882333,13596464925
13602882333,5578079861
2569754230,2569754231
2569754230,10733105438
2569754230,8344861350
8344861350,2883469834
8344861350,8344861349
8344861350,2569754230
9513406112,6485672701
9513406112,2569754231
9513406112,9513406103
9513406112,10718916182
2578481747,3331976190
2578481747,2725330445
2578481747,2610198117
3331976190,3539495210
3331976190,2578481747
3331976190,3328325934
2610198117,5265697968
2610198117,2578481747
2610198117,3328339457
12995866000,2578481796
2590891770,2590891776
2590891770,10307478597
10307443805,10307443799
10307443805,2590891776
10307443805,10307443804
8260256231,10307500125
8260256231,2590891779
8260256231,8260256230
10549097766,2603306939
10549097766,10549097784
10549097766,10549097785
10549097766,2603306941
3779749325,2603306939
10549097785,10549097766
10549097785,2603306941
10549097785,10549097782
10549097784,10549097766
10549097784,2603306941
10549097784,9322420298
2604800684,9420119382
2604800684,9420119399
2604800684,11289711531
9420119399,9420119396
9420119399,11289711534
11289711531,11289711530
11289711531,11289711529
11289711531,2604800684
10304931440,10304931438
10304931440,2607806148
10304931440,10304931439
4755412032,2607806148
8196726208,6675304497
8196726208,8196750019
8196726208,2607806148
10223140483,2614905871
10223140483,2330327274
10223140483,2607806155
2610198040,2610198037
8733877194,8733877198
8733877194,8733877201
8733877194,2610198037
2610198060,3330014294
2610198060,3330013292
2610198060,11189806172
3330014294,13301733261
3330014294,8733877198
3330014294,2610198060
3330013292,13301733266
3330013292,2610198060
3330013292,12003299436
11189806172,11189806170
11189806172,2610198060
11189806172,12003299415
2610198061,2862052295
2610198077,3328325913
2610198077,3328325921
2610198077,13288027921
3328325921,5265697950
3328325921,3328339435
3328325921,2610198077
3328325921,3328339432
13288027921,13288027922
13288027921,3328339432
13288027921,2610198077
2610198102,2610198104
2610198102,10955692573
2610198102,2610198092
13288027911,2610198092
13288027911,3328339432
13288027911,13288027922
2793298320,2612528424
2793298320,10304931424
3078230246,3078230245
3078230246,3078230247
3078230246,2612528424
3078230246,3078227132
10706759351,2612528431
10706759351,3925367919
10706759351,3540614254
5057830724,7801590074
5057830724,7801590058
5057830724,2612546026
2612546031,6166199557
2612546031,7801590058
6166199557,2612546031
6166199557,6166199554
6166199557,6166199554
8260408116,2614905760
8260408116,8260408114
8260408116,8260417219
8260408116,8260417220
8260408113,8872312256
8260408113,8260408114
8260408113,2614905760
2965113622,9775273927
2965113622,9775266570
13556348041,2614905778
9775273927,2965113622
9775273927,2614905778
9775273927,9775273928
10549097750,10311757270
10549097750,10311757271
10549097750,8243042003
10549097750,2614905787
2614905794,5246056850
2614905794,8243042003
2614905794,4890660782
2614905794,10311757271
5246056850,2614905794
5246056850,10549097758
5246056850,9775273975
5246056850,10549097773
8243042003,2614905794
8243042003,10549097750
8243042003,10549097751
4890660782,2614905797
4890660782,2614905794
4890660782,10311757278
10549097751,10549097752
10549097751,8243042003
10549097751,2614905797
10549097762,10311757278
10549097762,10549097782
10549097762,10303076592
10549097762,2614905797
10549097782,10549097762
10549097782,2614905805
10549097782,10549097785
10549097781,10549097779
10549097781,2614905805
10549097781,10549097773
10311757278,10549097762
10311757278,2614905805
10311757278,4890660782
10549097779,10549097781
10549097779,10549097778
10549097779,2614905806
2614905815,2614944121
2614905815,2614944130
2614905815,2614944113
2614944121,2614905815
2614944121,10706759360
2614944121,2614944130
2614944130,2614944144
2614944130,2614905815
2614944130,2614944121
2614944144,2614944130
2614944144,2614905829
2614944144,3540614220
2614905846,1519109066
2614905846,2614905849
2614905846,10570390441
10570390441,2614905846
10570390441,10537901353
10570390441,2991097113
3301101326,10311753752
10537901352,10537901318
10537901352,10537901351
10537901352,2614905849
8491423704,2614905851
8491423704,10537901350
8491423704,10537901351
8491423704,5938613796
10537901348,9668304123
10537901348,2614905857
10537901348,13556348052
10537901347,2614905851
10537901347,2614905857
10537901347,10311651001
13556348050,13556348052
13556348050,2614905879
13556348050,2614905857
10223140482,2614905871
10223140482,3902225730
10223140482,10537901340
8242928656,10537901343
8242928656,2614905879
8242928656,2991097115
8242928655,2614905879
8242928655,10537901341
8242928655,10542083852
2614905881,10537901340
2614905881,2991097091
2614905881,8242928662
2614905881,8242928658
10537901340,2614905881
10537901340,10223140482
10537901340,10537901341
8242928658,3791493169
8242928658,8242928662
8242928658,2614905881
2614905883,2991097115
2614905883,10537901333
2614905883,10537901333
2614905883,10537901337
2614905883,10537901337
10537901333,2614905883
10537901333,2614905883
10537901333,10570938784
10537901337,2614905883
10537901337,2614905883
10537901337,10537901343
10706759360,2614944121
10706759360,10706759359
10706759360,2677670372
3540614220,5266038618
3540614220,3540614219
3540614220,2614944144
2669116176,2669116180
2669116176,2555606669
2669116176,2836516843
9420119393,9420119384
9420119393,9420119406
9420119393,2617930042
8235937981,3207287429
8235937981,12104960872
8235937981,8235937980
4954753777,4954753738
4954753777,2618929631
4954753777,258421972
4954753738,2618929634
4954753738,4954753777
4954753738,258421972
3188487767,10719110119
3188487767,2619170746
3188487767,10719110115
2619170747,10711230641
2619170747,538374023
2619170750,12061935798
2619170750,12061887674
2619170750,7391711198
7391711198,3242230499
7391711198,12106408638
7391711198,2619170750
8810916671,8810916674
8810916671,2619170767
8810916671,2619170758
2619170759,3320199128
2619170759,10262728847
2619170759,3320199129
2619170759,10262728846
3320199128,10260524726
3320199128,2619170759
3320199128,3320199130
10262728847,12037848137
10262728847,2619170759
10262728847,12037848162
3320199129,3320199140
3320199129,3320199136
3320199129,2619170759
2619170769,12104961424
2619170769,2619170762
2619170769,8810916686
2619170767,12104961424
2619170767,8810916671
2619170767,8810916673
12104961424,2619170767
12104961424,2619170769
12104961424,12104961425
8810916673,8810916672
8810916673,2619170767
8810916673,8810916674
8810916686,8810916687
8810916686,8810916684
8810916686,2619170769
2619170777,3320199151
2619170777,2619170797
2619170777,10260524726
3320199151,3320199152
3320199151,2619170777
3320199151,3320199167
3320199151,3320199130
2619170797,2619170813
2619170797,2619170777
2619170797,3320199167
2619170797,10260468904
10260524726,2619170777
10260524726,3320199128
10260524726,10260468905
2619170780,3320199155
2619170780,10260524818
2619170780,3320199137
3320199155,2619170780
3320199155,3320199154
3320199155,3320199135
3320199155,3320199171
10260524818,2619170798
10260524818,2619170780
10260524818,10260524825
3320199137,2619170780
3320199137,3320199135
3320199137,3320199138
2619170794,2619170811
2619170794,10260524725
2619170794,5012444172
2619170811,2619170812
2619170811,2619170805
2619170811,2619170794
2619170811,2619170831
10260524725,12037851784
10260524725,2619170794
10260524725,10260524721
5012444172,2619170794
5012444172,5012444175
5012444172,12037851788
2619170795,2619170805
2619170805,2619170795
2619170805,2619170824
2619170805,2619170811
2619170813,10260524736
2619170813,5029499246
2619170813,2619170797
2619170813,12037851731
3320199167,3320199168
3320199167,2619170797
3320199167,3320199151
3320199167,10260524738
10260468904,2619170797
10260468904,10260468902
10260468904,10260468905
2619170798,10260524818
2619170798,3320199173
2619170798,3320199171
3320199173,3320199164
3320199173,2619170798
3320199173,2619170817
3320199171,2619170798
3320199171,3320199170
3320199171,3320199155
2619170824,2619170827
2619170824,2619170831
2619170824,2619170805
2619170809,5029499251
2619170809,2619170812
2619170809,12037851783
5029499251,5029499247
5029499251,2619170809
5029499251,5029499250
2619170812,5029523080
2619170812,2619170809
2619170812,2619170811
12037851783,5029499250
12037851783,12037851784
12037851783,2619170809
2619170831,2619170824
2619170831,2619170811
2619170831,2619170841
2619170831,2619170832
5029523080,2619170812
5029523080,10260524754
5029523080,10260524752
10260524736,10260524730
10260524736,2619170813
10260524736,10260524738
5029499246,2619170813
5029499246,5029499243
5029499246,5029499244
12037851731,10260524790
12037851731,2619170813
12037851731,10260524752
12037851731,10260524769
2619170815,3320199142
2619170815,2619170837
2619170815,12037851708
3320199142,3320199146
3320199142,3320199136
3320199142,2619170815
2619170837,2619170826
2619170837,12037851717
2619170837,2619170815
2619170837,2619170836
12037851708,12037851699
12037851708,2619170815
12037851708,12037851708
12037851708,12037851708
2619170817,10260524788
2619170817,2619170818
2619170817,3320199173
10260524788,2619170817
10260524788,10260524727
10260524788,10260524775
2619170818,2619170817
2619170818,2619170821
2619170818,2619170829
2619170821,2619170818
2619170829,2619170836
2619170829,2619170818
2619170829,12037851738
2619170827,2619170824
2619170826,2619170837
2619170836,12037851733
2619170836,2619170837
2619170836,2619170829
12037851738,2619170829
2619170841,2619170831
2619170832,10260524754
2619170832,10260524740
2619170832,2619170831
10260524754,5029523080
10260524754,2619170832
10260524754,10260524743
10260524740,2619170832
10260524740,10260524744
10260524740,10260524753
12037851733,12037851732
12037851733,10260524782
12037851733,2619170836
12037851717,2619170837
12037851717,12037851717
12037851717,12037851717
2642234245,2642234252
2642234252,2642234254
2642234252,2642234245
2642234252,7650205020
2642234254,2642234252
2642234254,5283765046
2642234254,4496921798
7650205020,10073767193
7650205020,2642234252
7650205020,10073767305
5283765046,2642234254
5283765046,5283765035
5283765046,6205753246
4496921798,2642234256
4496921798,2642234254
4496921798,6205753230
2642234256,4496921798
2642234256,10075090661
2642234256,6205753228
10075090661,4496921150
10075090661,2642234256
10075090661,4496921175
6205753228,11231249151
6205753228,2642234256
6205753228,11300406917
6205753228,6205753230
2642261803,4497019817
2642261803,2642261794
2642261803,4497019828
4497019641,2642261826
4497019641,4497019837
4497019641,4497019828
4497019641,2642261794
4497019817,2642261824
4497019817,4497019828
4497019817,4497019818
4497019817,2642261803
4497019828,2642261822
4497019828,4497019641
4497019828,4497019817
4497019828,2642261803
2642261822,4497019828
2642261824,4497019817
2642261826,4497019641
2643288994,10928002546
2643288994,4497019865
2643288994,13351969705
2643288994,12158452880
10928002546,2643288994
10928002546,7475366984
10928002546,10928002545
10928002546,13351969704
4497019865,10928002545
4497019865,4497019869
4497019865,2643288994
13351969705,13351969704
13351969705,2643288994
13351969705,10928002554
12158452880,4497019799
12158452880,2643288994
12158452880,12158452884
2643289006,10928002543
2643289006,2643289009
2643289006,7475367005
2643289006,7475367017
10928002543,6260761873
10928002543,2643289006
10928002543,10928002542
10928002543,10928002544
2643289009,10928002542
2643289009,9721378458
2643289009,2643289006
2643289009,5045087506
7475367005,7475367006
7475367005,2643289006
7475367005,4497019869
7475367017,6439739073
7475367017,2643289006
7475367017,7475367015
10928002542,2643289009
10928002542,7475366984
10928002542,12509044345
10928002542,10928002543
9721378458,12509044345
9721378458,12509044349
9721378458,2643289009
5045087506,4497019809
5045087506,2643289009
5045087506,6260647406
2643289020,6439739073
2643289020,4497019818
2643289020,6439739069
6439739073,2643289020
6439739073,7475367017
6439739073,6439739059
4497019818,4497019817
4497019818,4497019799
4497019818,2643289020
6439739069,2643289020
4494802297,2644849322
4494802297,4524890058
2647577201,2647577204
8022105622,2652168731
8022105622,2652168737
8022105622,8022105625
2652168737,8022105622
2652168737,11688427010
2652168737,2652168731
2652168738,2652168739
2652168738,8022105625
2652168738,2652168740
2652168739,2652168738
2652168739,2652168741
2652168739,11688427014
2652168740,2652168738
2652168741,2652168739
11688427014,11688427010
11688427014,11688427013
11688427014,2652168739
2652168771,2652168784
2652168776,2652168780
2652168776,2652168774
2652168776,2652168792
2652168788,2652168774
2652168780,2652168784
2652168780,2652168776
2652168780,2652168786
2652168792,2652168776
2652168786,2652168780
2654916680,2654916693
2654916684,2654916700
2654916699,2654916692
5873786657,5873786651
5873786657,5873786658
5873786657,2654916700
2655014992,2655014993
8463595242,2655014994
8463595242,2655014993
8463595242,8463595241
2655014994,8463595242
2655015001,2655014997
2655015015,2655015003
2655015013,2655015007
2655015022,2655015018
2655015019,2655015018
2655015028,2655015025
2655015032,2655015033
2655015032,2655015036
2655015032,2655015035
2655015036,2655015032
2655015035,2655015032
2655015037,2655015033
2655015046,2655015045
2656872483,251557155
2656872483,2568866923
2656872487,2656872486
2656872487,2504925257
3334224800,2656872500
3334224800,9599257945
3334224800,3334224799
2656872502,9510516062
2656872502,3334220689
2656872502,9510516064
9510516062,2656872502
9510516062,2656872513
9510516062,12841991152
9510516064,4438231222
9510516064,12841991152
9510516064,2656872502
2656872506,2656872513
2656872506,4438231216
2656872506,12054535877
2656872513,9510516062
2656872513,2656872506
2656872513,4438231235
12054535877,2656872506
12054535877,11584318845
12054535877,12054535899
4438231235,2656872513
2668715510,2862052289
2669116189,2836516844
2669116189,1029865581
8335669862,2905986705
8335669862,2669116207
2905986705,253941599
2905986705,8335669862
2905986705,2905986706
2677670372,10706759360
2677670372,10564075846
2677670372,10589344644
5322796932,2682017382
5322796932,5322796933
2682017394,5322796968
2682017394,5322796933
2682017394,5322796966
2682017394,2682017382
5322796968,2682017394
5322796968,2566839004
5322796933,2682017394
5322796933,5322796934
5322796966,5322796967
5322796966,5322796934
5322796966,5322796972
5322796966,2682017394
3489341832,1027194406
3489341832,8733964605
2682035260,3489341854
2682035260,8733964606
2682035260,8733964595
3489341854,3489341847
3489341854,2682035260
3489341854,3489341829
2687629081,2718621603
2718621603,13309100897
2718621603,2718621591
2718621603,2687629081
2687629092,2687629087
5044927365,2690000133
5044927365,5044927370
5044927365,5044927368
10712245665,1049632187
10712245665,10712245668
10706757673,1049630960
10706757673,2690000136
2690000139,2690000141
2690000141,10706757673
10706757692,2690000143
2691865760,2691865765
2691865765,10706757681
2691865765,2691865760
10706757681,2690000139
10706757681,10706757678
2691865766,11819788430
11819788430,2691865766
11819788430,2691865767
11819788430,11819788431
2691865767,11819788430
2691865767,2691865774
2691865767,10706759340
10706759340,2691865767
2705963941,8294871051
2705963941,2860767337
2705963941,3978296958
2860767337,8691267005
2860767337,10582000895
2860767337,2705963941
2718621581,620300568
2718621581,2718621589
2725287641,10311649307
2725287641,7077982626
2725287641,2508808961
10311649307,3383437132
10311649307,2725287641
10311649307,10311656511
7077982626,12377445755
7077982626,2725287641
7077982626,10311656511
2726882544,8260417233
2726882544,10307520902
10307562538,10307562537
10307562538,10307562535
10307562538,2726882539
8260417233,2726882544
8260417233,10307562536
8260417233,8260417232
10307520902,8260417224
10307520902,2726882544
10307520902,10307520903
2767291007,2767291025
2767291007,2767291037
2767291007,2767290990
2767291025,2767291035
2767291025,2767291007
2767291025,2767291045
2767291037,9039588763
2767291037,3330013284
2767291037,2767291007
2767291035,2767291025
2767291045,3330014305
2767291045,9039588763
2767291045,2767291025
9039588763,2767291045
9039588763,2767291037
9039588763,9039588762
3330013284,2767291037
3330013284,9823802327
3330013284,3330014307
2792799376,2792799379
2792799379,2792799386
2792799379,2792799382
2792799379,2792799376
2792799380,2792799386
4208932890,4208932894
4208932890,2792799396
4208932890,4208932891
7388819687,2792852530
2792852536,8337669247
2792852536,8337669247
2792852536,13375916717
13375916717,13375916720
13375916717,2792852536
13375916717,13375916713
2793298324,1519081989
10304931424,10554854575
10304931424,10304931422
2793298327,1519081991
2793298328,10554854576
2793298328,2793298327
10554854576,10554854575
10554854576,2793298320
2793298331,2793298328
2793298335,10554801752
2793298335,2793298331
2793298337,2793298339
2793298337,2793298331
2793298342,2793298337
2793298345,10313221747
2793298345,2793298342
2794726767,11186358123
2794726767,13042496897
2794726767,8733877195
11186358123,11182048128
11186358123,2812627844
11186358123,2794726767
13042496897,13042496894
13042496897,13042496894
13042496897,2794726767
8733877195,11189806163
8733877195,13291341951
8733877195,2794726767
3616221379,2795776943
3616221379,4496903331
3616221379,2795776949
3616221380,2795776948
3616221380,3616221379
3616221380,2795777072
2795776949,2795776966
2795776949,3616221379
2795776949,2844130274
2795776966,2795776966
2795776966,2795776966
2795776966,2795776949
2844130274,2844130280
2844130274,2795776949
2844130274,2844130276
2795777072,2844130292
2795777072,2844130283
2795777072,3616221380
2844130292,2795777072
2844130292,2844130300
2844130292,2844130295
2844130283,2795777072
2844130283,2844130297
2844130283,2844130276
2795777093,2844130300
2844130300,2844130292
2844130300,2844130607
2844130300,2795777093
2797480741,6946012970
2797480741,13301733260
2797480741,2862052297
2797892192,8237018170
2797892192,10309772403
2797892192,3055799309
10309772403,10309772406
10309772403,2797892192
10309772403,10705571376
3055799309,10309843264
3055799309,2797892192
3055799309,3055799317
3055799309,3055799315
10307478600,7899100740
10307478600,2797892196
10307478600,10307478599
7899100757,7899100762
7899100757,7899100751
7899100757,2797892196
7899100757,7899100754
2797892203,8260256229
2797892203,10302731654
2797892203,10722048184
8260256229,2797892203
8260256229,8260256230
8260256229,10302731669
10722048184,10302731678
10722048184,10302731678
10722048184,2797892203
10537901327,8242928658
10537901327,2991097091
2804751510,6949054756
2804751510,12104980629
12104980629,10719110156
12104980629,12104980632
2811645404,10090478949
2811645404,6567688474
2811645404,10090478926
2811645404,3802333318
3802333318,10090464377
3802333318,10090479031
3802333318,2811645404
2812627844,13042496938
2812627844,11186358123
2812627844,3220957373
13042496938,2812627844
13042496938,13042496945
13042496938,13042496941
3220957373,3220957475
3220957373,3220948567
3220957373,4262498705
3220957373,2812627844
7628234365,2813364653
7628234365,7628234363
7628234365,12037851855
12037851954,12037851955
12037851954,2813364653
12037851954,2813364657
2813364657,11841036227
2813364657,12037851954
2813364657,5058518816
11841036227,2813364664
11841036227,2813364657
11841036227,11841036225
5058518816,2813364657
11841036225,2813364664
11841036225,6489444298
11841036225,11841036226
5012444175,12039841976
5012444175,2813364670
5012444175,5012444172
10604359894,10604359893
10604359894,12039841980
10604359894,2813364670
12106408690,2815911171
12106408690,12061935784
12106408690,12106408697
12061935783,2815911171
13529053091,2815911183
13529053091,13529053093
13529053091,13529053098
2815911188,13529160697
2815911188,2815911186
2815911188,2815911191
10291562393,10291562395
10291562393,2815911189
10291562393,2815911186
13529160697,13529160673
13529160697,2815911188
13529160697,13529160696
2815911191,2815911194
2815911191,2815911188
2815911191,2815911189
2815911189,2815911193
2815911189,2815911191
2815911189,10291562393
2815911193,2815911194
2815911193,2815911189
2815911193,10291562395
2815911194,2815911193
2815911194,2815911191
2815911194,13529160699
2815911194,2815911195
10291562395,10291562393
10291562395,10291562396
10291562395,2815911193
13529160699,2815911194
13529160699,13529160696
13529160699,13529160696
2815911195,2815911196
2815911195,2815911196
2815911195,2815911194
2815911196,2815911195
2815911196,13529160649
13529160649,13529160636
13529160649,13529160636
13529160649,2815911196
8393239332,8393239341
8393239332,2834284786
8491423721,2836516384
2836516391,2836516397
2836516391,10573005268
2836516391,252291615
7134993422,2836516397
7134993422,4396220111
7134993422,8480832142
2836516815,2836516822
2836516815,8335669870
2836516815,8335669865
8335669870,2836516841
8335669870,8335669865
8335669870,2836516815
2836516824,3698608683
3698608683,2836516826
3698608683,2836516824
3698608683,3698608701
2836516838,2836516833
2836516838,8501591466
2836516838,2836516841
3698608701,10706627054
3698608701,3698608683
3698608701,2836516833
8501591466,3923833929
8501591466,8501591461
8501591466,2836516838
10270062348,2862052296
10270062348,10270062355
10270062348,2836516843
2905986704,2905986706
2905986704,8211384946
2905986704,2836516844
2836736553,2836736561
2836736553,2836736552
2836736553,6744542118
9866724089,2836736552
2836736561,4724598422
2836736561,2836736553
2836736585,4724598422
2836736585,10573005264
2836736585,4724596608
4724596608,4724598422
4724596608,4724596607
4724596608,2836736561
2840815984,2840815979
2840815984,2953159015
2953159015,8736028836
2953159015,12987642116
2953159015,2840815984
2862052288,1518951569
2862052288,1516093845
2841199031,10233760181
2841199031,10233760171
2841199031,2841199038
2841199031,7340715722
2841199031,7340715723
10233760181,2841199031
7340715722,10233760179
7340715722,7340715723
7340715722,2841199031
7340715723,3232770077
7340715723,7340715722
7340715723,2841199031
4715468007,4258690111
4715468007,2841199038
4715468007,4715468006
2844074769,620300567
2844074769,11602920596
11602920596,4642937651
11602920596,4642937655
11602920596,2844074769
3540614213,2844074772
12003299415,2844074778
12003299415,12003299436
12003299415,11189806172
2844130255,2844130258
2844130259,2844130260
2844130259,2844130258
2844130259,2844130261
2844130260,2844130259
2844130266,2844130261
2844130280,2844130274
2844130276,2844130274
2844130276,2844130283
2844130276,2844130285
2844130278,2844130275
2844130278,3616221380
2844130278,2844130293
2844130604,2844130606
2844130604,2844130612
2844130604,2844130275
2844130285,2844130276
2844130293,2844130278
2844130297,2844130283
2844130295,2844130292
2844130607,2844130300
2844130606,2844130604
2844130606,2844130278
2844130606,2844130611
2844130612,2844130613
2844130612,2844130604
2844130611,2844130606
2844130613,2844130606
2844130613,2844130612
2844130613,2844130615
2844130615,2844130613
3978292251,2860767331
3978292251,3974191709
3978292251,2860767332
12452840644,2860767332
12452840644,6270387722
12452840644,12452840630
2860767370,2860767365
2860767370,2860767371
2860767370,2860767368
13507489623,2860767368
13507489623,13507489624
13507489623,13507489619
2860767373,11368414151
2860767373,11368420976
2860767373,3594187604
11368420976,2860767373
11368420976,11368420975
11368420976,11368414165
3594187604,3594187384
3594187604,3594187605
3594187604,3594187603
3594187604,2860767373
13291314480,9039588760
13291314480,2862052295
13291314480,9039588762
4724593332,2862052296
4724593332,8501591456
4724593332,4724593334
9143452492,9039588764
9143452492,3540614231
2883952717,2883952718
2883952719,2883952720
2883952737,2883952739
2883952744,2883952742
2883952743,2883952748
2883952749,2883952747
2888066692,2888066677
2890025122,2890025130
2890025122,11035956316
2890025122,2890025131
2890025130,2890025137
2890025130,2890025122
2890025130,2890025138
11035956316,2890025122
11035956316,11035956317
11035956316,2890025126
2890025131,2890025143
2890025131,2890025122
2890025131,2890025138
2890025131,2890025126
2890025126,2890025135
2890025126,2890025131
2890025126,11035956316
2890025135,2890025126
2890025135,2890025143
2890025135,5979606844
2890025137,2890025141
2890025137,2890025130
2890025137,2890025149
2890025138,2890025150
2890025138,2890025130
2890025138,2890025157
2890025138,2890025131
2890025143,2890025131
2890025143,2890025150
2890025143,2890025135
5979606844,5979606842
5979606844,5979606847
5979606844,2890025135
2890025149,2890025157
2890025149,2890025148
2890025149,2890025137
2890025150,2890025138
2890025150,2890025165
2890025150,2890025143
2890025157,2890025165
2890025157,2890025149
2890025157,2890025166
2890025157,2890025138
2890025148,2890025164
2890025148,2890025141
2890025148,2890025149
2890025164,2890025169
2890025164,2890025148
2890025164,2890025166
2890025165,2890025157
2890025165,2890025167
2890025165,2890025150
2890025166,2890025167
2890025166,2890025164
2890025166,2890025172
2890025166,2890025157
2890025169,2890025170
2890025169,2890025164
2890025169,2890025171
2890025167,2890025166
2890025167,2890025173
2890025167,2890025165
2890025172,2890025173
2890025172,2890025170
2890025172,2890025176
2890025172,2890025166
2890025173,2890025172
2890025173,2890025174
2890025173,2890025167
2890025170,2890025169
2890025170,2890025172
2890025170,2890025176
2890025176,2890025174
2890025176,2890025172
2890025176,2890025170
2890054605,12794841108
12794841108,2890054605
12794841108,8260256261
12794841108,12704201440
3974279031,2901966849
3974279031,9866591601
3974279031,4510274563
9794679276,2901972022
9794679276,9794679339
9794679276,9794679303
9794679339,9794679294
9794679339,2901972033
9794679339,9794679276
3631827430,2901981267
3631827430,11065375419
3631827430,11065375429
4494705954,3643190987
4494705954,4724605281
4494705954,2901981267
2905986706,2905986704
2905986706,2905986705
2905986706,9609258270
8211384946,10570555647
8211384946,2905986704
8211384946,8211384941
12794849601,12794849604
12794849601,12794840197
12794849601,2911708407
2915138100,11383894291
2915138100,11756442604
2915138100,2915139806
2915139806,2915139809
2915139806,2915138100
2915139806,8260408092
2915139801,8260408092
8260408092,2915139801
8260408092,8260408098
8260408092,2915139806
2915139809,2915139812
2915139809,2915139806
2915139809,8260408099
2915139812,2915139809
8260408099,8260408098
8260408099,8260408106
8260408099,2915139809
2915139823,2915139816
2915139823,2915139831
2915139823,10084871182
2915139818,2915139822
2915139818,8260256259
2915139818,2915139816
2915139822,2915139818
2915139822,2915139826
2915139822,11383892411
5264718502,5264718501
5264718502,2915139821
5264718502,5264718503
2915139826,11383892412
2915139826,11383892411
2915139826,2915139822
11383892411,2915139831
11383892411,2915139826
11383892411,2915139822
2915139831,11383892411
2915139831,2915139834
2915139831,2915139823
10084871182,10084871181
10084871182,2915139823
10084871182,11383892440
11383892412,2915139827
11383892412,2915139826
11383892412,11383892417
2915139834,11383892417
2915139834,2915139831
2915139834,11383892440
11383892417,2915139834
11383892417,11383892412
11383892417,11383892440
11383892440,2915139834
11383892440,10084871182
11383892440,11383892417
2915139852,10592619121
2915139854,2964397327
2915139854,8480832124
2915139854,2915139870
2964397327,2915139854
2964397327,7277997737
2964397327,8480832140
2915139862,2915139870
2915139862,8480832142
2915139862,8480832140
2915139862,4396220111
8480832142,2964397318
8480832142,7134993422
8480832142,2915139862
8480832140,2964397323
8480832140,2964397327
8480832140,2915139862
4396220111,7134993422
4396220111,4396220107
4396220111,2915139862
8480832120,8480832121
8480832120,8480832122
8480832120,2915139870
8501591456,4724593332
8501591456,2915139875
8501591456,8501591454
4724593334,10270062355
4724593334,4724593332
4724593334,2915139878
2944266582,2944264192
2944266582,2944264184
2944266582,13153006922
2944264192,2944266582
13153006922,4999369944
13153006922,2944266582
13153006922,4999369981
2944266605,4999369944
2944266605,4999369945
2944266605,2944266607
2944266605,4999369981
4999369944,2944266605
4999369944,13153006922
4999369944,4999369939
4999369945,2944266605
4999369945,4999369949
4999369945,2944266610
2944266607,2944266610
2944266607,2944266605
2944266607,4999369973
4999369981,5000185065
4999369981,2944266605
4999369981,13153006922
2944266610,4999369992
2944266610,2944266607
2944266610,4999369973
2944266610,4999369945
2944266610,4999370000
4999369973,2944266610
4999369973,4999369969
4999369973,2944266607
4999369992,4999369955
4999369992,2944266610
4999369992,4999370000
4999370000,4999370004
4999370000,4999369992
4999370000,4999370523
4999370000,2944266610
4999369954,4999369953
4999369954,2944266620
4999369954,4999369955
2944276044,2944276043
2944276044,13351837943
2944276044,13351837945
2944276044,13153006910
13153006910,13153006914
13153006910,2944276044
13153006910,4999370523
2948535496,11036305126
2948535496,3935559383
2948535496,4701951960
11036305126,11036305148
11036305126,2948535496
11036305126,12465038473
2948558244,2948558269
2948558269,4691030651
2948558269,10884060746
2948558269,2948558244
2948558254,10884060746
2948558254,2948558250
2948558254,2948558258
2948558258,2948558250
2948558258,11601191540
2948558258,2948558254
10884060746,2948558269
10884060746,2948558254
10884060746,10884060738
11601191540,2948558258
4691030651,2948558276
4691030651,2948558269
4691030651,4691033802
2948558270,2948558276
2948558286,2948558279
11850237358,11850237366
11850237358,11850237337
11850237358,2948596110
2948596126,2948596110
2948670274,3623985314
2948670274,13396005457
2948670274,13396005457
3623985314,2948670274
3623985314,10884060738
3623985314,4496903292
13396005457,2948670277
13396005457,2948670274
13396005457,2948670274
2948670284,2948670278
2948670284,2948670286
2948670284,2948671538
2948670286,2948671539
2948670286,2948670290
2948670286,2948670284
2948671538,2948671539
2948671538,2948671537
2948671538,2948670284
2948671539,2948670286
2948671539,2948671538
2948671539,2948671540
2948670290,2948671540
2948670290,2948670286
2948670290,2948670295
2948671540,2948670290
2948671540,2948671541
2948671540,2948671539
2948670295,2948671541
2948670295,2948670298
2948670295,2948670290
2948671541,2948670295
2948671541,2948671540
2948671541,2948671542
2948670298,2948671542
2948670298,2948670295
2948670298,2948670300
2948671542,2948670298
2948671542,2948671543
2948671542,2948671541
2948670300,2948670312
2948670300,2948670304
2948670300,2948670298
2948670312,2948670300
2948671544,2948670304
2948671544,2949952891
2948671544,2948671543
2948671543,2948671545
2948671543,2948671542
2948671543,2948671544
2948671545,2948671543
2948671545,2948671551
2948671545,2948671551
2948671551,2948671555
2948671551,2948671549
2948671551,3533111108
2948671551,2948671545
2948671551,2948671545
2948671549,2948671551
2948671549,2949952892
2948671549,2949952922
2949952892,2949952891
2949952892,2949952879
2949952892,2948671549
2949952922,2949952903
2949952922,2949952926
2949952922,2948671549
2948671555,2948671569
2948671555,2948671551
2948671555,2948671554
3533111108,2948671551
3533111108,2948671558
3533111108,2948671567
2948671552,2948671563
2948671552,2948671563
2948671552,2948671553
2948671563,2948671552
2948671563,2948671552
2948671563,2948671564
2948671553,2948671566
2948671553,2948671554
2948671553,2948671552
2948671566,2948671568
2948671566,2948671553
2948671566,2948671564
2948671554,2948671568
2948671554,2948671555
2948671554,2948671553
2948671568,2948671569
2948671568,2948671566
2948671568,2948671554
2948671569,2948671568
2948671569,2948671571
2948671569,2948671555
2948671557,2948671570
2948671557,2948671558
2948671557,2948671571
2948671570,2948671557
2948671570,2948671567
2948671570,2948671571
2948671558,2948671567
2948671558,2948671557
2948671558,3533111108
2948671571,2948671570
2948671571,2948671569
2948671571,2948671557
2948671567,2948671570
2948671567,2948671558
2948671567,3533111108
2949951704,2949951708
2949951708,2949951709
2949951708,2949951704
3533935464,3533935476
3533935464,2949951709
3533935464,3533935472
2949952849,2949952844
2949952849,2949952854
2949952849,2949952846
2949952849,2949952862
2949952846,2949952849
2949952865,2949952862
2949952865,2949952878
2949952865,2949952854
2949952882,2949952879
2949952882,2949952878
2949952882,2949952862
2949952882,2949952903
2949952864,2949952896
2949952896,2949952889
2949952896,2949952899
2949952896,2949952864
2949952878,2949952882
2949952878,2949952898
2949952878,2949952865
2949952866,2949952889
2949952889,2949952866
2949952889,2949952887
2949952889,2949952896
2949952869,2949952887
2949952887,2949952869
2949952887,2949952884
2949952887,2949952889
2949952871,2949952899
2949952872,2949952884
2949952903,2949952898
2949952903,2949952922
2949952903,2949952882
2949952903,2949952926
2949953638,2949953640
2949953638,2949953642
2949953638,10130690426
2949953640,2949953643
2949953640,2949953638
2949953640,10130690440
2949953642,2949953638
10130690426,10130690423
10130690426,10130690446
10130690426,2949953638
10130690440,10130690433
10130690440,10130690423
10130690440,2949953640
2949953644,2949953643
2949953644,2949953645
2949953644,11816506910
2949953644,10130690433
11816506911,2949953643
2949953645,2949953644
2949953645,2949953646
2949953645,11816506909
2949953645,10130690428
11816506910,2949953644
10130690433,10130690428
10130690433,10130690440
10130690433,10130690445
10130690433,2949953644
2949953646,2949953645
2949953646,2949953647
2949953646,11816506908
2949953646,10130690417
11816506909,2949953645
10130690428,10130671015
10130690428,10130690417
10130690428,10130690433
10130690428,2949953645
2949953647,2949953646
2949953647,2949953648
2949953647,11816506907
2949953647,10130690419
11816506908,2949953646
10130690417,10130690428
10130690417,10130690431
10130690417,10130690419
10130690417,2949953646
11816506907,2949953647
10130690419,10130671011
10130690419,10130690417
10130690419,2949953648
10130690419,2949953647
11816506904,11816506901
11816506904,11816506903
11816506904,2949953648
2950756012,10130671011
2950756012,10130690431
2950756012,3902166168
10130671011,2950756016
10130671011,2950756012
10130671011,10130690419
10130690431,2950756012
10130690431,3902166174
10130690431,10130690417
3902166168,2950756012
3902166168,3902166161
3902166168,10217067688
2950756016,2950756017
2950756016,10130671011
2950756016,3902166165
2950756017,2950756018
2950756017,2950756016
2950756017,3902166167
3902166165,3902166161
3902166165,3902166167
3902166165,2950756016
3902166167,3902166165
3902166167,3902166169
3902166167,2950756017
2952534832,2952534938
2952534832,2952534938
2952534832,2952534947
2952534938,2952534939
2952534938,2952534832
2952534938,2952534832
2952534947,2952534832
2952534939,2952534953
2952534939,2952534938
2952534939,2952534944
2952534953,2952534939
2952534953,2952534957
2952534953,13420942464
2952534953,2952534955
2952534944,2952534945
2952534944,2952534955
2952534944,2952534939
2952534945,2952534944
2952534945,2952534955
2952534945,7864614755
2952534955,2952534956
2952534955,13420942469
2952534955,2952534944
2952534955,2952534945
2952534955,2952534962
2952534955,2952534953
7864614755,7864614773
7864614755,7864614737
7864614755,2952534945
2952534957,2952534962
2952534957,2952534953
2952534957,2952534963
13420942464,2952534953
2952534956,2952534955
13420942469,2952534962
13420942469,2952534963
13420942469,2952534955
2952534962,2952534963
2952534962,2952534957
2952534962,13420942469
2952534962,2952534955
2952534963,2952534962
2952534963,3266053546
2952534963,13420942473
2952534963,2952534957
2952534963,13420942469
13420942473,7864614713
13420942473,2952534963
13420942473,7864614717
2953159011,2953159019
2953159011,11802010883
2953159011,11802010883
11802010883,2953159019
11802010883,2953159011
11802010883,2953159011
2953159745,2953159753
2953159745,2953159738
2953159745,2953159028
2953159738,2953159745
2953159741,2953159755
2953159755,2953159741
2953159755,2953159753
2953159755,2953159757
2953159753,2953159745
2953159753,2953159750
2953159753,2953159755
2953159750,2953159753
2955011941,2955011937
2955011941,13395995415
2955011941,5314721868
2955011949,2955011937
2955011949,2955011957
2955011949,5314721868
13395995415,13395995415
13395995415,13395995415
13395995415,2955011941
5314721868,5314721867
5314721868,2955011941
5314721868,2955011949
2955011957,2955011949
2955011964,2955011965
2955011964,2955011966
2955011964,3901301609
2955011965,2955011964
2955011966,2955011964
2955011966,9393130736
2955011966,2955011972
9393130736,3616283281
9393130736,2955011966
9393130736,3616283282
2955011972,2955011966
2955011990,2955011974
2955011977,2955011976
2955011977,2955011981
2955011977,2955011975
2955011981,2955011985
2955011981,2955011977
2955011981,2955011975
2955011981,2955011994
2955011980,2955011976
2955011985,2955011981
2955011994,2955011981
2955011995,2955011998
2955011997,2955011998
2955012002,2955012001
2955012002,2955012003
2955012002,2955012000
2955012001,2955012002
2955012003,2955012002
2955096350,2955096364
2955096364,2955096351
2955096364,2955096374
2955096364,2955096350
2955096351,2955096364
2955096354,2955096362
2955096362,2955096354
2955096362,2955096390
2955096362,2955096374
2955096390,2955096409
2955096390,2955096362
2955096390,2955096374
2955096374,2955096364
2955096374,2955096362
2955096374,2955096390
2955096409,2955096390
2955096409,2955096416
2955096409,2955096408
2955096408,2955096413
2955096408,2955096413
2955096408,2955096409
2955096413,2955096408
2955096413,2955096408
2955096413,2955096417
2955096416,2955096409
2955096417,2955096413
2955096417,3641302420
2955096417,2955096420
2955096420,2955096417
2955096420,2955096419
2955096420,2955096421
2955096419,2955096420
2955096421,2955096420
9593088654,2963325413
2964397323,8480832140
2964397323,2964397318
2964397323,7277997737
7277997737,2964397327
7277997737,8758767183
7277997737,2964397323
2964397330,2964397329
2964397330,3540614207
2964397330,2964482039
3540614207,2964397330
3540614207,4642971470
3540614207,4642981469
2964482039,4642971469
2964482039,2964397330
4642971469,4642981469
4642971469,4642978408
2965113525,12042470593
2965113525,10309772406
2965113525,10309772408
12042470593,10705551843
12042470593,2965113525
12042470593,12042470595
10309772406,2965113525
10309772406,10309772403
10309772406,10705571376
10309772408,2965113573
10309772408,2965113525
10309772408,10309843209
2965113534,10683598806
2965113534,1184145901
10683598806,2965113534
10683598806,10307500125
10683598806,10683598809
10683598806,10683598816
2965113572,2965113573
2965113573,2965113572
2965113573,10309772408
2965113573,10309843261
2965113573,10309843209
10309843261,3055799306
10309843261,2965113573
10309843261,10309843260
10309843209,10309772407
10309843209,10309772408
10309843209,2965113573
2966596845,11752404929
2966596845,2966596854
2966596845,2966593200
2966596854,2966596873
2966596854,2966596845
2966596854,11752404920
2966596873,11752404930
2966596873,11752404916
2966596873,2966596854
11752404920,2966596854
11752404920,11752404917
11752404920,11950697757
11752404916,11752404917
11752404916,2966596915
11752404916,2966596873
2966596915,11725604886
2966596915,11950697760
2966596915,11752404916
11950697760,2966596921
11950697760,2966596915
11950697760,11950697757
11725604892,11725604893
11725604892,2966596916
11725604892,11725604886
2966596921,11950697760
2966596921,11032821822
2966596921,11752404946
11752404946,11752404942
11752404946,2966596921
11752404946,11752404948
11952068624,5079114020
11952068624,2966746331
11952068624,11952068627
2966748910,13580324221
2966748910,2966748923
2966748923,9599257940
2966748923,2966749538
2966749545,4397118116
2966749545,2966748919
2966748916,3063780266
2966748916,2966748910
2966748919,13593741306
2966748919,12377497649
13593741306,13593741247
13593741306,2966748919
13593741306,13593741323
12377497649,8734085643
12377497649,7933845642
9599257940,8734085644
9599257940,2966748923
9599257940,9599257927
2966749538,9599257936
2966749538,2811745352
9599257936,2966749538
9599257936,4397118116
9599257936,9599257935
2966749540,4955168485
2966749540,12377497645
4955168485,8734085600
4955168485,4955168484
4955168485,4955168733
12377497645,12377497652
12377497645,7933845648
2966751882,3163902068
2966751882,3362459476
3362459476,3362459478
3362459476,3163902088
4401460376,11673408581
4401460376,4401460375
4401460376,4872432096
7502786100,6505862943
7502786100,7502769683
7502786100,2966751885
3163902080,2966751899
3362459475,3897585942
2984635033,8830407690
2984635033,4375703894
4375703894,2984635046
2984635046,3978162854
2984635046,8830407706
2984635046,13208605595
3978162854,3974531363
3978162854,4262514176
4375703859,2984635052
4375703859,8783743579
4375703859,3974531254
3978162852,2984635052
2984635060,2984635061
2984635060,3974531357
2984635060,3974531254
3974531357,2245281765
3974531254,2984635060
3974531254,4375703859
3974531254,3974531363
2990708540,3282217467
2990708540,3282217468
2990708540,3620410237
3282217467,2990708540
3282217468,2990708540
3282217468,3282217469
3282217468,3316888585
9405126601,9405126600
9405126601,2990832329
9405126601,5176255685
9405126601,7653153502
10570938785,10570938784
10570938785,6485672474
2991097122,1596738205
2991097122,10078060638
10078060638,10110052335
3055799306,10309843265
3055799306,10309843264
3055799306,10309843261
3055799306,10309843260
3055799306,10309843259
3055799306,10705571376
10309843265,3055799306
10309843265,10309843260
10309843265,10309843259
10309843265,3055799330
10309843264,3055799309
10309843264,3055799306
10309843264,10309843259
10309843260,10309843265
10309843260,10309843261
10309843260,3055799306
10309843260,10309843262
10309843259,3055799306
10309843259,10309843264
10309843259,10309843265
10309843259,10705571372
10309843259,3055799317
10705571376,10309772403
10705571376,10309772406
10705571376,3055799306
3055799317,3055799309
3055799317,3055799315
3055799317,10309843259
3055799315,10705571381
3055799315,3055799309
3055799315,3055799317
10705571381,3055799315
10705571381,10705571379
10705571381,10705571380
3055799326,10307447227
3055799326,10705571379
10307447227,1519108954
10307447227,10307447225
10705571379,10705571381
10705571379,3055799326
10705571379,10705571380
3055799329,10705571365
10705571365,3055799329
10705571365,3055799330
10705571365,10705571366
3055799330,10705571365
3055799330,10309843265
3055799330,10705571370
10705571370,3055799332
10705571370,10705571366
10705571370,3055799330
3055799332,10705571370
3055799332,10705571316
3055799332,10705571364
10705571316,10705571313
10705571316,3055799332
10705571316,10705571319
10705571364,3055799332
10705571364,3055799733
10705571364,10705571363
3055799733,10705571364
3055799733,10705571328
3055799733,10705551893
10705571328,3055799733
10705571328,10705571339
10705571328,10705571329
10705551893,10707388340
10705551893,10705551892
10705551893,3055799733
3055799734,6002576186
3055799734,10707388340
3055799734,10309843362
6002576186,3055799734
6002576186,10309843311
6002576186,10309772401
10707388340,3055799734
10707388340,10705551893
10707388340,10707388337
10309843362,3055799734
10309843362,10309843363
10309843362,13534179737
3055799735,10722255874
3055799735,10309843311
10722255874,1519108964
10722255874,10722255872
10309843311,3055799735
10309843311,10309843309
10309843311,6002576186
6952381287,6952381288
6952381287,253819135
10240272772,696933738
10240272772,10240272768
13389430173,13389430167
13389430173,13389430174
3070313800,3078227130
3070313800,3803062440
3078227130,3080256575
3078227130,3078227131
3070313801,3078227132
3078227132,3078230233
3078227132,3070313801
3078227132,3078230246
3075233158,3075233154
3080256575,3078227130
3080256575,3080256576
3080256575,3078227101
3080256576,3080256575
3080256576,3078227101
3080256576,3078230233
3078227131,10554801750
3078227131,3070313801
10554801750,3078227131
10554801750,10554801797
10554801750,3078230245
3078230233,3078230234
3078230233,3078227132
3078230233,3080256576
3078230247,3078230246
3078230247,3078230234
3078230247,10304931425
3087980363,3087980364
3087980363,3088018006
3087980363,3088018005
3087980364,3087980363
3088018006,3088018010
3088018006,3088018007
3088018006,3087980363
3088018005,3088018017
3088018005,3087980363
3088018005,3088018004
3088018001,3088017990
3088018003,3088018004
3088018017,3088018005
3088018010,3088018006
3088018007,3088018013
3088018007,3088018008
3088018007,3088018006
3088018013,3088018007
3088018008,3088018009
3088018008,3088018007
3088018008,3088018016
3088018016,3088018008
3088018015,3088018009
3088018018,3088018011
3088018019,3088018014
11725484228,3110815206
11725484228,5326005229
11725484228,11725484229
13538566902,13538566903
13538566902,3163887264
13538566902,3112399680
3149485832,3362495804
3149485832,11749810289
3362495804,3362495809
3362495804,3163902462
11749810289,11749810290
11749810289,3163902098
11749810289,3149485832
6432101332,6432101315
6432101332,5040519785
6432101332,8734057994
5040519786,3163887262
5040519786,732923842
3163887262,732923842
3163887262,5040519777
3163887262,3781630158
5040519777,5040519778
5040519777,6432101316
5040519777,6432101316
3781630158,3163887262
3781630158,8734057954
3781630158,3781630161
3897652793,3897652794
3897652793,3163887263
3897652793,3897652792
3163887264,3897647516
3163887264,13538566902
3897647516,8734057981
3897647516,5040519785
3163887266,4983889580
3163887266,4983889581
4983889580,3163887263
4983889581,4983889580
4983889581,732923825
5040519788,732923842
5040519788,3163887262
3163902061,3163902086
3163902086,2966751882
3163902086,3163902088
3163902062,3897585924
3163902062,11673407048
3897585924,3163902061
3897585924,3362459475
3163902063,3897585919
3163902063,3163902061
3897585919,3163902062
3897585919,3897585924
3163902065,3163902063
3163902067,3897585918
3163902067,3163902065
3897585918,274778177
3897585918,3897585917
3163902074,3897586016
3163902074,3163902076
3897586016,3163902075
3897586016,3897586018
3163902076,3309823045
3163902075,3897586018
3163902075,3309825613
3897586018,3897586026
3897586018,3163902076
3309825613,3897586044
3309825613,3163902075
3309823045,3897586017
3309823045,3309823032
3163902077,3897598576
3163902077,3163902079
3897598576,3163902470
3897598576,3897598574
3163902079,3309823005
3309823005,3897586008
3309823005,3163902099
3163902088,11770061964
11770061964,11770061965
11770061964,11770061962
3163902098,3897586009
3163902098,11749810289
3897586009,3163902099
3897586009,3897586010
3163902099,3163902074
3163902101,3897598583
3163902101,3163908762
3163902101,3897598581
3897598583,3309823032
3897598583,3897598581
3163908762,5227068218
3163908762,3163902101
3163908762,4415327531
3897598581,3897598577
3163902462,1600769070
3362495803,3149485832
3362495803,3362495804
3897598574,3897598571
3897598574,3163902079
4415327531,4415327530
4415327531,6703434186
4415327531,3163908762
5264718504,5264718501
5264718504,3184940587
5264718504,5264718503
4384534861,3184940587
4384534861,5264718503
4384534861,4384534865
5054573388,3185110561
5054573388,5054573339
5054573388,5054573374
12061886713,3185110561
12061886713,5054573376
12061886713,10719110147
10719110119,10719110110
10719110119,3188487767
10719110119,10719110116
10719110115,4154384429
10719110115,10719110116
10719110115,3188487767
3191435019,3191435018
3193024787,13346245739
3193024787,3193024786
3193024787,3193024789
3193024788,3193024786
3193024789,3193024787
3200067561,3200067563
3200067562,3200067662
3200067662,3200067563
3200067662,3200067564
3200067662,3200067562
3200067564,3200067662
3200067564,3200067863
3200067564,3200067661
3200067863,3200067564
3200067863,3200067566
3200067863,3200067761
3200067661,3200067564
3200067566,3200067863
3200067566,3200067865
3200067566,3200067861
3200067865,3200067566
3200067865,3200067862
3200067865,3200067962
3200067861,3200067566
3200067761,3200067863
3200067762,3200067866
3200067862,3200067865
3200067864,3200067962
3200067962,3200067864
3200067962,3200067865
3200067962,3200067866
3201772590,3207287865
3201772590,3201772608
3201772590,12104961725
3201772590,8235910175
3207287865,3201772590
3207287865,8235910174
3207287865,12104961719
12104961725,3201772609
12104961725,3201772590
12104961725,12104961719
8235910175,3201772590
8235910175,3201772591
8235910175,8235910174
3201772591,3207287863
3201772591,8235910175
3201772591,3201772607
3201772607,3201772630
3201772607,3201772608
3201772607,3201772591
8235937962,3201790722
8235937962,3201772592
8235937962,8235937966
3201790725,3201790723
3201790725,3201790726
3201790725,3201772593
3201772594,3201790707
3201772594,3201772595
3201772594,3201790722
3201790707,3201772597
3201790707,3201772594
3201790707,3201790708
3201772595,3201790708
3201772595,3201790723
3201772595,3201772596
3201772595,3201772594
3201790722,3201790723
3201790722,3201772594
3201790722,8235937962
3201790708,3201772598
3201790708,3201772595
3201790708,3201790710
3201790708,3201790707
3201772596,3201772595
3201772596,3201790710
3201772596,3201790726
3201790710,3201790711
3201790710,3201790708
3201790710,3201772599
3201790710,3201772596
3201790726,3201790727
3201790726,3201772596
3201790726,3201790725
3201772597,3201790707
3201772597,3201772598
3201772597,3201790706
3201772598,3201790705
3201772598,3201790708
3201772598,3201772599
3201772598,3201772597
3201790706,3201790705
3201790706,3201772600
3201790706,3201772597
3201790705,3201772601
3201790705,3201772598
3201790705,3201790706
3201790705,3201790704
3201772599,3201790720
3201772599,3201772598
3201772599,3201790704
3201772599,3201790710
3201790720,3201790711
3201790720,3201790701
3201790720,3201790719
3201790720,3201772599
3201790704,3201790705
3201790704,3201790703
3201790704,3201772599
3201772600,8235937971
3201772600,3201772601
3201772600,3201790706
8235937971,3201790687
8235937971,3201772600
8235937971,8235937967
3201772601,3201790688
3201772601,3201790705
3201772601,3201772602
3201772601,3201772600
3201790688,3201772604
3201790688,3201772601
3201790688,3201790689
3201790688,3201790687
3201772602,3201772601
3201772602,3207287874
3201772602,3201790703
3207287874,3201790698
3207287874,3201790689
3207287874,3201772602
3201790703,3201790702
3201790703,3201772602
3201790703,3201790704
3201772603,3201772604
3201772603,3201772630
3201772603,3201790687
3201772604,3201772631
3201772604,3201790688
3201772604,3201772606
3201772604,3201772603
3201772630,3201772607
3201772630,3201772631
3201772630,3201772603
3201790687,8235937971
3201790687,3201790688
3201790687,3201772603
3201772631,3201772608
3201772631,3201772604
3201772631,3201772632
3201772631,3201772630
3201772606,3201772604
3201772606,3201772617
3201772606,3201790690
3201772617,3201772618
3201772617,3201772632
3201772617,3201772606
3201790690,3201790691
3201790690,3201772606
3201790690,3201790689
3201772609,3201772616
3201772609,12104961725
3201772609,3201772611
3201772611,3201772612
3201772611,3201772616
3201772611,3201772609
3201772611,8255515470
3201772612,3201772628
3201772612,3201772622
3201772612,3201772613
3201772612,3201772611
3201772628,3201772627
3201772628,3201772612
3201772628,3201772629
3201772615,3201772624
3201772615,3201772623
3201772615,3201772613
3201772626,3201772627
3201772626,3201772624
3201772626,3201772620
3201772626,3201772613
3201772624,3201772621
3201772624,3201772615
3201772624,3201772626
3201772618,3201790691
3201772618,3201772627
3201772618,3201772617
3201772618,3201772620
3201772632,3201772631
3201772632,3201772629
3201772632,3201772617
3201790691,3201790692
3201790691,3201772618
3201790691,3201790690
3201772627,3201772618
3201772627,3201772628
3201772627,3201772626
3201772620,3201772621
3201772620,3201772618
3201772620,3201790693
3201772620,3201772626
3201772621,3201790694
3201772621,3201772624
3201772621,3201772620
3201790693,3201790694
3201790693,3201790692
3201790693,3201790697
3201790693,3201772620
3201790694,3201790695
3201790694,3201772621
3201790694,3201790693
3201772629,3201772628
3201772629,8255515470
3201772629,3201772632
3201790689,3201790688
3201790689,3201790690
3201790689,3207287874
3201790692,3201790698
3201790692,3201790691
3201790692,3201790693
3201790698,3201790702
3201790698,3201790692
3201790698,3207287874
3201790698,3201790697
3201790697,3201790698
3201790697,3201790695
3201790697,3201790700
3201790697,3201790693
3201790695,3201790699
3201790695,3201790694
3201790695,3201790697
3201790700,3201790701
3201790700,3201790699
3201790700,3201790719
3201790700,3201790697
3201790702,3201790701
3201790702,3201790698
3201790702,3201790703
3201790701,3201790720
3201790701,3201790702
3201790701,3201790700
3201790719,3201790717
3201790719,3201790720
3201790719,3201790713
3201790719,3201790700
3201790711,3201790712
3201790711,3201790720
3201790711,3201790710
3201790712,3201790727
3201790712,3201790711
3201790712,3201790713
3202307358,3202307356
3207287437,3207287438
3207287437,3207287447
3207287437,12106422178
3207287438,3207287439
3207287438,3207287437
3207287438,3207287447
3207287447,3207287452
3207287447,3207287438
3207287447,3207287437
3207287439,3207287440
3207287439,3207287438
3207287439,3207287452
3207287440,3207287439
3207287440,3207287456
3207287440,3207287448
3207287452,3207287447
3207287452,3207287453
3207287452,3207287439
3207287456,3207287453
3207287456,3207287440
3207287456,3207287448
3207287448,12111431790
3207287448,3207287456
3207287448,3207287440
12111431790,3207287448
12111431790,3207287458
12111431790,12111431789
3207287450,5645347467
3207287450,3207287458
3207287450,12111434622
3207287450,12111431789
5645347467,3207287450
3207287458,3207287450
3207287458,5645347470
3207287458,12111431790
12111434622,6916629472
12111434622,12111431789
12111434622,3207287450
12111431789,3207287450
12111431789,12111431790
12111431789,12111434622
3207287453,3207287452
3207287453,3207287456
3207287453,3207287455
8393239330,3207287455
8393239330,5645347475
8393239330,8393239332
5645347470,3207287458
5645347470,3309822993
5645347470,12111434629
5645347470,5645347468
8235910174,3207287865
8235910174,3207287863
8235910174,8235910175
8235910174,12104961720
3207287867,5076733780
3207287867,3207287872
3207287867,3207287864
3207287867,8810916677
12104961719,12104961720
12104961719,3207287865
12104961719,12104961725
3210623582,3210623274
3210623582,3211000077
3211000077,8242933610
3211000077,3211000074
10304785699,3210623963
3616221378,3616221373
3616221378,1016736198
5041494352,5041494350
5041494352,3901301578
3220948567,13042496945
3220948567,3220957373
3220948567,9823802327
13042496945,3220948567
13042496945,13042496938
13042496945,11189806159
9823802327,3330013284
9823802327,3540614222
9823802327,3220948567
3220957475,4386109061
3220957475,3220957373
3220957475,4386109065
4262498705,4262498706
4262498705,13301471596
4262498705,13301471595
4262498705,3220957373
4386109061,3220957475
4386109065,11189806167
4386109065,3330013243
4386109065,3220957475
3231556672,3231556686
3231556686,3231556675
3231556686,3231556672
3231556686,3231556693
3231556675,3231556686
3231556682,12083996891
12083996891,3231556682
12083996891,3231556693
12083996891,12083996893
3231556693,12083996891
3231556693,3231556686
3231556693,3231556708
3231556708,3231556697
3231556708,3231556693
3231556708,12085970422
3231556697,12085970443
3231556697,3231556708
3231556697,3231556699
12085970443,12085970445
12085970443,3231556697
12085970443,12085970444
3231556699,12085970431
3231556699,3231556697
3231556699,3231556710
12085970431,3231556710
12085970431,3231556699
12085970431,12085970432
3231556710,12085970431
3231556710,3231556699
3231556710,12085970435
12085970422,12085970415
12085970422,3231556708
12085970422,12085970429
12085970435,3231556710
3234466670,3234466714
13415448492,3242230486
13415448492,13415448494
13415448492,13415448493
13415448498,3242230491
13415448498,13399406360
13415448498,13415448497
3242230518,8235937984
3242230518,10080203010
3242230518,10080203005
8235937984,8411357207
8235937984,3242230518
10080203010,10080203036
10080203010,10080203009
10080203010,3242230518
10080203005,3242230518
3257547984,3257548007
3257548007,12085970458
3257548007,12085970445
3257548007,3257547984
12085970458,12085970460
12085970458,3257548007
12085970458,12085970459
12085970445,3257548007
12085970445,12085970443
12085970445,12085970457
3259705344,3259705339
3259705344,3259705346
3259705344,3259705338
9629048061,3259705343
3259829945,3259829946
3259829945,3259829949
3259829945,3259829947
3259829946,6975364742
3259829946,13529160669
3259829946,3259829945
3259829947,3259829950
3259829947,253827828
3259829950,3259829949
3259829958,3259831163
3259831163,3259829958
3259831163,9719988843
3259831163,10311656536
9719988843,9719988846
9719988843,10565052975
9719988843,3259831163
10311656536,13529160670
10311656536,13529160670
10311656536,3259831163
3259831183,3259831205
3259831205,3259831183
3259831205,10311656552
3259831205,10311656551
3259831201,3406665782
3259831201,3259831215
3259831201,8491423717
3406665782,3259831201
3406665782,3406665781
3406665782,5251336455
10311656551,3259831205
10311656551,10311656550
10311656551,10311656524
3259831247,3259831242
8287525415,3261403441
8287525415,8287539728
11504343401,9288468444
11504343401,3264413776
11504343401,11504343403
3264413782,3264413795
3264413795,9288424597
3264413795,9288424600
3264413795,3264413782
3264413795,3264413796
3264413793,3264413796
3264413796,3264413793
3264413796,3264413808
3264413796,3264413795
9288424597,3264413797
9288424597,3264413795
9288424597,9288424595
3264413808,9288424600
3264413808,3264413796
3264413808,3264413806
3264413797,9288424597
3264413806,3264413802
3264413806,3264413802
3264413806,3264413808
10964928051,10964928046
10964928051,3264413836
10964928051,10964928045
7864614713,13420942473
7864614713,7864614717
7864614713,3266053546
10554837130,10554837129
10554837130,3266074380
10554837130,10554837127
3282217469,3282217468
3282217471,3282217470
3282217473,3282217472
3282371765,3282363106
3282371765,3282371766
3282371765,3282371767
3282371766,3282371765
3282371767,3282371765
3316917347,9402677713
3316917347,3282396825
3316917347,8463594954
12452840630,3978167416
12452840630,12452840644
12452840630,3298953352
3298954573,4609578282
3298954573,4510274563
3298954573,4609578259
3301101292,3301101294
3301101292,3779763069
3301101292,3301101297
3301101294,3301101292
3301101294,3301101299
3301101294,5938613793
3301101297,3301101292
3301101299,3301101294
5938613793,5938613794
5938613793,5938613795
5938613793,3301101294
10311753752,10537901317
10311753752,12795111015
10537901318,3301101326
10537901318,10537901317
10537901318,10537901352
3301101341,3301101349
3301101351,3301101349
3301101351,10549097803
3301101351,3301101353
3301101350,3301101353
3301101353,3301101356
3301101353,3301101350
3301101353,3301101351
3301101356,3301101353
10296958913,5940408334
10296958913,3302702104
10296958913,10296958912
10296922334,10296922330
10296922334,3302702105
10296922334,10296922332
5940408334,10296958913
5940408334,5940408330
5940408334,10296922391
5940408334,3302702105
9775274111,7704626568
9775274111,9775274108
9775274111,3306192177
12111434638,3309822971
12111434638,3309822972
12111434638,12111434635
8235937972,3309822986
8242847229,12106422175
8242847229,3309822986
8242847229,8242847232
3309822992,5645347468
3309822996,4401542896
3309822996,3309822993
3309822997,8393239335
3309822997,4401542896
3309822997,8259387075
8393239335,3309823001
8393239335,3309822997
8393239335,8393239336
8259387075,8259387072
8259387075,8259387074
8259387075,3309822997
8393239336,8393239339
8393239336,3309823001
3897586008,3163902098
3897586008,3897586009
3309823032,3163902077
3897586017,3163902101
3897586017,3897598583
3309825421,3309825427
3309825427,3309825563
3309825427,3309825421
3309825427,3309825562
3309825563,3309825427
3309825562,3309825452
3309825562,8252011732
3309825562,3309825427
3309825562,8613507695
3309825452,3309825562
3309825452,8613507696
3309825452,12087936082
8613507696,12087936076
8613507696,3309825452
8613507696,8613507695
12087936082,3309825452
8613507695,3309825562
8613507695,8613507696
8613507695,8613507700
3897586044,3309825619
3897586044,3897586037
3309825616,3309825622
3309825616,3897586041
3897586041,732923812
3897586041,3897586045
3309825619,3309825616
3309825624,3309825619
3309825624,3897586046
3897586046,3309825613
3897586046,3897586044
3316917317,3316917320
3316917345,9402677715
3316917345,9402677713
3316917345,3316917346
9402677713,3316917345
9402677713,3316917347
9402677713,9402677714
3316917346,3316917345
3320199070,5843651824
3320199070,3320199072
3320199070,3320199079
5843651824,5843651814
5843651824,3320199070
5843651824,5843651823
3320199079,3320199070
3320199079,3320199091
3320199079,3320199072
3320199077,5843651833
3320199077,11994505910
3320199077,12037848140
5843651833,3320199092
5843651833,3320199077
5843651833,5843651819
5843651833,11994505912
11994505910,3320199077
11994505910,12037848136
11994505910,11994505911
12037848140,3320199077
12037848140,3320199108
12037848140,12037848142
12037848140,5843651819
3320199091,3320199104
3320199091,3320199079
3320199091,3320199095
3320199101,3320199109
3320199109,3320199120
3320199109,5843651817
3320199109,3320199101
3320199105,3320199108
3320199108,5843651817
3320199108,12037848140
3320199108,3320199105
5843651817,3320199108
5843651817,3320199109
5843651817,5843651818
5843651817,5843651819
3320199120,3320199109
3320199130,3320199128
3320199130,3320199131
3320199130,3320199151
3320199140,3320199139
3320199140,3320199144
3320199140,3320199129
3320199136,3320199145
3320199136,3320199129
3320199136,3320199142
3320199131,3320199130
3320199131,3320199133
3320199131,3320199152
3320199133,3320199131
3320199133,3320199134
3320199133,3320199153
3320199152,3320199153
3320199152,3320199151
3320199152,3320199131
3320199152,3320199168
3320199134,3320199133
3320199134,3320199135
3320199134,3320199154
3320199153,3320199154
3320199153,3320199152
3320199153,3320199133
3320199153,3320199169
3320199135,3320199134
3320199135,3320199137
3320199135,3320199155
3320199154,3320199155
3320199154,3320199153
3320199154,3320199134
3320199154,3320199170
3320199145,3320199144
3320199145,3320199146
3320199145,3320199159
3320199145,3320199136
3320199138,3320199137
3320199138,3320199139
3320199138,10260524825
3320199139,3320199138
3320199139,3320199140
3320199139,3320199166
10260524825,3320199138
10260524825,3320199164
10260524825,10260524818
3320199166,3320199164
3320199166,3320199139
3320199166,3320199161
3320199144,3320199140
3320199144,3320199145
3320199144,3320199161
3320199146,3320199145
3320199146,3320199142
3320199146,10881721184
3320199161,3320199144
3320199161,3320199159
3320199161,3320199166
3320199159,3320199145
3320199159,3320199161
3320199159,10881721184
10881721184,3320199146
10881721184,3320199159
10881721184,10881721186
3320199168,3320199169
3320199168,3320199167
3320199168,3320199152
3320199169,3320199153
3320199169,10260524729
3320199169,3320199168
3320199170,3320199154
3320199170,3320199171
3320199170,10260524729
3320199164,3320199173
3320199164,3320199166
3320199164,10260524825
10260524738,3320199167
10260524738,10260524731
10260524738,10260524736
10260524729,3320199170
10260524729,3320199169
10260524729,10260524732
9924841908,5031707173
9924841908,3320199179
9924841908,9924841911
12037851844,3320199179
12037851844,12037851829
12037851844,12037851860
3324782544,10922089165
10922089165,3324782550
10922089165,3324782544
10922089165,10922089166
3324782550,10922089165
3324782550,10309843372
3324782550,6002574484
10309843372,10705551849
10309843372,3324782550
10309843372,3324782554
6002574484,3324782550
6002574484,10309772401
6002574484,6002574480
3324782554,3324782556
3324782554,10309843372
3324782554,3324782555
3324782556,3324782554
3324782555,3324782554
10309843371,3324782557
10309843371,10309843377
10309843371,10309843369
10705551849,10309843372
10705551849,10705551848
10705551849,3324782557
3324782558,3324782559
3324782558,9488120017
3324782558,4581517374
3324782559,3324782560
3324782559,3324782558
3324782559,3324783566
9488120017,8211384948
9488120017,3324782558
9488120017,9488120018
3324782560,3324782559
3324783566,3324782559
3328325919,3898186350
3328325919,5266039139
3328325919,5265697957
3898186350,3328325919
3898186350,5265697950
3898186350,3898186458
5266039139,3898186344
5266039139,5265700023
5266039139,3328325919
5266039139,5265698013
5265697950,3328325921
5265697950,3898186350
5265697950,5265697957
5265697950,5266039140
3328339435,5266039140
3328339435,3898186459
3328339435,3328325921
3328339432,13288027911
3328339432,13288027921
3328339432,3328325921
3328325926,5266039138
3328325926,3816136040
3328325926,5266039137
5266039138,3328325926
5266039138,3898186458
5266039138,5265700028
5266039138,5265698013
3816136040,5265700028
3816136040,3816136042
3816136040,3328325926
5266039137,5265698013
5266039137,5265700038
5266039137,3328325926
5266039137,3816136029
3331976162,3331976153
3331976162,3328325934
3331976162,5265700028
3898186465,3816136047
3898186465,3816136042
3898186465,3328325934
5266039140,3328339435
5266039140,3331976153
5266039140,3898186458
5266039140,5265697950
3331976153,3898186459
3331976153,5266039140
3331976153,3331976162
3331976153,3328339438
9775273972,9775273975
9775273972,9775266573
9775273972,3329518959
10549097758,3329518959
10549097758,10549097761
10549097758,5246056850
3329518967,10131359667
3329518967,10549097778
3329518967,10131359639
10131359639,10131359638
10131359639,10131359642
10131359639,3329518967
3330013243,4386109065
3330013243,11201124910
3330013243,13291341936
11201124910,3330013243
11201124910,11189806163
11201124910,13291341935
13291341936,13291341938
13291341936,13291341935
13291341936,3330013243
3330013244,13301471594
3330013244,11189806165
3330013244,3330013287
13301471594,3330013244
13301471594,3540614214
13301471594,13301471595
11189806165,13291589658
11189806165,3330013244
11189806165,13301471596
3330013287,3330013244
3330013259,4386109067
3330013259,3540614217
3330013259,3330014299
4386109067,3330013265
4386109067,3330013259
4386109067,13291589660
3540614217,3330013259
3540614217,13291554277
3540614217,3540614233
3330014299,3330013259
3330013265,13291554271
3330013265,4386109067
3330013265,13291323150
13291554271,13291554269
13291554271,3330013265
13291554271,13291589660
13291323150,3540614233
13291323150,3540614241
13291323150,3330013265
3330013278,13291341938
13291341938,3330013278
13291341938,13291341936
13291341938,13291341937
3330013283,11189806155
3330013283,7134199952
3330013283,11602920589
11189806155,4642937654
11189806155,3330013283
11189806155,13301733227
7134199952,13301733226
7134199952,3330013283
7134199952,7134199955
11602920589,13301733225
11602920589,3330013283
11602920589,11602920587
3330014307,3330013284
3330013285,4642937655
3330013285,4642937654
3330013285,13301733284
4642937655,13301733286
4642937655,3330013285
4642937655,11602920596
4642937655,13301733284
4642937654,3330013285
4642937654,11189806155
4642937654,4642937648
13301733284,13421201980
13301733284,3330013285
13301733284,4642937655
3330013288,3330013290
3330013288,13301733286
3330013288,13301733248
13301733286,3330013288
13301733286,4642937655
13301733286,13421201984
13301733248,3330013288
13301733248,13301733241
13301733248,13301733251
13301733274,13301733247
13301733274,3330013290
13301733274,13301733266
13301733266,13301733265
13301733266,3330013292
13301733266,13301733274
13301733261,3330014317
13301733261,3330014294
13301733261,13301733265
3330014316,3330014305
3330014315,7134199955
3330014315,7134199951
3330014315,13301746306
7134199955,3330014319
7134199955,3330014315
7134199955,7134199952
13301746306,13301746307
13301746306,3330014315
13301746306,13301733223
3330014317,13301733261
3330014317,13301733260
3330014317,13301746362
13301746362,3540614237
13301746362,3330014317
3330014319,13301733233
3330014319,7134199955
3330014319,13301733228
13301733233,3330014321
13301733233,3330014319
13301733233,13301733231
13301733228,13301733226
13301733228,3330014319
13301733228,13301733259
3330014322,3540614232
3330014322,13301733241
13301733235,13301733252
13301733235,3330014321
13301733235,13301733255
13301733235,13301733231
13301733241,13301733248
13301733241,3330014322
13301733241,13301733251
13301733241,13301733255
3330014323,13301733247
3330014323,3330014324
13301733247,13301733274
13301733247,3330014323
13301733247,13301733251
3330014324,13301746362
3330014324,13301733265
13301733265,13301733266
13301733265,3330014324
13301733265,13301733261
5265700028,3816136040
5265700028,3331976162
5265700028,3816136042
5265700028,5266039138
3539495210,3935559383
3539495210,3331976190
3539495210,13161982546
3539495210,12452837486
3334224798,3334224799
3334224798,4438231232
3334224798,6207354254
3334224798,6285586946
3334224799,618628884
3334224799,3334224800
3334224799,3334224798
4438231232,4438231231
4438231232,3334224798
4438231232,4438231226
6207354254,3334224798
6285586946,6285586964
6285586946,8734045654
6285586946,3334224798
9599257945,3334224800
9599257945,9599257922
3897585942,2966751882
3897585942,3897588438
3362459478,11770061962
3362459477,3897585926
3362459477,11770061965
3897585926,830288817
3897585926,3897585918
11770061965,3163902067
11770061962,3362459477
11770061962,6110515395
3362495797,3362495798
3362495797,828166953
3362495809,3362495808
3897585954,3897585956
3897585954,7599637058
3362495808,3897585968
3362495808,2966751899
3362495812,3362495803
3362495812,11749810290
11749810290,11749810289
11749810290,3897586010
11749810290,4294558955
3383437134,3383437135
3383437134,6970205185
3383437134,6970156783
3383437134,3383437132
3383437135,3383437134
3383437135,6970156784
3383437135,6970156783
3383437135,5012466354
6970205185,3383437134
6970156783,3383437134
6970156783,3383437135
6970156783,9727654538
6970156784,3383437135
11901204690,3383437149
11901204690,3383437155
11901204690,11901204692
4764722771,3383437153
3383437155,3383437156
3383437155,3383437153
3383437155,11901204690
5251336455,3406665781
5251336455,3406665782
5251336455,5251336456
3489341393,3489341394
3489341393,10096985892
3489341393,9931630216
10073767129,3489341394
10073767129,3489341395
10073767129,10073148187
3489341400,3489341395
3489341400,10073767395
3489341400,3489341404
3489341404,3489341404
3489341404,3489341404
3489341404,3489341400
3489341469,3489341496
3489341469,3489341487
3489341469,3489341439
3489341477,3489341441
3489341496,3489341469
3489341487,7629806883
3489341487,3489341528
3489341487,3489341469
7629806883,3489341548
7629806883,3489341487
7629806883,7623929886
3489341528,10096985915
3489341528,3489341514
3489341528,3489341487
3489341499,3489341514
3489341514,3489341499
3489341514,3489341525
3489341514,3489341508
3489341514,3489341528
3489341525,3489341514
10096985915,10096985868
10096985915,10096985781
10096985915,3489341528
3489341640,3489341642
3489341640,3489341644
3489341640,3489341604
10096985781,10096985742
10096985781,10096985915
10096985781,3489341619
3489341624,10096985767
3489341624,10096985795
3489341624,10096972891
10096985767,10096985682
10096985767,3489341624
10096985767,10096985721
10096985795,10096985868
10096985795,3489341624
10096985795,10096985835
3489341642,3489341640
3489341644,3489341640
10096985772,10096985665
10096985772,3489341653
10096985772,10096985862
10096985759,3489341653
3489341678,3489341683
3489341678,13351837946
3489341678,13351837948
13351837946,3489341678
13351837948,3489341678
13351837956,13351837958
13351837956,3489341683
13351837956,13351837957
8463595285,3489341684
8463595285,3489341793
8463595285,8463595284
8463595287,3489341688
8463595287,3489341684
8463595287,8463595284
3489341685,3489341688
3489341685,3489341691
3489341685,3489341684
3489341688,3489341690
3489341688,3489341685
3489341688,8463595287
3489341691,3489341690
3489341691,3687872119
3489341691,3489341685
3489341690,3489341691
3489341690,3489341692
3489341690,3489341688
3687872119,3489341795
3687872119,3489341691
3687872119,3489341692
3489341818,3489341823
3489341818,3489341823
3489341818,3489341812
3489341823,3489341827
3489341823,3489341818
3489341823,3489341818
8733964605,8733964577
8733964605,8733964583
3489341837,3489341838
3489341837,3489341844
3489341837,3540582139
3489341844,3489341847
3489341844,3489341837
3489341844,3540582139
3540582139,3489341859
3540582139,3489341837
3540582139,3489341844
3489341847,3489341844
3489341847,3489341854
3489341847,3489341859
3489341859,3540582139
3489341859,3489341863
3489341859,3489341847
3489341855,3489341853
3489341855,3489341863
3489341855,3489341863
3489341863,3489341859
3489341863,3489341855
3489341863,3489341855
3489341870,8733964573
3489341870,3489341854
5046708251,3489341880
5046708251,5046708246
5046708251,5046708247
8733945386,8733945387
8733945386,3489341880
8733945386,9767153578
3489341882,3489341896
3489341896,1032159736
3489341896,3489341898
3489341896,3489341882
3489341891,3489341887
3489341891,5046621130
3489341891,3489341899
5046621130,5046621132
5046621130,5046621129
5046621130,3489341891
10090479078,10090464411
10090479078,3518916780
10090479078,10090478948
10090479014,10090478971
10090479014,10090464411
10090479014,3518916780
3521078833,11130722938
3521078833,3521078855
3521078833,9043639462
3521078855,3521078833
3521078855,11036305149
3521078855,11036305148
9043639462,3521078833
9043639462,9162139485
11036305149,3521078855
11036305149,3935559376
11036305149,11036305151
11036305148,11036305151
11036305148,11036305126
11036305148,3521078855
3521701226,5041493818
3521701226,3524177098
3521701226,3616221370
5041493818,5041493819
5041493818,5041494324
3524177098,3524177101
3524177098,3524177097
3616221370,3593340055
3616221370,3524177097
3523002450,4960422286
3523002450,4960422287
4960422286,5041494356
4960422286,3521701226
4960422299,3901301566
4960422299,4960422295
3901301566,2511773716
4969796616,3901301560
4969796616,4494731066
3523002444,4960428492
3523002444,732923789
4960428492,9095739288
4960422287,3901301574
4960422287,4960422289
3524177097,3593340054
3524177097,3524177098
3524177097,4724605281
3593340054,5041494324
3593340054,3593340063
3524177101,5041493818
3524177101,5041494324
5041494324,3901301576
5041494324,5041494323
3533935476,3533935464
3533935476,12509044302
3533935472,3533935464
3533935477,12509044302
3537202195,3537202091
3539495091,3539495197
3539495193,3539495197
12452837486,3539495210
4642971470,4642971475
4642971470,13466617755
4642971470,3540614207
4642981469,11602920587
4642981469,3540614207
3540614212,5266039124
3540614212,3540614219
3540614212,12841991147
5266039124,3540614212
3540614219,3540614220
3540614219,3540614218
3540614219,3540614212
3540614214,13301471594
3540614214,11189806167
3540614214,3540614231
11189806167,3540614214
11189806167,4386109065
11189806167,11189806166
3540614231,9039588764
3540614231,9143452492
3540614231,3540614214
3540614231,3540614233
13291554277,3540614217
13291554277,13291589658
13291554277,13291589659
3540614233,13291323150
3540614233,3540614231
3540614233,3540614217
3540614226,3540614218
5266038618,5266038620
5266038618,3540614220
5266038618,5266038619
3540614222,9823802327
3540614222,13291554269
3540614222,3540614241
13291554269,3540614222
13291554269,13291554271
13291554269,13291554270
3540614241,9039588760
3540614241,3540614222
3540614241,13291323150
9039588764,3540614231
9039588764,1021993593
3540614237,836332162
3540614237,3540614246
3540614237,6946012970
3540614240,3540614248
3540614248,3540614240
3540614248,3925367916
3540614248,11819788428
9039588760,3540614241
9039588760,13291314480
9039588760,9039588762
3540614247,3540614250
3540614250,3540614247
3540614250,3540614254
3540614250,11819788428
3925367916,3540614248
3925367916,10706757669
11819788428,3540614248
11819788428,3540614250
11819788428,11819788427
3540614254,3540614250
3540614254,3540614256
3540614254,10706759351
3816282398,3898186344
3816282398,3816282397
3816282398,5265700023
3540614256,3540614254
3540614256,3925367919
3540614256,3925367924
3925367919,3925367922
3925367919,10706759351
3925367919,3540614256
3925367919,9991554919
3925367924,3902225713
3925367924,3540614256
3925367924,9996021803
8946026354,8946026355
8946026354,8548181448
3578465190,11796139946
3578465190,11812617252
11796139946,4807975362
11796139946,11812617255
11796139946,3578465190
11812617252,11812617247
11812617252,3578465190
11812617252,11812617255
3588249202,12049116995
3588249202,3588249165
3588249202,3588249191
3588249179,3588249191
3588249179,3588249195
3588249179,3588249195
3588249191,3588249195
3588249191,3588249179
3588249191,3588249202
3588249195,3588249191
3588249195,3588249179
3588249195,3588249179
12049116995,5041494355
12049116995,11850237337
12049116995,3588249202
12049116995,11850237334
3594106865,3594106861
3594106865,3594106867
3594106865,3594106866
3594106867,3594106865
3594106867,3594106869
3594106867,3594106868
3594106866,3594106865
3594106869,3594106867
3594106869,3594106871
3594106869,3594106870
3594106868,3594106867
3594106871,3594106869
3594106871,3594106873
3594106871,3594106872
3594106870,3594106869
3594106873,3594106874
3594106873,3594106871
3594106873,3594187371
3594106872,3594106871
3594106874,3594106873
3594187371,3594187370
3594187371,3597699714
3594187371,3594106873
3594187371,3594106875
3594106875,3594106876
3594106875,3594106877
3594106875,3594187371
3594106876,3594106875
3594106877,3594106875
3594106877,3594106879
3594106877,3594106878
3594106879,3594106880
3594106879,3594106877
3594106879,3594106881
3594106878,3594106877
3594106880,3594106879
3594106881,3594106882
3594106881,3594106879
3594106881,3594106884
3594106882,3594106881
3594106884,3594106885
3594106884,3594106881
3594106884,3594106889
3594106885,3594106884
3594106889,3594106884
3594106889,3594106888
3594106889,3597699718
3594106886,3594106890
3594106886,3594106887
3594106886,3594187607
3594106890,3594106886
3594106887,3594106891
3594106887,3594106888
3594106887,3594106886
3594106887,3594187370
3594187607,3594106886
3594187607,3594187605
3594187607,3594187615
3594106891,3594106887
3594106888,3594106892
3594106888,3594106889
3594106888,3594106887
3594106892,3594106888
3597699718,3594106889
3594187331,3594187332
3594187332,3594187333
3594187332,3594187331
3594187332,3594187335
3594187333,3594187332
3594187335,3594187334
3594187335,3594187332
3594187335,3594187337
3594187334,3594187335
3594187337,3594187335
3594187337,3594187338
3594187337,3594187339
3594187338,3594187339
3594187338,3594187341
3594187338,3594187337
3594187341,3594187340
3594187341,3594187338
3594187341,3594187358
3594187340,3594187341
3594187358,3594187357
3594187358,3594187341
3594187358,3594187363
3594187354,3594187342
3594187354,3594187365
3594187354,3594187369
3594187369,3594187370
3594187369,3594187354
3594187369,3594187384
3594187357,3594187358
3594187368,3594187367
3594187368,3594187363
3594187368,3594187376
3594187384,3594187604
3594187384,3594187369
3594187384,3594187365
3594187367,3594187368
3594187376,3594187375
3594187376,3594187368
3594187376,3594187381
3594187375,3594187376
3594187381,3594187380
3594187381,3594187376
3594187381,3594187387
3594187380,3594187381
3594187387,3594187386
3594187387,3594187381
3594187387,3594187390
3594187386,3594187387
3594187390,3594187389
3594187390,3594187387
3594187390,3594187596
3594187389,3594187390
3594187596,3594187597
3594187596,3594187390
3594187596,3594187616
3594187597,3594187606
3594187597,3594187598
3594187597,3594187596
3594187616,3594187596
3594187606,3594187597
3594187598,3594187599
3594187598,3594187597
3594187598,3594187608
3594187608,3594187598
3594187609,3594187599
3594187600,3594187601
3594187600,3594187599
3594187600,3594187610
3594187601,3594187611
3594187601,3594187602
3594187601,3594187600
3594187610,3594187600
3594187611,3594187601
3594187602,3594187612
3594187602,3594187603
3594187602,3594187601
3594187612,3594187602
3594187603,3594187613
3594187603,3594187604
3594187603,3594187602
3594187613,3594187603
3594187605,3594187614
3594187605,3594187607
3594187605,3594187604
3594187614,3594187605
3594187615,3594187607
3597699292,11793888592
3597699292,3597699288
3597699292,4438224048
4438224048,10146625639
4438224048,3597699292
4438224048,3597699288
3597699695,10146625639
3597699695,3597699291
3597699695,4601510919
10146625639,4438224048
10146625639,3597699695
10146625639,10146625642
3616198584,5206769626
3616198584,4724610767
3616198584,3622522040
4724610767,3616198584
4724610767,4724610762
4724610767,11825848230
3622522040,3622522054
3622522040,3616198592
3622522040,3616198584
3616199496,4764783172
3616199496,4569427501
3616199496,3622528960
4764783172,9288468468
4764783172,3616199496
4764783172,9864631071
3616199499,3616199498
3616199499,4691275381
3616199499,3616199512
11627254638,3616245734
11627254638,3616245737
11627254638,11627254642
3616245738,12178934246
3616245738,3616245739
3616245738,8235910166
3616245739,3616245738
3616245739,12194074670
3616245739,4491155296
12194074670,3616245739
12194074670,3641306696
12194074670,12194074672
4491155296,12222032055
4491155296,3616245739
4491155296,4491155289
13375580497,13375580495
13375580497,13375580496
13375580497,3616245763
12222032055,3616245763
12222032055,4491155296
12222032055,12222032048
3618330845,3616245766
3618330845,3618330825
3618330845,3618333794
3616245774,3616245779
3616245774,3616245766
3616245774,3618341796
3616245782,3616245788
3616245782,3616245779
3616245782,3616245766
3616245779,3618330816
3616245779,3616245774
3616245779,3616245782
3616245779,3957124191
3618330816,3616245803
3618330816,3616245779
3618330816,3616245788
3616245788,3618330825
3616245788,3616245782
3616245788,3618330816
3618330825,3616245788
3618330825,3616245797
3618330825,3618330845
3616245797,3618330825
3616245797,3616245803
3616245797,3618333794
3618333794,3616245797
3618333794,3616898321
3618333794,3618330845
3616245819,3616245821
3616245819,2421216477
3616245821,3616245819
3616245821,3623959450
3616245821,3616245824
3623959450,3977071171
3623959450,4702040825
3623959450,3616245821
3616245824,3616245821
3616245824,4702040825
3616245824,3616245864
4702040825,3623959450
4702040825,4702040821
4702040825,3616245824
4702040825,3977052699
3616245864,3977052699
3616245864,3616245847
3616245864,3616245824
4702040821,3960199740
4702040821,3616245832
4702040821,4702040825
4702040821,3977071171
3616283275,3616245833
3616283275,3901301609
3616283275,3616283280
3616283275,10217070768
3616245841,3616245843
3616245841,3616245833
3616245841,3977071158
3616245841,3616266368
3616245843,3616245841
3616245843,11420451486
3616245843,9393130754
3977071158,3977071164
3977071158,3616245841
3977071158,3977073865
3616266368,3616268995
3616266368,3616266380
3616266368,3616245841
11420451486,9393130754
11420451486,3977071164
11420451486,3616245843
9393130754,11420451486
9393130754,3616245843
9393130754,9393130761
3616245847,3977071164
3616245847,3616284461
3616245847,3616245864
3977071164,3616245847
3977071164,3977071158
3977071164,11420451486
3977071164,3616284461
3616284461,3616245847
3616284461,3616284460
3616284461,3977071164
3977052699,3616245864
3977052699,4702040825
3977052699,3977073870
3977052699,4701955369
10130690438,6560953546
10130690438,3616245871
10130690438,10130671016
3616266380,3616245871
3616266380,3616266368
3616266380,5425643726
3616268995,3977073863
3616268995,3616266368
3616268995,3977073865
5425643726,5425643738
5425643726,3977073863
5425643726,3616266380
3977073863,3960199740
3977073863,3616268995
3977073863,5425643726
3977073865,3977071158
3977073865,4701955369
3977073865,3616268995
3616283280,3616283282
3616283280,3616283275
3616283280,9393130761
3616283282,3616283281
3616283282,3616283280
3616283282,9393130736
3616283282,9393130761
9393130761,3616283282
9393130761,9393130754
9393130761,3616283280
3616283281,3616284460
3616283281,3616283282
3616283281,9393130736
12222032001,3641302468
12222032001,4569416847
12222032001,12222032002
12222032001,3616898321
8553919686,9864630914
8553919686,3618341810
8553919686,8553919688
3618341814,9864630914
3618341814,8553883711
9864630914,3618341814
9864630914,8553919686
9864630914,9864630833
9864630914,3618341817
8553883711,8553919624
8553883711,8553919624
8553883711,9864630779
3618341817,9864630779
3618341817,3618341818
3618341817,9864630914
9864630779,3622539217
9864630779,3618341817
9864630779,8553883711
3618341818,4764783178
3618341818,9288468488
3618341818,3618341817
4764783178,9864630765
4764783178,3618341818
4764783178,11504343281
9288468488,3618341818
9288468488,9288468459
9288468488,11504343317
3618347578,3622536135
3618347578,3622522054
3618347578,4569427504
3622536135,3618347578
3622536135,9864631098
3622536135,10614016432
3622522054,3618347578
3622522054,3622522040
3622522054,11825848230
9864630735,9864630725
9864630735,4496967365
9864630735,3618353594
4537981960,10614016432
4537981960,4537981943
4537981960,3618353594
3624008045,3618384995
3624008045,3624008043
3618390475,11093245384
11093245384,3625099771
11093245384,3618390475
11093245384,10842119834
3618395206,3625099771
3620410234,3620410233
3620410238,3620410240
3620410238,3620410239
3620410238,3620410237
3620410240,3620410238
3620410239,3620410238
11825848230,3960180231
11825848230,3622522054
11825848230,4724610767
3622536131,9864631216
3622536131,9864631098
3622536131,9864631071
9864631216,3622536131
9864631216,9864630996
9864631216,9864631127
9864631098,3622536135
9864631098,3622536131
9864631098,9864631071
9864631071,3622536131
9864631071,4764783172
9864631071,9864631054
10614016432,4537981960
10614016432,3622536135
10614016432,10614016429
3622539217,9864630928
3622539217,9864630779
3622539217,9864630775
9864630928,9864630927
9864630928,3622539217
9864630928,8553919654
9864630775,9864631025
9864630775,8553883670
9864630775,3622539217
12310225744,3622553412
12310225744,12310240173
12310225744,3622555265
4571907887,5407038176
4571907887,12310225746
4571907887,3622553412
12310240293,3622555265
12310240293,12249854280
12310240293,4571907990
3622557143,3622557153
3622557143,12194068967
3622557143,3622557156
12194068967,12194068994
12194068967,3622557143
12194068967,12194068968
3622557156,3622557152
3622557156,3622557143
3622557156,3622560769
3622557156,3622557153
10884060738,10884060746
10884060738,3623985314
3623988270,6351038565
3623988270,12452840704
3623988270,12452840673
3623988270,4846314865
6351038565,3623988270
12452840673,3623988270
12452840673,12452840646
3624008047,3624008050
3624008047,3624008049
3624008047,3624008043
3624008051,3624008050
3624008051,3624014476
3624008051,3624014482
3624014476,11065375419
3624014476,3624008051
3624014476,3624014473
11065375419,3631827430
11065375419,3624014476
11065375419,11065359303
11065375419,11065375429
11065375429,3624014793
11065375429,3631827430
11065375429,11065375419
10233716328,3625099771
3627743155,3627743154
3627743155,8744119597
3627743155,5006443395
8744119559,3627743154
8744119597,4471947499
8744119597,3627743155
8744119597,8287539728
5006443395,6351038596
5006443395,3974274523
5006443395,3627743155
9526801260,3627802850
9526801260,12202471880
9526801260,9526801265
3633372580,8758767233
3633372580,7454763243
3633372580,3633372581
7454763243,7454763238
7454763243,3633372580
7454763243,7454763246
3641302468,12222032001
3641302468,12222032002
3641302468,12222032029
3641302468,12222032028
12222032002,3641302468
12222032002,12222032001
12222032002,4569410672
12222032029,3641302468
12222032029,12222032028
12222032029,12310225756
12222032029,12222032048
12222032028,3641302468
12222032028,12222032029
12222032028,4569416847
12222032028,12222032011
3641306696,12194068968
3641306696,12194068969
3641306696,12194074670
3641306696,12194074672
12194068968,3641306696
12194068968,12194068970
12194068968,12194068967
12194068969,12194068970
12194068969,3641306696
12194068969,12194068972
12194074672,3641306696
12194074672,12178934246
12194074672,12194074670
3643190987,3898771399
3643190987,9864662888
3643190987,4494705954
10298648404,3652906999
10298648404,8480832131
10298648404,10298666417
13375580495,13375580497
13375580495,3656821310
13375580495,13375580494
13375580490,3656821310
13375580490,13404354711
13375580490,13375580492
3698608678,10706627054
10706627054,3698608701
10706627054,3730715468
10706627054,3698608678
3730715462,8480832121
3730715462,10706759385
3730715462,8480832122
10706759385,3730715468
10706759385,10706759384
10706759385,3730715462
8480832122,8480832120
8480832122,3730715462
8480832122,4396220106
4396220106,3730715465
4396220106,4396220107
4396220106,8480832122
3730715468,10706627054
3730715468,10706759385
3730715468,10706759356
10706759356,3730715470
10706759356,3730715468
10706759356,10706759384
3730715470,10706759356
3769765092,9864631006
3769765092,9864630994
3769765092,4537981943
9864631006,9864630998
9864631006,3769765092
9864631006,9864630999
9864630994,3769765092
9864630994,9864630996
9864630994,9864630998
4537981943,9864630996
4537981943,4537981960
4537981943,3769765092
3774350127,3774350124
3775114862,3775114863
3775114863,9226037668
3775114863,4401542997
3775114863,3775114862
11641409813,3775114864
11641409813,6192601620
11641409813,11641409816
3775114865,3775114864
3924960360,9742051927
3924960360,9742051897
3924960360,3779749326
3924960096,9742051908
3924960096,9742051896
3924960096,3779749326
5938613795,5938613794
5938613795,5938613793
5938613795,3779763075
8734057954,12401294722
8734057954,3781630158
8734057954,8734057952
3781630161,3781630163
3781630161,3781630158
3781630161,5040519778
3781630163,3781630161
3781630163,3781630162
3781630163,3781630162
5040519778,3781630162
5040519778,5040519777
5040519778,3781630161
3781630162,5040519778
3781630162,3781630163
3781630162,3781630163
10922098810,4648939189
10922098810,3802333314
10922098810,10922098811
3802333317,12120008305
3802333317,10922098847
3802333317,10090479073
12120008305,12120008306
12120008305,3802333317
12120008305,12120008304
10922098847,3802333317
10922098847,10922098845
10922098847,10922098848
10090479073,3802333317
10090479073,10090478993
10090479073,10090478993
10090479031,3802333318
10090479031,10090479052
10090479031,10090479071
3803061306,3803061304
3803061306,3803061308
3803061306,3803060897
3803061304,3803061306
3803061308,3803061306
10554801801,3803062440
3816136029,3898186344
3816136029,5265700038
3816136029,5266039137
3898186344,5266039139
3898186344,3816136029
3898186344,3816282398
5265700038,3816136041
5265700038,3816136029
5265700038,5266039137
3816136042,3898186465
3816136042,3816136040
3816136042,5265700028
3816136041,5265700038
3816136047,3898186465
5265700023,5266039139
5265700023,2418111945
3816386165,9288197100
3816386165,9288197113
3816386165,9288197098
9288197100,3816386165
9288197100,9288197098
9288197100,3898771399
9288197098,9288197095
9288197098,3816386165
9288197098,9288197100
3897585906,3897585912
3897585906,11673407046
3897585912,3897585906
3897585912,3897585919
11673407046,830288828
11673407046,11673407048
11673407046,11673407044
3897588438,3897588448
3897588438,732923804
3897586010,3897586014
3897586014,3897586037
3897586014,3897586016
3897586037,3897586036
3897586026,3897586022
3897586022,3163902101
3897586022,3897586017
3897586036,732923812
3897586036,3897586041
3897586048,3897586026
3897586048,3897586046
11770061935,3362459478
11770061935,4780566078
3897588447,3897588436
3897588447,732923625
3897598571,3897598570
3897598570,3362495809
3897598570,3897586008
3897598577,3897588447
3897598577,3897598576
3897636736,11155453144
3897636736,3897636754
11155453144,3897636736
11155453144,11155453150
11155453144,11155453150
3897636742,3897636754
3897647500,3163887261
3897647500,3897647545
8734057981,5040519785
8734057981,3163887262
5040519785,5040519786
5040519785,6432101332
5040519785,8734057981
3897652794,3897652793
3897652794,6432101301
6432101301,2566486450
6432101301,6432101302
3897652803,5040531912
3897652803,6432101302
3897652803,3897652796
5040531912,3897652803
6432101302,3897652803
6432101302,2566486450
3898186458,5266039138
3898186458,5266039140
3898186458,3898186350
3901301560,4496903319
3901301560,3901301561
3901301560,3901301562
3901301562,3523002444
4494731066,4969796616
4494731066,4496903335
4494731066,3523002443
3901301574,4960422289
3901301574,2566468381
4960422289,9095739286
3901301576,9095739269
9095739269,5041494350
9095739269,3210808961
3901301577,5041494356
3901301577,3901301574
5041494356,5041493820
5041494356,3521701226
3901301578,5041494327
3901301578,5041494350
5041494327,5041494328
5041494327,9360047044
5041494350,5041494323
5041494350,3901301578
5041494350,9095739269
12194068972,12194068969
12194068972,3901856144
12194068972,12194068970
3902166159,3902166169
3902166159,5254187422
3902166159,5254201821
3902166169,3902166159
3902166169,3902166167
3902166169,5425643738
5254187422,5254201821
5254187422,5254199123
5254187422,3902166159
5254201821,5254187422
5254201821,5254178123
5254201821,3902166159
3902166161,3902166165
3902166161,3902166168
3902166161,10217067685
10217067685,3902166161
3902166174,10130690431
3902166174,10217067687
3902166174,10130671015
10217067687,3902166174
10217067687,10130690434
10217067687,10217067688
10130671015,3902166174
10130671015,10130690428
10130671015,10130690445
3902166210,3902166210
3902166210,3902166210
3902166210,3902166201
3902166226,3902166225
9627306572,3902225668
3925367937,3925367923
3925367937,11819788432
3925367937,3902225713
3902225720,5044933521
3902225730,3902225728
3902225730,10223140482
3902225730,10537901342
10537901342,8242928650
10537901342,10537901341
10537901342,3902225730
3909061332,12033278071
12033278071,3909061332
12033278071,12083996989
12033278071,12033278079
11368420975,11368420976
11368420975,11368414165
11368420975,3909073949
11093245371,11093245285
11093245371,11093245285
11093245371,3921160503
3923833929,8335669864
3923833929,8501591466
3923833929,8501591467
8501591467,3923833929
9742051908,9742051907
9742051908,9742051904
9742051908,3924960096
9742051896,10311753747
9742051896,3924960096
9742051896,9742051911
9742051927,3924960360
9742051927,9742051928
9742051927,9742051924
9742051897,9742051898
9742051897,9742051899
9742051897,3924960360
10706757669,2690000125
10706757669,10706757667
3925367922,3925367919
3925367923,3925367937
10706757628,10706757626
10706757628,3925367943
10706757628,3925367949
3927268072,3927268073
3927268072,3927268080
3927268072,3927268067
3927268073,3927268072
3927268080,3927268072
6567688448,13612793015
6567688448,10573166603
6567688448,3936436271
10573166603,6567688448
10573166603,3936436272
10573166603,4753281511
11854039806,10110052306
11854039806,11854039832
3936436286,1952511437
3936436286,10110052365
3936436289,3936436295
3936436289,8401915614
3936436289,3936436299
10554837150,11755811112
10554837150,6096820905
10554837150,3936436295
11755811112,10554837150
11755811112,12453175080
11755811112,3936436295
4777639469,3936436299
4777639469,4753285488
4777639469,4777639470
10556408045,3942844557
10556408045,3942844558
10556408045,10556408051
10556408045,13089868534
3942844558,3942844560
3942844558,3942844561
3942844558,10556408045
3942844560,3942844558
3942844560,3943001314
3942844560,13089868544
3942844561,3943001319
3942844561,3942844558
3942844561,3943001314
3942844561,3943001296
3943001314,10110052378
3943001314,3942844561
3943001314,3942844560
3943001314,3943001319
13089868544,10110052217
13089868544,3942844560
13089868544,13089868534
3943001319,13090465308
3943001319,3942844561
3943001319,10110052319
3943001319,3943001314
3943001319,10110052224
3943001296,3943001297
3943001296,3942844561
3943001296,10556408051
3942844563,10110052328
3942844563,10110052378
3942844563,3942844565
3942844563,10110052217
10110052328,3942844563
10110052328,11003216116
10110052328,10110049210
10110052378,3942844563
10110052378,3943001314
10110052378,10110052319
3942844565,10110052400
3942844565,3943001323
3942844565,3942844563
10110052217,6413621475
10110052217,3942844563
10110052217,13089868544
10110052400,3943001323
10110052400,3942844565
10110052400,10110052319
3943001323,10110052400
3943001323,3942844569
3943001323,3942844565
3943001323,11003216133
3943001323,10110052269
3942844569,13090137572
3942844569,3943001323
3942844569,3943001326
13090137572,3942844569
13090137572,10110052393
13090137572,13090137564
3943001326,10110052223
3943001326,3942844569
3943001326,10110052269
3943001286,3943001285
3943001286,10110049212
3943001286,10110049209
10110049209,3943001288
10110049209,10110052377
10110049209,3943001286
3943001312,10110052346
3943001312,3943001297
3943001312,10110052224
10110052346,3943001312
10110052346,10110052297
10110052346,10110052326
10110052224,3943001312
10110052224,13090465302
10110052224,3943001319
13090465308,3943001319
13090465308,10110052393
13090465308,13090465302
10110052319,10110052393
10110052319,3943001319
10110052319,10110052400
10110052319,10110052378
11003216133,3943001323
10110052269,3943001326
10110052269,3943001323
10110052269,10110052286
10110052223,11231248993
10110052223,3943001326
10110052223,10110052286
3957261435,3957261436
3957261438,3957261437
3957261438,3957261436
3957261438,12115118462
3957261437,3957261438
3957261441,10232196137
3957261441,12115118483
3957261441,10217067681
10232196137,3957261441
10232196137,3957261442
10232196137,10232196133
10217067681,10217067682
10217067681,10217067684
10217067681,3957261441
3960182811,3960182800
3960199740,4702040821
3960199740,3977073863
3960199740,4701955369
4701955369,3977073865
4701955369,3960199740
4701955369,3977052699
3974191302,3974191309
3974191302,3974191309
3974191309,3974231589
3974231589,1564382660
3974231589,10114681905
3974465937,3974191302
3978167416,3974191709
3974438056,8758767225
3974438056,4148597211
3974438056,8758767223
8758767223,1510579841
8758767223,8783743602
8758767223,8758767225
3974465927,8758767199
3974465927,9846902557
8758767199,8691298349
8758767199,8294871064
8758767199,1510580213
3974466370,4609578258
3974466370,8744088296
4609578258,4609578259
4609578258,8744088321
4609578258,3974466370
8744088296,8758767260
8744088296,9846932894
3974530883,3974530898
3974530883,4997530985
4997530985,7538426305
4997530985,8592825927
4997530985,3974530886
3974530886,4510274541
4510274541,6361190817
4510274541,3974466370
3974530938,6361190817
3974530938,4510274563
3974530938,7538426305
6361190817,3974530938
6361190817,4510274563
7538426305,3974530938
7538426305,4997530985
7538426305,7471589439
3974530952,11850303202
3974530952,11850303206
3974530952,4153117967
11850303202,3974530952
11850303202,9846902600
11850303202,11850303206
11850303206,7454763233
11850303206,11850303202
11850303206,7454763242
4153117967,3974530953
4153117967,3974530952
4153117967,4153117962
3974530953,4724604828
3974530953,4153118293
3974530953,4153117967
3974530953,7454763238
7454763238,7454763243
7454763238,3974530953
7454763238,7454763236
3974531363,3974531362
3974531363,3974531254
3974531358,3974531357
3974531358,8830407701
3974531358,8830407706
8830407701,3974531358
3974531362,3974531254
3974531362,3974531358
3974531427,3974531442
3974531427,3974531439
3974531427,3974531434
3974531442,3974531427
3974531442,1510580483
3974531439,3974531442
3974531439,3974531427
3974531434,9953414836
3974531434,3974531427
3974531434,3974531438
9953414836,9953414834
9953414836,9953414854
9953414836,3974531434
9953414852,7519520208
9953414852,3974531438
9953414852,9953414851
9953414854,9953414834
9953414854,9953414836
9953414854,3974531438
3977073870,3977052699
4148597094,4173341721
4148597094,8534256542
4148597094,3978190598
3978162844,3978162841
3978162844,8783743580
8783743580,8783743589
8783743580,2984635060
8783743580,8783743579
8534256542,3978190598
8534256542,4148597211
8534256542,6744542115
9953414851,9953414834
9953414851,3978296960
9953414851,9953414852
9043639464,9162139485
9043639464,9043639462
4018000506,4018000518
4018000518,4018000519
4018000518,4769559325
4018000518,4018000506
4018000520,4018000519
4077558086,10711196593
4077558086,7391711191
4077558086,12104980632
10711196593,4077558086
10711196593,7391641865
10711196593,13522946532
7391711191,4077558086
7391711191,7391711190
7391711191,10711196595
12104980632,4077558086
12104980632,4077558088
12104980632,12104980629
4077558088,12104980632
7391711192,4078019670
7391711192,10711196595
7391711192,7391711193
4078019671,4078019672
4078019671,4078019670
4078019671,4078019674
4078019672,4078019671
4078019674,4078019671
4078019675,5054573339
4078019675,5054573337
4078019675,4078019676
5054573339,4078019675
5054573339,5054573338
5054573339,5054573388
5054573337,4078019675
5054573337,5054573336
5054573337,12104980627
4078019676,4078019675
4078019676,12061935810
4078019676,12039842023
12061935810,4078019676
12039842023,4078019676
5420363434,5420363437
5420363434,4087126198
5420363434,5420363435
4089172509,4089172510
4089172509,4089172508
4089172509,4089172516
4089172514,4089172508
4089172510,4089172509
4089172510,4089172513
4089172510,4089172512
4089172516,4089172524
4089172516,4089172524
4089172516,4089172509
4089172513,4089172510
4089172512,4089172510
4089172524,4089172516
4089172524,4089172516
4089172524,4089172531
4089172531,4089172524
4089172535,4089172532
7864614752,10130690450
7864614752,7864614717
7864614752,4108392126
10541944217,4121312008
10541944217,11826180753
4121312012,11826180753
11826180753,4121312012
11826180753,11826180754
11826180753,10541944217
4121324048,4121324053
4121324048,4121324047
4121324048,7394154607
4121324053,4121324054
4121324053,4121324048
4121324053,4121324058
4121324054,4121324053
4121324054,4121324058
4121324054,4121324060
4121324058,4121324059
4121324058,4121324054
4121324058,4121324053
4121324064,4121324063
4121324066,4121324065
4127054949,10247187144
4127054949,10298119244
10247187144,8196750175
10247187144,10247187145
10298119244,10298119245
10298119244,4127054949
10298119244,10298119240
4153117939,4153117962
4153117939,4153117935
4153117939,7454763236
4153117939,7454763242
7454763236,4153117962
7454763236,4153117935
7454763236,4153117939
7454763236,7454763238
4153117962,4153117939
4153117962,7454763236
4153117962,4153117967
7454763242,7454763233
7454763242,4153117939
7454763242,7454763239
7454763242,11850303206
7454763246,7454763271
7454763246,4153117970
7454763246,7538426309
7454763246,7454763243
7454763271,4153118293
7454763271,7454763246
7454763271,7454763264
4154384429,10719110115
4154384437,5054573381
4154384437,2421643095
5054573381,7391641870
5054573381,4154384437
5054573381,10719110128
4208923349,9225832918
4208923349,9225830015
4208923349,4208923350
9225830015,4208923349
9225830015,10555226385
9225830015,9225832918
4208923350,4208923349
4208932894,4208932890
4208932891,4208932895
4208932891,4208932890
4208932891,13617166658
4208932895,4208932891
4262498706,4262498705
4262498706,13291589659
4262498706,13291589660
13301471596,13301471595
13301471596,11189806165
13301471596,4262498705
13301471595,13301471594
13301471595,13301471596
13301471595,4262498705
13291589659,13291589658
13291589659,4262498706
13291589659,13291554277
13291589660,4386109067
13291589660,4262498706
13291589660,13291554271
4294558959,4294558955
4294558959,4294558954
4294558959,11749810301
4294558955,4294558959
4294558955,11749810301
4294558955,11749810290
11749810301,4294558959
11749810301,4294558955
11749810301,11749810303
4294558963,4294558972
4294558963,12033277838
4294558963,4294558967
4294558972,12033277679
4294558972,4294558963
4294558972,4294558974
12033277838,4294558963
12033277838,12114523092
12033277838,12033277839
4294558967,4294558968
4294558967,12033277679
4294558968,4294558977
4294558968,4294558967
4294558968,4294558969
12033277679,4294558967
12033277679,4294558972
12033277679,12033277680
4294558977,4294558968
4294558977,12033248961
4294558977,4294558975
4294558969,4294558968
4294558974,4294558972
11749810282,4294558975
11749810282,12033277678
11749810282,11749810288
12033248961,12033277669
12033248961,4294558977
12033248961,12033248959
12033277843,4294558978
12033277843,10669009877
12033277843,12033277845
10669009874,4294558979
10669009874,10669009873
10669009874,4294558978
4294558979,4294558980
4294558979,10669009874
4294558979,10669009867
4294558980,4294558979
10669009867,4294558979
4294558981,10669009850
4294558981,10669009865
4294558981,10669009852
10669009850,10669009846
10669009850,4294558981
10669009850,10669009851
10669009865,4294558981
10669009865,10669009853
10669009865,10669009863
10669009852,4294558981
10669009852,10669009851
10669009852,10669009851
4334367901,4691023875
4334367901,4334367897
4334367901,4334367906
4691023875,4334367901
4691023875,4334367906
4691023875,4569416847
4334367906,4334367908
4334367906,4334367901
4334367906,4691023875
4771494335,4334367908
4771494335,12310263454
4771494335,4771494342
11673406980,4334399925
11673406980,4334399928
11673406980,11673406994
4334399928,4334399930
4334399928,11673406980
4334399928,11673406995
4334399930,11673406995
4334399930,4334399928
4334399930,10614016417
4334399930,12704205566
11673406995,4334399930
11673406995,11673406994
11673406995,4334399928
12704205566,4619284314
12704205566,11673406994
12704205566,4334399930
4350327544,4954753669
4350327544,4872432116
4954753669,4350327550
4872432116,5690232434
4872432116,4350327544
4872432116,5690230797
4872432116,4497019863
4350327550,4954753667
4954753667,4954753730
4954753667,2566839215
8783743579,3978162844
8783743579,8783743580
8783743579,8783743593
5264718503,5264718504
5264718503,5264718502
5264718503,4384534861
4384534865,4384534861
4385398753,4385398752
4396419470,4396419474
4396419470,12094776886
4396419470,12090984389
4396419474,11002719834
4396419474,4396419470
4396419474,4396419473
12090984389,10674237416
12090984389,12090984391
12090984389,4396419470
4396419473,4396420900
4396419473,4396419474
4396419473,4396419487
4396420900,4396419473
4396419487,4396419473
11002719834,4396419474
9599257926,9599257927
9599257926,9599257936
4397118144,4397118165
4397118165,5079114020
4397118165,11952068596
4397118165,4397118144
6485754774,6485754778
6485754774,4397118151
6485754774,6485754776
13603564217,4397118151
5079114020,11952068624
5079114020,4397118165
5079114020,5079114016
11952068596,4397118165
11952068596,11952068604
11952068596,11952068603
4397118166,13603564213
10573392257,10573392256
10573392257,4398126517
10573392257,4398126518
4398126518,10573392257
10719101888,10719101887
10719101888,4398138361
11673408580,4401460375
11673408580,4497244231
11673408580,11673408581
11673408580,11673408579
11673408581,11673408580
11673408581,4497244232
4872432096,4955168737
4872432096,4401460376
4872432096,4955168768
4401542915,8259387060
4401542915,8259387074
4401542915,8259387063
4401542915,8236639348
8259387060,4401542915
8259387060,8259387063
8259387060,8259387074
8259387074,8259387075
8259387074,4401542915
8259387074,8259387060
8259387063,8259387060
8259387063,4401542915
8259387063,8259387037
4401542990,4401542997
4401542999,4401543002
6192601620,6192601619
6192601620,11641409813
6192601620,4401543002
9742051901,4402618082
9742051901,9742051900
9742051901,9742051899
4415051966,4415051972
4415051972,4415051966
4415051972,4415051967
4415051972,4415054148
4415053494,4415051985
4415053494,4415051967
4415053494,4415054089
4415051985,4415053494
4415054089,4415054148
4415054089,12173634044
4415054089,4415053494
4415053692,5398116566
4415053692,8464054581
4415053692,4415054131
5398116566,4415053692
5398116566,5398116570
5398116566,5398116569
12173634044,4415054089
4415069298,4955168454
4955168454,4415069298
4955168454,8734045686
4955168454,7502900037
4415327530,4415327531
4438138081,9242988778
4438138081,4438138079
4438138081,4438247612
9242988778,4438138087
9242988778,4438138081
9242988778,9242988751
4438247612,4438247613
4438247612,4438247611
4438247612,4438138081
4438138087,4438138088
4438138087,9242988752
4438138087,9242988778
4438152055,4438218502
4438152055,4438139515
4438152055,4477479916
4477484329,4438148306
4477484329,4438218280
4477484329,4477484337
4477484329,4477484315
4477479916,4438152073
4477479916,4438152055
4477479916,13617148635
13596453262,4438194767
13596453262,13596453263
13596453262,13580324212
13596464926,13596453260
13596464926,13596464925
13596464926,4438194767
4438194779,4438194778
13617148667,4438194782
13617148667,13617148668
13617148667,4438247630
4438247630,4438194782
4438247630,13617148745
4438247630,13617148667
4438194891,4438194787
4438194892,4438194890
4438218246,4438218247
4438218246,4438218253
4438218246,11478383913
4438218247,4438218248
4438218247,4438218246
4438218247,4438218254
4438218253,4438218246
4438218248,4438218247
4438218248,4438218250
4438218248,5054540886
4438218254,4438218247
4438218250,4438218255
4438218250,4438218262
4438218250,4438218248
4438218255,4438218250
4438218262,4438218256
4438218262,4438218250
4438218262,4438218271
4438218285,4438218256
4438218285,4438218278
4438218285,4438218271
4438218271,4477615111
4438218271,4438218262
4438218271,4438218285
4477615111,4438218271
4477615111,4438218278
4477615111,4477484315
4438218278,4438218280
4438218278,4477615111
4438218278,4438218285
4438230843,4438230864
4438230843,4438230864
4438230843,4438230835
4438230886,4438230885
4438231197,4438231200
4438231200,4438231197
4438231200,4903715614
4438231200,6207354237
4903715614,4438231200
4903715614,4903715619
4903715614,4903715619
4903715619,4903715614
4903715619,4903715614
4903715619,4438231216
4438231222,9510516064
4438231222,4438231226
4438231222,12841991152
4438231226,4438231228
4438231226,4438231222
4438231226,4438231229
4438231226,4438231232
12841991152,9510516064
12841991152,4438231222
12841991152,9510516062
4438231228,4438231231
4438231228,4438231229
4438231228,4438231226
4438231229,4438231228
4438231229,4438231231
4438231229,4438231226
4438231231,4438231232
4438231231,4438231228
4438231231,4438231229
4438247273,4438247271
4438247274,13617149010
4438247274,13617148958
4438247274,4438247282
13617149010,4438247274
13617149010,13617148955
13617149010,13617149012
13617148958,11960444194
13617148958,13617148959
13617148958,4438247274
4438247282,4438247274
11688427012,11688427013
11688427012,4438247537
11688427012,11688427015
11688427015,4438247538
11688427015,11688427013
11688427015,11688427012
4438247602,4438247601
4438247602,4438247603
4438247602,4438247597
4438247604,4438247598
4438247605,4438247599
4438247603,4438247602
4438247611,4438247612
4438247613,4438247612
4438247613,4438247620
4438247613,4846304825
4846304825,4846302611
4846304825,4438247613
4846304825,9901756198
4438247624,4438247623
8050792853,8050792855
8050792853,8050792854
8050792853,4438247623
4438247631,4438247634
8050792848,4438247634
8050792848,8050792845
8050792848,8050792849
4438247639,4438247637
4438247640,4438247638
4438323798,1568204537
4438323798,8762702406
8762702406,9774929597
8762702406,10296531951
8762702406,4438323798
4438323848,4438323841
4438323848,4438323810
4438323848,4438323858
4438323823,11826180733
4438323823,4438323831
4438323823,11826180762
11826180733,4438323823
11826180733,4438323862
11826180733,11826180731
4438323849,4438323869
4438323849,4438323835
4438323849,4438323870
4438323858,4438323871
4438323858,4438323861
4438323858,4438323848
4438323869,4438323849
4438323870,4438323849
4438323871,4438323858
4438323871,11828040718
4438323871,4438323873
11828040718,10146618711
11828040718,4438323871
11828040718,4438323861
4438323873,4438323884
4438323873,10146618711
4438323873,4438323871
4438323884,4438323873
4438323884,11828040712
4438323884,4438324489
10146618711,11828040712
10146618711,11828040718
10146618711,4438323873
10146618711,10146618706
4438323888,4438324494
4438323888,4438324490
4438323888,4438323885
4438323888,4438323881
4438324494,4438323888
4438324494,4438324496
4438324494,4438324495
4438324494,4438324492
4438324490,4438323888
4438324493,4438324492
4438324496,4438324494
4438324495,4438324494
4438324531,4438324530
4438324534,4438324537
4438324536,4438324535
4438324538,4438324539
4438324543,4438324540
4446867348,4446867349
4446867348,4446867345
4446867348,8259598061
8259598061,8259598062
8259598061,4446867348
8259598061,12121081554
4454166438,6205753199
4454166438,4454166444
4454166438,4454166444
6205753199,10050533728
6205753199,4454166438
6205753199,6205753197
4458845745,10707317904
4458845745,10707352018
4458845745,10707352014
4458845846,11243625291
4458911713,4458911700
13617148635,4477479916
13617148635,11835681709
13617148635,11835681702
10146625660,4477480159
4477484315,4477484329
4477484315,8463594888
4477484315,4477615111
4479813462,4479813466
4479813450,4479813451
4479813451,4479813452
4479813452,4479813453
4479813452,4484147217
4479813453,4479813455
4484147217,9238481073
4484147217,4479813453
4479813455,4479819503
4479813455,2504423232
4479819503,4479813456
4479819503,417903050
4479827903,4479803750
4479827903,4479813462
4479813466,4479813467
4479813466,828166999
4479813467,4479813450
4479813467,4479803751
4479843285,4710845014
4479843285,9238481077
4479843285,12085970337
4479843285,4710845011
4710845014,4479843285
4710845014,9238481085
4710845014,4710845015
9238481077,9238481073
9238481077,4479843285
9238481077,9238481078
12085970337,4479843285
12085970337,4710845016
12085970337,12085970338
4710845011,12085970326
4710845011,4710845008
4710845011,12085970338
4710845011,4479843285
9238481073,4484147217
9238481073,9238481077
9238481073,9238481072
4491155289,4491155296
12310225765,4771494332
12310225765,4491158950
12310225765,12310225763
4496903335,4494731068
4496903335,4494731066
4496903335,2418111686
4494731068,4496903335
4494731068,4494731071
4494731071,4496903318
4494731071,4494731297
4496903318,4496903314
4496903318,4496903317
4496903318,4496903320
4494731297,4494731068
4494784849,9931881940
4494784849,4685670209
4494784849,4524909462
4524909462,12995891433
4524909462,4494784849
4524909462,9931881940
4524890058,4524890076
4524890058,4524890076
4524890058,4494802297
4496881709,4496881711
4496881711,4496881709
4496881711,4496881710
4496881711,12401294719
4496881710,4496881711
12401294719,12401294721
12401294719,4496881711
12401294719,12401294720
4496881712,4496881713
4496881714,4496881713
11850237364,11850237366
11850237364,11850246373
11850237364,4496903292
4496903317,4496903318
4496903317,4523424083
4496903317,4494731297
4496903320,4496903321
4496903320,4496903323
4496903321,4496903320
4496903321,4496903317
4496903323,4496903322
4496903323,4496903322
4496903322,4496903323
4496903322,4496903321
4496921147,6205753246
4496921147,10073767148
4496921147,4496921163
6205753246,6205753240
6205753246,4496921147
6205753246,5283765046
10073767148,4496921159
10073767148,4496921147
10073767148,10073767299
4496921163,4496921161
4496921163,4496921147
4496921163,4496921167
4496921149,4496921179
4496921149,4496921796
4496921149,4496921170
4496921149,4496921175
4496921179,4496921177
4496921179,4496921149
4496921179,4496921172
4496921796,4496921152
4496921796,4496921150
4496921796,4496921149
4496921170,4496921168
4496921170,4496921149
4496921170,4496921172
4496921175,7650205021
4496921175,10075090661
4496921175,4496921149
4496921150,4496921796
4496921150,10075090661
4496921150,4496921151
4496921151,4496921150
4496921151,4496921154
4496921151,4496921152
4496921154,4496921151
4496921159,10073767148
4496921159,9047619273
4496921159,10096985892
9047619273,4496921159
9047619273,7928563463
9047619273,10073767297
4496921160,4496921161
4496921161,4496921160
4496921161,4496921162
4496921161,4496921163
4496921162,4496921161
4496921167,4496921164
4496921167,4496921164
4496921167,4496921163
4496921164,4496921185
4496921164,4496921167
4496921164,4496921167
4496921185,4496921164
4496921185,4496921172
4496921185,4496921794
4496921168,4496921170
4496921172,4496921185
4496921172,4496921170
4496921172,4496921179
7650205021,4496921175
7650205021,10073767193
7650205021,4496921177
4496921177,4496921178
4496921177,4496921179
4496921177,7650205021
4496921178,4496921177
6205753230,4496921798
6205753230,6205753228
6205753230,7961967112
4496967358,9288004162
4496967358,9529772967
4496967358,12178960098
9288004162,12178960164
9288004162,9288004161
9288004162,4496967358
12178960098,12178960097
12178960098,12178960099
12178960098,4496967358
4496967359,12178960157
4496967359,12178960164
4496967359,9288004159
12178960164,4496967359
12178960164,9288004162
12178960164,12178960165
9288004159,4496967359
11690717755,11690650056
11690717755,4496967362
11690717755,11690717764
11690650055,11690650066
11690650055,4496967362
11690650055,11690650057
4496967364,4496967365
4496967365,4496967364
4496967365,9864630735
4496967365,8553883677
8553883677,8553883673
8553883677,4496967365
8553883677,8553883671
5645347461,5645347459
5645347461,4496967384
5645347461,5645347460
4497019809,9721952404
4497019809,5045087506
4497019809,4497019837
4497019854,4497019855
4497019855,4497019854
4497019855,4497019856
4497019855,12649469929
4497019856,4497019855
4497019856,4497019861
4497019856,5690186588
12649469929,6260761850
12649469929,8464054567
12649469929,4497019855
4497019861,4497019859
4497019861,4497019856
4497019861,8464054507
5690186588,4497019863
5690186588,4497019856
5690186588,6260761850
4497019859,6330215784
4497019859,4497019861
4497019859,5045085476
6330215784,4497019859
5045085476,4872432109
5045085476,4497019859
5045085476,5045085484
8464054507,8464054568
8464054507,5135640098
8464054507,4497019861
4497019863,5690186588
4497019863,5690230801
4497019863,4872432116
4497019863,8464054562
5690230801,8464054565
5690230801,4497019863
8464054562,8464054561
8464054562,4497019863
8464054562,5135641577
4497019864,10928002545
4497019864,6260761861
4497019864,6260761862
10928002545,4497019864
10928002545,4497019865
10928002545,10928002544
10928002545,10928002546
6260761861,4497019864
6260761862,4497019864
4497019869,10928002544
4497019869,7475367005
4497019869,4497019865
10928002544,4497019869
10928002544,7475366984
10928002544,10928002543
10928002544,10928002545
4497147318,4497147329
4497147318,4497147315
4497147318,4497147326
4497147318,4497147326
4497147329,10875033198
4497147329,4497147318
4497147329,5578090157
4497147326,4497147318
4497147326,4497147318
4497147326,4497147332
10875033198,5578090161
10875033198,4497147329
10875033198,10875033197
5578090157,10887675600
5578090157,10875033197
5578090157,10875033199
5578090157,4497147329
4497244231,11673408580
4497244231,7502769666
4497244231,4497244232
4497244232,10052455723
4497244232,4497244231
4497244232,11994421928
10052455723,7502769666
10052455723,9447366057
10052455723,7502769663
11994421928,4497244232
11994421928,4955168752
11994421928,11994421930
4497244256,4955168752
4955168752,4955168753
4955168752,11994421928
4955168752,4497244256
4955168752,4955168737
4497311329,4497311332
4497311332,4497311329
4497311332,4955168737
4497311332,4497311334
4955168737,4872432096
4955168737,4497311332
4955168737,4955168752
4497311334,4497311332
10123537916,4507975650
8592825925,3974530886
8592825925,8758767260
8592825925,8592825927
10719110132,13534104295
10719110132,10719110131
10719110132,4518987226
4518987228,13522946532
4518987228,3206200292
7388819692,4518987230
7388819692,13507501676
7388819692,7388819695
13534104299,13534104295
13534104299,13534104298
13534104299,4518987230
13534104294,4518987230
4524830860,4524830861
4524830860,4722976397
4524830860,4524876610
4524830861,4524830860
4524830861,4728029710
4524830861,4524877139
4722976397,4722975328
4722976397,4524830860
4722976397,4722975336
4524876610,4524876608
4524876610,4524876108
4524876610,4524830860
4728029710,4722975324
4728029710,4524830861
4728029710,4524877139
4524877139,4524832001
4524877139,4524830861
4524877139,4728029710
4524832001,4524877139
4524864343,4524873875
4524873875,4524864343
4524873875,4524873592
4524873875,4524874425
4524872119,4524873592
4524872119,4728033686
4524872119,4524874425
4524873592,4524872119
4524873592,4524873875
4524873592,4524873602
4524873592,4524874425
4524873592,4728036839
4728033686,4728039900
4728033686,4524872119
4728033686,4728036842
4524874425,4691122744
4524874425,4524872119
4524874425,4524873875
4524874425,4524873592
4524873602,4524873612
4524873602,4524873612
4524873602,4524873592
4728036839,4524873592
4728036839,4524873597
4728036839,4728036842
4524873597,4524876608
4524873597,4524873612
4524873597,4728036839
4524873597,4728036842
4524876608,4524876610
4524876608,4524873597
4524876608,4524876108
4524873612,4524873602
4524873612,4524873602
4524873612,4524873597
4728036842,4728033686
4728036842,4524873597
4728036842,4728036839
4524876108,4524876608
4524876108,4524876610
4524876108,4524877121
4524877121,4524876108
4524890076,4524890058
4524890076,4524890058
4524890076,4728057793
4728057793,4524890076
12995891433,12995891434
12995891433,12995891434
12995891433,4524909462
4526019097,4526018372
4526019097,4526019096
4526019097,4526019103
12846604850,4526019103
12846604850,12846604854
12846604850,4526019089
4526019093,4526019089
4526019093,4526019090
4526019093,4526019096
4526019090,4526019093
10270062355,4532944325
10270062355,4724593334
10270062355,10270062348
4535791514,4535791513
9864630996,9864631216
9864630996,4537981943
9864630996,9864630994
4569416847,12222032001
4569416847,12222032028
4569416847,4691023875
12253703073,4571907860
12253703073,12310225766
12253703073,12310263466
4571907861,4571907860
4571907867,4771494346
4571907867,4571907867
4571907867,4571907867
4771494346,4571907867
4771494346,9766272958
4771494346,4771494336
4771494346,4771494347
4571907872,9766272960
4571907872,4571907883
4571907872,4571907885
9766272960,12310263455
9766272960,4771494347
9766272960,4571907872
4571907883,12310240297
4571907883,4571907885
4571907883,4571907872
4571907885,12310225748
4571907885,4571907872
4571907885,4571907883
12310240297,4571907883
12310240297,12310240298
12310240297,12310240296
12310240297,4571907888
12310225748,12310240298
12310225748,4571907885
12310225748,4571907886
12310240299,4571907886
12310240299,12310240298
12310240299,5407038176
5407038176,4571907887
5407038176,12310225768
5407038176,12310240299
12310225746,4571907887
12310225746,4571907888
12310225746,12310225744
4571907888,12310225746
4571907888,4571907990
4571907888,12310240297
4571907990,4571907888
4571907990,12310240293
4571907990,12310240295
12310240295,4571907990
12310240295,12310240296
12310240295,12310240296
12310240295,12310240290
4571907996,4571907997
4571907998,4571908000
4571907999,4571908000
4571908018,4571908022
4571908018,4571908014
4571908018,4571908078
4571908022,4571908018
4571908023,4571908025
4571908024,4571908025
4571908027,4571908026
4571908027,4571908028
4571908027,5457972697
5457972697,4571908027
5457972697,5407038340
5457972697,4571908026
4571908028,12230201626
4571908028,4571908027
4571908028,4571908029
4571908029,4571908028
12202486670,4571908044
12202486670,4571908041
12202486670,12202486666
4571908044,12202486670
4571908044,12230224282
4571908044,4571908045
12230224282,4571908044
12230224282,12230197297
12230224282,4571908049
4571908045,4571908044
4571908048,4571908047
12286103153,4571908054
12286103153,4571908051
12286103153,4571908049
4571908056,5426232355
5426232355,4571908056
5426232355,5426232362
5426232355,5426232354
4571908075,5733829436
4573528592,6916629472
6916629472,12111434622
6916629472,12111434628
6916629472,4573528592
13532783428,4581517363
13532783428,13532783423
13532783428,13532783423
4581517367,8211384965
4581517367,9488099707
4581517367,8211384956
8211384965,8211384979
8211384965,4581517367
8211384965,8211384966
9488099707,8211384959
9488099707,4581517367
9488099707,9488099710
8211384956,9488099715
8211384956,8211384957
8211384956,4581517367
4581517373,8211384948
4581517373,9488099715
4581517373,4581517372
8211384966,8211384965
8211384966,9281240926
8211384966,4581517372
8211384948,4581517373
8211384948,9488120017
8211384948,8211384950
9488099715,8211384956
9488099715,4581517373
9488099715,9488099714
4581517375,4581517377
13532783415,4581517385
13532783422,4581517385
4597907644,4597907655
4597907644,4597907660
4597907644,4597907650
4597907644,4597907645
4597907660,4597907644
4597907660,4597907661
4597907660,4597907655
4597907650,4597907651
4597907650,4597907648
4597907650,4597907644
4597907645,4597907651
4597907645,4597907656
4597907645,4597907644
4597907651,4597907645
4597907651,4597907650
4597907651,4597907648
4597907651,11750491012
4597907661,4597907660
4597907664,4597907667
4597907668,11750491011
11750491011,4597907668
11750491011,4597907669
11750491011,11750491010
4597907672,4597907673
4597911592,4597911591
4597911592,13612841913
4597911592,13614232840
4597911592,4597911593
13612841913,4597911592
13612841913,4597911630
13612841913,13614232841
4597911630,4597911601
4597911630,13612841913
4597911630,4597911632
4597911610,4597911614
4597911625,4597911632
4597911625,13614232841
4597911625,4597911629
13614232841,13614232840
13614232841,4597911625
13614232841,13612841913
9699794967,6938165983
9699794967,4597911629
9699794967,9699794964
4600003518,10604258234
4600003518,9393336558
4616694346,10933940602
4616694346,9624770795
9624770795,4616694346
9624770795,9624770797
9624770795,9624770802
4619284314,11329636860
4619284314,12704205566
4619284314,11329636864
11329636860,11329636858
11329636860,4619284314
11329636860,11329636863
11329636864,11329636869
11329636864,4619284314
11329636864,11329636868
11329636864,11329636883
4642937648,11602920594
4642937648,4642937654
11602920594,4642937651
11602920594,11602920595
4642937651,2844074769
4642937651,11602920596
13466617755,4642971470
13466617755,11602920586
13466617755,13466617761
5266038620,4642978409
5266038620,5266038618
5266038620,5266039121
11602920587,9128812826
11602920587,11602920589
4648938558,4648938559
4648938558,7142008627
4648938559,10705551904
7142008627,10705551875
7142008627,4648938558
7142008627,7142008628
10705551904,5124624203
10705551904,10309843293
4648938560,4648938558
4648938560,7142008628
7142008628,4648938560
7142008628,7142008629
7142008628,7142008627
4648938563,4648938564
4648938569,10313748769
4648938569,10922061199
10313748769,10922061200
10313748769,10313748768
10922061199,4648938571
10922061199,4648938569
10922061199,10922061201
10313748767,4648938569
10313748767,10313748766
4648938573,5418830380
4648938573,4648938574
4648938573,4648938571
5418830380,4648938573
5418830380,5418830380
5418830380,5418830380
4648938574,4648938573
4648938575,10922098854
4648938575,7142008619
4648938575,10922098840
10922098854,7142008621
10922098854,4648938575
10922098854,10922098855
10922098840,4648938576
10922098840,10922098841
10922098840,4648938575
4648938576,10922098840
4648938576,4648938577
4648938576,10922098849
4648938577,4648938576
4648938577,4648938579
4648938577,4648938578
10922098849,10922098844
10922098849,10922098848
10922098849,4648938576
4648938578,7142008623
4648938578,7142008621
4648938578,4648938577
7142008623,7142008631
7142008623,4648938578
7142008623,7142008625
7142008621,4648938578
7142008621,10922098854
7142008621,7142008622
12119974299,12119974298
12119974299,4648938579
12119974299,12120008301
4648938583,7142008631
4648938583,10705551856
4648938583,4648938580
7142008631,4648938583
7142008631,7142008623
7142008631,10313766413
10705551856,10707039429
10705551856,4648938583
10705551856,10705551855
10707039429,10705551860
10707039429,10705551856
10707039429,4648938586
4648939191,4648939192
4648939192,4648939191
4648939192,4648939194
4648939192,4648939198
4648939194,4648939193
4648939194,4648939195
4648939194,4648939192
4648939198,10303383132
4648939198,4648939192
4648939193,4648939194
10303383132,10307405234
10303383132,10303383134
4648939199,10296922392
10296922392,4648939199
10296922392,10296922391
10296922392,10296922407
4648939202,4648939203
4648939202,10296922407
4648939202,10296922408
10296922407,10296922392
10296922407,4648939202
10296922407,10296922402
10296922408,4648939202
4648939204,10307702072
10307702072,4648939204
10307702072,4648939205
10307702072,10307702070
4649083907,4649083908
4649083910,4649083913
13520233755,4649083915
13520233755,11750491010
13520233755,13520233760
13520233761,4649083915
13520233761,13520233760
13520233761,13520233764
4649083918,4649083919
12995891434,12995891433
12995891434,12995891433
12995891434,4685670209
4691033802,4691030669
4691033802,4691030651
4691033802,4691033809
4691030669,4691033802
4691030669,4691035044
4691030669,4691036756
4691035044,4691036756
4691035044,4691036758
4691035044,4691030669
4691036756,4691035044
4691036756,4691030669
4691036756,4691036757
4691033809,4691033802
4691036758,4691036757
4691036758,4691035744
4691036758,4691035044
4691035743,4691035744
4691035743,4691035744
4691035743,4691036757
4691035744,4691035743
4691035744,4691035743
4691035744,4691036758
4691036757,4691036758
4691036757,4691036756
4691036757,4691035743
4691113222,4691276000
4691113222,10614026146
4691113222,10614026153
10614026146,4691113222
10614026146,10614026153
10614026146,4691275385
10614026146,4691275385
10614026153,10614026146
10614026153,4691113222
10614026153,11621927315
4691275385,10614026146
4691275385,10614026146
4691275385,4691275381
4701946747,12061935773
4701946747,8414332968
4701946747,12061935597
12061935773,12061935601
12061935773,4701946747
12061935773,12061935774
12061935597,4701949186
12061935597,4701946747
12061935597,12061935601
4701949186,4701946754
4701949186,12061935597
4701949186,12037845164
12037845164,4701949186
4704888910,4704888914
4704888921,13577660229
4704888921,4704888925
4704888921,4704888929
4704888921,4704888930
13577660229,4704888921
13577660229,4704888924
13577660229,4704888929
4704888925,4704888921
4704888929,4704888921
4704888929,13577660223
4704888929,13577660229
4704888930,4704888921
4704888930,10090479093
4704888930,10090479093
5949835956,5949835953
5949835956,4704888922
5949835956,5949835954
10090479093,4704888930
10090479093,4704888930
10090479093,4704888922
10921990939,4704888924
10921990939,5949835948
10921990939,10921990938
13577660223,4704888929
13577660223,13577660218
13577660223,13577660215
4706296469,4706296471
4706296473,4706296475
4706296484,4706296483
4706296484,4706296485
4706296484,4706296486
4706296485,11793906241
4706296485,4706296484
4706296485,11793906247
4706296486,4706296484
11793906241,4706296485
11793906247,4706296485
4706296487,4706296488
11835681663,4706296488
11835681663,11835681587
11835681663,11835681668
4706296490,4706296489
4706296490,4706296491
4706296490,4706296496
11793918094,4706296489
11793918094,6715220613
11793918094,11793918096
4706296491,4706296490
4706296496,4706296490
4706296520,4706296521
4706296520,4706296522
4706296520,4706296527
4706296521,4706296520
4706296521,4706296523
4706296521,4706296527
4706296522,4706296523
4706296522,4706296520
4706296522,4706296524
4706296527,4706296521
4706296527,4706296520
4706296527,5058520123
4706296523,4706296522
4706296523,4706296521
4706296523,4706296524
4706296524,4706296528
4706296524,4706296522
4706296524,4706296523
4706296528,4706296524
4706296528,4706296570
4706296528,9393336529
5058520123,5058518819
5058520123,4706296527
5058520123,5058518818
4706296570,4706296572
4706296570,4706296565
4706296570,4706296528
9393336529,9393336527
9393336529,9393336528
9393336529,4706296528
4764722750,4706296531
4764722750,4764722741
4764722750,4764722751
11756480767,4706296531
11756480767,11756480768
11756480767,11756480761
4706296533,11793888645
4706296533,4706296534
4706296533,9014131598
11793888645,11793888647
11793888645,4706296533
11793888645,11793888646
4706296534,4706296533
4706296534,9014131600
4706296534,11793888599
9014131600,4706296534
9014131600,9014131602
9014131600,9014131599
11793888599,4706296534
4706296535,11793888655
4706296535,4706296555
4706296535,9014131604
11793888655,11793888657
11793888655,4706296535
11793888655,11793888658
4706296555,4706296535
4706296555,4706296562
4706296555,4706296561
9014131604,9014131602
9014131604,9014131603
9014131604,4706296535
4706296536,4706296537
4706296536,4706296551
4706296536,4706296541
4706296537,4706296536
4706296537,4706296552
4706296537,4706296564
4706296551,4706296552
4706296551,4706296548
4706296551,4706296536
4706296541,4706296568
4706296541,4706296538
4706296541,4706296564
4706296541,4706296536
4706296552,4706296551
4706296552,4706296553
4706296552,4706296549
4706296552,4706296537
4706296564,4706296537
4706296564,4706296541
4706296564,4706296574
4706296538,4706296568
4706296538,4706296566
4706296538,4706296541
4706296568,4706296538
4706296568,4706296567
4706296568,4706296566
4706296568,4706296541
4706296566,4706296565
4706296566,4706296572
4706296566,4706296568
4706296566,4706296538
4706296542,4706296543
4706296542,4706296548
4706296542,4706296545
4706296543,4706296542
4706296543,4706296544
4706296543,4706296546
4706296543,4706296549
4706296548,4706296549
4706296548,4706296551
4706296548,4706296542
4706296545,4706296546
4706296545,4706296542
4706296545,4706296556
4706296544,4706296543
4706296546,4706296545
4706296546,4706296547
4706296546,4706296557
4706296546,4706296543
4706296549,4706296548
4706296549,4706296550
4706296549,4706296543
4706296549,4706296552
4706296556,4706296545
4706296556,4706296557
4706296556,4706296562
4706296547,4706296546
4706296557,4706296556
4706296557,4706296558
4706296557,4706296546
4706296557,4706296562
4706296550,4706296549
4706296553,4706296552
4706296562,4706296556
4706296562,4706296555
4706296562,4706296557
4706296561,7741470283
4706296561,7741470278
4706296561,4706296555
4706296558,4706296557
7741470283,4706296561
7741470283,4706296574
7741470278,11801884112
7741470278,4706296561
7741470278,11801884110
4706296574,4706296564
4706296574,6505890810
4706296574,7741470283
4706296565,4706296566
4706296565,4706296567
4706296565,4706296570
4706296567,4706296568
4706296567,4706296569
4706296567,4706296565
4706296572,4706296570
4706296572,4706296566
4706296572,4706296571
4706296569,4706296567
4706296571,4706296572
4706296571,6715220610
4706296571,6505890810
6505890810,6505890809
6505890810,4706296571
6505890810,4706296574
4706296576,4706296578
4706296576,4706296583
4706296576,4706296589
4706296578,11702036965
4706296578,4706296576
4706296578,4706296583
11702036965,4706296578
11702036965,11702036827
11702036965,11702036966
4706296582,11702036825
4706296582,11750239379
4706296582,11702036827
11702036825,4706296590
11702036825,4706296582
11702036825,11702036826
11750239379,4706296582
11750239379,11690717707
11750239379,11750239388
11702036827,11702036965
11702036827,4706296582
11702036827,11690717707
4706296590,11702036849
4706296590,11702036825
4706296590,4706296594
4706296594,9288295794
4706296594,11750239396
4706296594,4706296590
9288295794,9288295784
9288295794,4706296594
9288295794,9288295792
4706296595,4706296601
4706296595,4706296595
4706296595,4706296595
4706296601,4706296606
4706296601,11750239393
4706296601,4706296595
4706296606,4706296601
4706296606,4706296602
4706296606,9824231256
4706296602,4706296603
4706296602,4706296603
4706296602,4706296606
4764722743,4764722735
4764722743,4706296607
4764722743,9824211895
4706296608,4706296607
4706296609,4706296612
4706296612,4706296611
4706296612,4706296609
4706296612,4706296615
11756504300,4706296611
11756504300,9288295789
11756504300,4706296617
4706296615,4706296612
9288295789,11756504300
9288295789,4706296616
9288295789,9288295791
4706296617,4706296616
4706296617,4706296619
4706296617,11756504300
4706296619,4706296617
4706296632,4706296620
4706296632,4706296625
4706296632,11756504301
4706296622,4706296620
4706296622,4706296625
4706296622,9288295782
10080203001,10080203000
10080203001,4706296620
10080203001,831733049
4706296625,4706296632
4706296625,4706296627
4706296625,4706296622
9288295782,9288295783
9288295782,9288295784
9288295782,4706296622
4706296627,4706296625
4706296627,8235937989
4706296627,4706296626
4706296626,4706296627
8235937989,4706296627
8235937989,11690717725
8235937989,8235937990
4706296628,4706296629
4706296629,4706296628
4706296629,11756504301
4706296629,4706296630
11756504301,4706296629
11756504301,4706296632
11756504301,11756504302
4706296630,4706296629
4710845004,4710845009
4710845004,4710845008
4710845004,4710845008
4710845009,12085970274
4710845009,4710845004
4710845009,12085970215
4710845008,4710845011
4710845008,4710845004
4710845008,4710845004
12085970274,4710845009
12085970274,12085970298
12085970274,12085970275
12085970215,12085970203
12085970215,4710845009
12085970215,12085970276
12085970326,12085970320
12085970326,4710845011
12085970326,12085970336
12085970338,12085970337
12085970338,12085970336
12085970338,4710845011
9238481085,4710845014
9238481085,10875587561
9238481085,9238481079
4710845015,4710845014
4710845015,4710845016
4710845015,4710845018
4710845016,4710845015
4710845016,12085970337
4710845016,12087892151
4710845018,4710845015
4710845018,4710845017
4710845018,12087892151
12087892151,4710845016
12087892151,4710845018
12087892151,12087892153
12083997068,4710845017
12083997068,12083997069
12083997068,12087878825
4710845025,4710845026
4710845025,4710845029
4710845025,4710845037
4710845029,12087892049
4710845029,4710845025
4710845029,12087892018
4710845037,4710845025
4710845037,12087878854
4710845037,4710845026
12087892018,12087892017
12087892018,4710845029
12087892018,12087892063
12087892018,12087892062
4710845034,12087878825
4710845034,4710845035
4710845034,12087878852
12087878825,4710845034
12087878825,12087878826
12087878825,12083997068
12087878852,12087878854
12087878852,12087878853
12087878852,4710845034
4710845036,4710845035
12087878854,12087878852
12087878854,12087878855
12087878854,4710845037
12087892008,12087892063
12087892008,12087892019
12087892008,4710845039
8252011036,4710845043
8252011036,4710845044
8252011036,12087892076
4710845044,8252011036
4710845044,4710845051
4710845044,12087891976
4710845051,4710845044
4710845051,12087892121
4710845051,12087892119
12087891976,4710845044
12087891976,4710845045
12087891976,12087891983
4710845045,12087891976
4710845046,4710845069
4710845069,4710845046
4710845069,4710845047
4710845069,4710845067
4710845047,4710845069
4710845048,12087892119
12087892119,4710845051
12087892119,12087892120
12087892119,4710845048
12087892121,4710845051
12087892121,12087892148
12087892121,12087892120
4710845052,4710845053
4710845052,4710845053
4710845052,4710845054
4710845053,4710845052
4710845053,4710845052
4710845053,4710845060
4710845054,12087870615
4710845054,12085970331
4710845054,4710845052
4710845060,12085970331
4710845060,4710845064
4710845060,4710845053
12087870615,12087892166
12087870615,4710845054
12087870615,12087870636
12085970331,4710845054
12085970331,4710845060
12085970331,12085970330
4710845064,4710845060
4710845064,12087892150
4710845064,4710845062
4710845061,4710845062
4710845061,4710845065
4710845061,4710845066
4710845062,4710845061
4710845062,4710845063
4710845062,4710845064
4710845065,4710845061
4710845063,4710845062
4710845067,4710845068
4710845067,4710845069
4710845067,12087891907
4710845068,4710845067
12087891907,4710845067
12087891907,4710845070
12087891907,8252011116
4712341448,9824211849
4712341448,4712341450
4712341448,10311757265
9824211849,4712341448
10311757265,4712341448
4715468006,4715468007
4718306761,4718306768
4718306761,10110052365
4718306761,10110052278
4718306768,10110052310
4718306768,11231249032
4718306768,4718306761
10110052310,4718306768
10110052310,10110052278
10110052310,10110052322
11231249032,13090137564
11231249032,4718306768
11231249032,11231248993
4718312071,4718312297
4718312071,5119700748
4718312297,4718312071
4718312297,10078060638
5119700748,5119700749
5119700748,4718312297
9128801177,9128801180
9128801177,9128801178
4722975324,4722975328
4722975324,4728029710
4722975324,4728027781
4722975328,4722976397
4722975328,4722975331
4722975328,4722975324
4728027781,4722975324
4722975331,4722975336
4722975331,4722975328
4722975331,4728028316
4722975336,4722976397
4722975336,4728028316
4722975336,4722975331
5006534520,4724580407
4724584679,4724584789
4724604833,4724604828
4724610762,4724610767
4728039900,4728048236
4728039900,4728033686
4728048236,4728039900
4737214514,10661126769
4737214514,12087891761
4737214514,4737214515
10661126769,4737214520
10661126769,4737214514
10661126769,10661126766
12087891761,4737214514
12087891761,10661126766
12087891761,12087891763
4737214515,4737214514
4737214516,4737214520
4737214520,12087891791
4737214520,10661126769
4737214520,4737214516
4737214521,4737214524
4737214524,4737214528
4737214524,4737214521
4737214524,4737214525
4737214525,4737214524
12087891858,4737214528
12087891858,12087891866
12087891858,12087891864
7704626566,8196750019
7704626566,7704626565
7704626566,4743621691
4753276834,1601688158
4753276834,4753275201
4753281785,4753281511
4753281785,4753285488
4753281785,4753285488
4753281785,13612793015
4753285488,4753281785
4753285488,4753281785
4753285488,4777639469
13612793015,6567688448
13612793015,4753281785
13612793015,13612793009
4764722735,9824211899
4764722735,4764722743
4764722735,4764722737
9824211899,4764722738
9824211899,4764722735
9824211899,11750239412
4764722737,4764722738
4764722737,4764722735
4764722737,11756504258
4764722738,4764722759
4764722738,9824211899
4764722738,4764722737
11756504258,11756504256
11756504258,11756504257
11756504258,4764722737
4764722759,4764722741
4764722759,4764722738
4764722759,4764722755
4764722741,4764722750
4764722741,4764722759
4764722741,11756504257
11756504257,4764722741
11756504257,11756504258
11756504257,11756504181
9824211895,4764722743
4764722744,4764722745
4764722744,4764722746
4764722744,4764722753
4764722745,4764722744
4764722745,4764722747
4764722745,4764722753
4764722746,4764722747
4764722746,4764722744
4764722746,4764722749
4764722753,4764722745
4764722753,4764722744
4764722753,11702060721
4764722747,4764722746
4764722747,4764722748
4764722747,4764722745
4764722749,4764722748
4764722749,4764722746
4764722749,4764722751
4764722748,4764722749
4764722748,4764722747
4764722748,4764722751
4764722751,4764722749
4764722751,4764722755
4764722751,4764722750
4764722751,4764722748
4764722755,4764722751
4764722755,9824211897
4764722755,4764722759
9824211897,4764722757
9824211897,4764722755
9824211897,11750239410
4764722756,4764722757
4764722757,4764722756
4764722757,9824231295
4764722757,9824211897
9824231295,4764722757
9824231295,11750239407
9824231295,9824231292
9288468468,4764783172
9288468468,11504260436
9288468468,9288468466
4764783175,4764783176
9288468496,4764783176
9288468496,9288468498
9288468496,9288468490
11504343281,4764783178
8873294325,4769510782
8873294325,9288197095
8873294325,8873267205
11289711529,11289711528
11289711529,4769512767
11289711529,11289711531
4769512769,10232196141
4769512769,12202434893
4769512769,4769512767
12202434893,4769512769
12202434893,12202471739
12202434893,12202434896
4769559326,4769559325
4769559327,4769559330
4769559330,4769559347
4769559330,4769559327
4769559330,4769559345
4769559347,4769559337
4769559347,12178960126
4769559347,4769559330
4769559345,4769559330
4769559331,4769559332
4769559331,4769559337
4769559331,4769559336
4769559332,4769559331
4769559332,4769559333
4769559332,4769559334
4769559337,11147850329
4769559337,4769559347
4769559337,4769559331
4769559336,4769559335
4769559336,4769559331
4769559336,4769559340
4769559333,4769559332
4769559334,4769559340
4769559334,11147850329
4769559334,4769559332
4769559340,11147725598
4769559340,4769559334
4769559340,4769559336
4769559335,4769559336
12178960126,4769559347
12178960126,12178960074
12178960126,12178960128
4769559350,4769559348
4769559352,4769559353
4769559354,7864614709
7864614709,7864614710
7864614709,4769559354
7864614709,7864614704
4771494331,4771494332
4771494332,12310225765
4771494332,4771494331
4771494332,12253728286
12310263454,12310263455
12310263454,4771494336
12310263454,4771494335
4771494342,12310263455
4771494342,4771494335
4771494342,12310240269
4771494336,4771494346
4771494336,12310263454
4771494336,12310240227
12310240227,12310240228
12310240227,12310240228
12310240227,4771494336
12310263455,4771494342
12310263455,9766272960
12310263455,12310263454
9766272958,4771494346
9766272958,12310225751
9766272958,4771494349
4771494347,4771494346
4771494347,9766272960
4771494347,4771494349
4771494349,4771494347
4771494349,12310225778
4771494349,9766272958
12310225778,4771494349
12310225778,12310225748
4777639470,11854029423
4777639470,11854039852
4777639470,4777639469
4777639470,11854039853
11854029423,4777639470
11854029423,10833621043
11854029423,11755811123
11854039853,11854039842
11854039853,11755811123
11854039853,4777639470
12794788786,12794788785
12794788786,11939598475
12794788786,4777655203
4777669933,4777669029
4777669933,4777669032
4777669933,4777669930
4780566073,4780566074
4780566073,4780566078
4780566073,4780566075
4780566074,4780566073
4780566074,4780566075
4780566074,4780566078
4780566078,4780566073
4780566078,4780566074
4780566078,11770061935
4780566075,4780566074
4780566075,4780566081
4780566075,4780566073
4780566081,4780566075
4780566081,7988520569
4780566081,6110515395
7988520569,6110515393
7988520569,4780566081
7988520569,6110515082
6110515395,4780566081
6110515395,3362459477
4807975361,11812617262
4807975361,4807975362
4807975361,4807975362
4807975362,4807975361
4807975362,4807975361
4807975362,11796139946
4846302611,4846304825
9242988751,9242988770
9242988751,9242988778
9242988751,4846308147
7471589425,4846314865
7471589425,10131193515
7471589425,7471589413
4872432053,4872432056
4872432053,4872432060
4872432053,7502900030
4872432056,4872432057
4872432056,4872432053
4872432056,7502900026
4872432060,4872432053
4872432060,4872432058
4872432060,7502899798
7502900030,4872432053
7502900030,7502900026
7502900030,7502899798
4872432057,7502900020
4872432057,4872432056
4872432057,5105534623
7502900026,4872432056
7502900026,7502899870
7502900026,7502900030
7502900020,4872432057
7502900020,7502900019
7502900020,7502899870
5105534623,4872432057
5105534623,5105534621
5105534623,7502899871
4872432058,7502899732
4872432058,4872432060
4872432058,7502900037
7502900037,8734045682
7502900037,4955168454
7502900037,4872432058
7502900037,7502899798
7502899798,4872432060
7502899798,7502900030
7502899798,7502900037
4872432082,8734045686
8734045686,4872432082
8734045686,4955168454
8734045686,5105534526
4955168768,4872432096
4955168768,4955168762
4955168768,4955168774
4872432101,4872432102
4872432101,4872432103
4872432101,4872432104
4872432102,4872432101
4872432103,4872432101
4872432103,4872432109
4872432103,4872432107
4872432104,4872432101
4872432109,4872432110
4872432109,4872432103
4872432109,5045085476
4872432107,4872432105
4872432107,4872432103
4872432107,4872432115
4872432105,4872432106
4872432105,4872432107
4872432105,4872432108
4872432106,4872432105
4872432108,4872432105
4872432115,4872432107
4872432115,4872432112
4872432115,5690232434
4872432110,4872432109
4872432112,4872432113
4872432112,4872432114
4872432112,4872432115
4872432113,4872432112
4872432114,4872432112
5690232434,4872432115
5690232434,4872432116
5690232434,5690186588
5690230797,4872432116
5690230797,4350327550
11032821820,4904776397
10555176797,9707123674
10555176797,4904776400
10555176797,10555176794
4917588833,11812617231
4917588833,11812617230
4917588833,11812617262
11812617230,4917588833
11812617230,11812617231
4954753668,4350327544
4954753668,4954753669
4954753670,6260762994
6260762994,4954753670
6260762994,6260762993
6260762994,4954753678
4954753678,6976044621
4954753678,6260762990
4954753678,6260762994
6976044621,8862714220
6976044621,4954753678
6976044621,7475366154
6260762990,4954753678
6260762990,5045087681
6260762990,6260762989
4954753687,5690230815
4954753687,9721957939
4954753687,5690230816
5690230815,4954753687
5690230815,9721957938
5690230815,8862714220
9721957939,9721957938
9721957939,9721957940
9721957939,8531302981
9721957939,4954753687
5690230816,5045087672
5690230816,4954753687
4954753689,10964967885
4954753689,10964967886
4954753689,10964992605
10964967885,5135640108
10964967885,4954753689
10964967885,10964992606
10964967885,10964992607
10964967886,5690230814
10964967886,4954753689
10964967886,6976044675
10964992605,10964967884
10964992605,4954753689
10964992605,10964992604
4954753700,4954753727
4954753727,4954753668
4954753727,5690232434
4954753701,12650117177
4954753701,4954753700
4954753725,4954753700
4954753725,4954753701
4954753731,828166908
4954753731,4954753703
6938271247,9420089571
6938271247,6938271248
6938271247,6938271246
6938271246,9420089570
6938271246,6938271247
6938271246,6938271245
8259598038,4954753741
8259598038,4954753777
4954753743,4954753746
4954753743,4954753776
4954753746,9420089586
4954753746,8259598051
4954753746,4954753778
4954753776,10048388625
4954753776,4954753747
9420089586,4954753776
9420089586,9420089575
9420089586,4954753746
8259598051,4954753746
8259598051,4954753778
4954753778,6465898439
4954753778,9529772967
4954753747,9420089569
4954753747,6465898438
9420089569,6938271245
9420089569,9420089570
6465898438,4954753755
6465898438,2245123635
4954753755,4954753747
4954753755,4954753743
4954753769,8259598045
4954753769,6938271245
8259598045,8259598040
8259598045,8259598038
8259598045,8259598049
6938271245,6938271246
6938271245,4954753769
6938271245,4954753741
10048388625,4954753769
10048388625,9420089569
6465898439,9420089574
6465898439,9420089586
4955168463,4955168464
4955168463,10846732734
4955168463,8734085531
4955168464,4955168463
4955168464,8734085529
4955168464,8734085621
10846732734,4955168463
10846732734,4955168501
10846732734,4955168505
8734085531,8734085529
8734085531,4955168463
8734085531,4955168501
8734085531,8734058000
8734085529,4955168479
8734085529,4955168464
8734085529,8734085531
8734085621,8734085620
8734085621,4955168464
4955168479,8734085529
4955168479,13538567123
4955168479,8734057994
13538567123,8734058000
13538567123,4955168479
13538567123,13538567126
8734057994,4955168479
8734057994,6432101332
8734057994,8734058000
4955168484,9599257922
4955168484,4955168485
4955168484,9599257945
9599257922,4955168484
9599257922,9599257940
8734085600,7502900076
4955168733,8734085612
4955168733,4955168485
4955168733,10846732710
4955168501,10846732734
4955168501,7645037811
4955168501,8734085531
7645037811,4955168501
7645037811,7645037795
7645037811,7645037795
4955168502,7502899757
4955168502,7933845607
4955168502,4955168505
7502899757,7933845608
7502899757,4955168502
7502899757,7502899756
4955168505,4955168502
4955168505,4955168514
4955168505,10846732734
4955168514,4955168505
4955168514,4955168519
4955168514,4955168519
4955168519,4955168514
4955168519,4955168514
4955168519,4955168721
4955168721,4955168519
8734085620,8734085614
8734085620,4955168736
8734085620,8734085621
4955168753,4955168752
4955168762,4955168768
4955168774,4955168768
4956887737,11770062249
4956887737,732923628
11770062249,11770062250
11770062249,4956887738
11770062249,4956887737
11770062249,11770062251
11770062251,11770062249
11770062251,11770061693
4957281291,4957281289
4957281291,4957281293
4957281291,4957281292
4957281292,4957281294
4957281292,4957281291
4957281292,4957281289
4957281293,4957281294
4957281293,4957281294
4957281293,4957281291
4957281294,4957281292
4957281294,4957281293
4957281294,4957281293
9095739286,4960422299
9095739286,4960422295
4960422295,3523002444
4960422295,4960428492
9095739288,3523002450
9095739288,4960422287
4980339830,4980339831
4999369949,4999369953
4999369949,4999369945
4999369949,4999369989
4999369955,4999369992
4999369955,4999369953
4999369955,4999369954
5000185065,4999369969
5000185065,4999369981
5000185065,5000185062
4999370523,4999370524
4999370523,4999370000
4999370523,13153006910
4999370008,4999370004
4999370524,4999370523
4999370524,4999370526
4999370524,4999370528
4999370526,4999370524
4999370528,4999370524
4999689057,4999689058
4999689059,4999689063
5002907349,5001391965
5012432633,5012432646
5012432633,5012432636
5012432633,5012432641
5012432633,12037845106
5012432636,5012432635
5012432636,5012432634
5012432636,5012432633
5012432634,5012432636
5012432635,5012432636
12037851788,5012444172
12039841976,12037848142
12039841976,5012444175
12039841976,12039841982
5012453634,5012453636
5012466336,5012466339
5012466336,5012466339
5012466336,5012466340
5012466339,5012466347
5012466339,5012466336
5012466339,5012466336
5012466347,5012466339
5012466347,13611204039
5012466347,13611204044
5012466346,5012466340
5012466346,9924841907
5012466346,13611204039
9924841907,5012466346
9924841907,9924841906
9924841907,7389186808
13611204039,5012466347
13611204039,5012466346
13611204039,13611204041
13611204044,5012466347
13611204044,13611204043
13611204044,13611204041
5012466348,13611204043
13611204043,13611204044
13611204043,5012466348
13611204043,13611204041
5012466349,5012466352
5012466352,5012466355
5012466352,5012466349
5012466352,5012466354
5012466355,5012466352
5012466355,10604258234
5012466355,5012466357
8335372457,5012466354
5012466358,5012466359
5012466359,5012466358
5012466359,5012466360
5012466359,5012466364
5012466360,5012466359
5012466364,11841036226
5012466364,6489444303
5012466364,5012466359
13534104249,5012466367
13534104249,13534104257
13534104249,13534104261
13611204032,11901200503
13611204032,13611204033
13611204032,5012466367
5018476585,5018476583
5018476587,5018476586
5029499241,5029499248
5029499241,5029499244
5029499241,5029499242
5029499248,5029499250
5029499248,5029499241
5029499248,5029499247
5029499244,5029499241
5029499244,5029499243
5029499244,5029499246
5029499242,5029499243
5029499242,5029499247
5029499242,5029499241
5029499243,5029499246
5029499243,5029499242
5029499243,5029499244
5029499247,5029499242
5029499247,5029499251
5029499247,5029499248
5029499250,12037851783
5029499250,5029499248
5029499250,5029499251
10260524752,10260524751
10260524752,5029523080
10260524752,12037851731
6432101316,3163887266
5041493819,5041493820
5041493819,3521701226
5041493820,3901301577
5041493820,5041494326
5041494326,5041494323
5041494326,5041494327
5041494323,5041494327
5041494323,3901301576
5041494323,5041493819
5041494328,5041494326
5041494328,3901301577
9360047044,9095739275
9360047044,5041494355
5041494353,9360047043
5041494353,9095739275
9360047043,3901301577
9360047043,9095739275
9095739275,9360047043
9095739275,9360047044
9095739275,5041494328
5041494355,12049116995
5041494355,5041494353
5044927370,5044927373
5044927370,5044927371
5044927370,2690000141
5044927368,10564075847
5044927368,5044927373
5044927368,5044927365
5044927373,5044927370
5044927373,620300563
5044927373,5044927368
5044927371,5044929305
5044927371,2690000139
5044929305,5044929304
5044929305,5044929304
5044929304,3902225720
10706757691,5044933521
10706757629,5044933522
5045085484,6329721889
5045085484,12650117167
5045085484,5045085476
12650117167,12650117171
12650117167,5045085484
12650117167,12650117170
6260647406,5045087506
6260647406,5045087676
6260647406,7475366154
5045087672,12509170233
5045087672,5690230816
5045087672,6260762988
12509170233,5045087679
12509170233,5045087672
12509170233,12509170235
6260762988,7475366158
6260762988,5045087672
6260762988,8862714219
5045087676,6260647406
5045087676,5045087679
5045087676,6260647394
5045087676,7475366158
5045087679,12509170233
5045087679,8531302806
5045087679,5045087676
6260647394,8531302799
6260647394,5045087676
6260647394,6260647399
7475366158,8862714227
7475366158,5045087676
7475366158,6260762988
8531302806,5045087679
8531302806,8531302799
8531302806,12509170232
5045087681,6260762990
5046620314,5046621132
5046621132,5046621130
5046621132,5046621124
5046621132,5046620314
5046620320,5046621121
5046621121,5046620320
5046621121,5046621124
5046621121,5046621136
5046621124,5046621132
5046621124,5046621122
5046621124,5046621121
5046621136,5046621121
5046621122,5046621124
5046621126,5046621129
5046621129,5046621128
5046621129,5046621126
5046621129,5046621130
5046621128,5046621129
5046621138,5046621139
5046621138,5046621206
5046621138,5046621205
5046621139,5046621138
5046621139,5046621203
5046621139,5046621202
5046621206,9767153566
5046621206,5046621138
5046621206,5046621213
5046621205,5046621204
5046621205,5046621138
5046621205,5149946904
5046621203,5046621139
5046621202,5046621139
5046621202,5046621204
5046621202,5046621187
5046621140,5046621172
5046621172,5046621166
5046621172,5046621140
5046621172,5046621167
5046621142,5046621146
5046621146,5046621142
5046621146,5046621159
5046621146,5046621159
5046621159,5046621150
5046621159,5046621158
5046621159,5046621146
5046621159,5046621146
5046621150,5046621159
5046621150,5046621152
5046621150,5046621152
5046621152,5046621150
5046621152,5046621150
5046621152,5046621158
5046621158,5046621159
5046621158,5046621156
5046621158,5046621152
5046621155,5046621156
5046621155,5046627604
5046621155,5046627605
5046621156,5046621155
5046621156,5046621158
5046621156,5046621160
5046627604,5046621155
5046627605,5046621160
5046627605,5046621163
5046627605,5046621155
5046621163,5046627605
5046621163,5046621167
5046621163,5046621183
5046621167,5046621166
5046621167,5046621163
5046621167,5046621172
5046621183,5046621187
5046621183,5046621163
5046621183,5046621204
5046621166,5046621167
5046621166,5046621187
5046621166,5046621172
5046621187,5046621183
5046621187,5046621166
5046621187,5046621202
5046621204,5046621202
5046621204,5046621205
5046621204,5046621183
5149946904,1032159656
5149946904,5046621205
9767153566,5150000680
9767153566,5046621206
9767153566,5232649632
5046621213,5046621206
5046708246,5046708247
5046708246,5046708247
5046708246,5046708251
5046708247,5046708246
5046708247,5046708246
5046708247,5046708251
5046708255,5046708256
5054492968,5054492969
13611203992,13611203990
13611203992,13611203993
13611203992,5054518740
13510539599,13510552499
13510539599,5054518741
13510539599,13510539600
5054518754,5054518760
5054518754,12037851860
5054518754,12037851905
5054518760,5054518754
5054518760,12037851895
5054518760,5054518757
5054518760,12037851892
5054518760,12037851905
12037851860,12037851859
12037851860,12037851844
12037851860,5054518754
12037851905,12037851852
12037851905,5054518754
12037851905,5054518760
12037851905,12037851901
5054518755,5054518762
5054518755,5843651834
5054518755,5054518756
5054518762,12000517167
5054518762,5054518755
5054518762,5054518757
5843651834,5054518755
5843651834,5843651837
5843651834,10719137127
5054518756,5054518755
5054518756,5054518757
5054518756,12037851892
5054518757,5054518756
5054518757,5054518762
5054518757,5054518760
12037851892,5054518756
12037851892,12037851897
12037851892,5054518760
12037851895,12037851898
12037851895,5054518760
12037851895,12037851897
5054530489,5054530490
5054530490,5054530489
5054530490,5054530493
5054530490,13617148949
5054530491,5054530493
5054530495,5054530494
5054530496,5054530497
5054530498,13617166628
13617166628,5054530498
13617166628,5054530500
13617166628,13617166624
5054530501,5054530502
5054530515,5054530513
5054530515,5054530517
5054530515,5054530516
5054530514,5054530513
5054530514,5054530516
5054530514,5054530519
5054530516,5054530515
5054530516,5054530514
5054530516,5054530517
5054530519,13510552461
5054530519,5054530514
5054530519,7388819712
5054540855,5054540856
5054540856,5054540855
5054540856,5054540865
5054540856,5054540858
5054540865,5054540856
5054540858,5054540857
5054540858,13612885092
5054540858,5054540856
13592299605,5054540857
13592299605,5054540871
13592299605,13592299607
13612885092,5054540858
5054540869,13612885086
13612885086,5054540871
13612885086,13612885087
13612885086,5054540869
5054540872,13529053098
5054540872,13529054103
5054540872,13529054116
13529053098,5054540872
13529053098,13529054104
13529053098,13529053091
13529054103,5054540872
13529054116,5054540872
5054540885,5054540883
5054573336,5054573337
5054573338,5054573339
5054573360,5054573362
5054573374,10719110145
5054573374,5054573379
5054573374,5054573388
10719110145,5054573374
10719110145,5054573376
10719110145,10719110147
5054573379,10719110128
5054573379,10719110129
5054573379,5054573374
5054573376,10719110147
5054573376,10719110145
5054573376,12061886713
10719110147,5054573376
10719110147,12061886713
10719110147,10719110145
10719110128,5054573379
10719110128,10719110129
10719110128,5054573381
10719110129,10719110127
10719110129,10719110128
10719110129,5054573379
7391641870,5054573392
7391641870,5054573381
7391641870,7391641868
5054573391,12061887788
12061887788,5054573391
12061887788,12061887745
12061887788,12061887745
5054573392,5054573394
5054573392,7391641870
5054573392,12061887756
5054573394,12061935824
5054573394,5054573392
5054573394,12061887754
12061887756,12061887745
12061887756,5054573392
12061887756,12061887754
12061887754,5054573394
12061887754,7391711214
12061887754,12061887756
5054573417,5054573416
5054584938,5054584942
5054584943,5054584945
5054584945,5054584946
5054584945,5054584947
5054584945,5054584943
5054584946,5054584945
5054584953,5054584954
5054584955,5054584957
7801590074,7801590073
7801590074,7801590054
7801590074,5057830724
11901200503,9924841905
11901200503,13611204032
11901200503,5057830777
5058518818,5058518819
5058518818,5058518820
5058518818,5058520123
5058518819,5058520123
5058518819,5058518820
5058518819,5058518818
5076732812,12061935665
12061935665,5076732812
12061935665,8810916683
12061935665,12061935666
5076733762,5076733761
5076733762,5076733729
5076733762,12104961567
5076733752,5076733758
5076733752,5076733751
5076733752,5076733729
5076733773,5076733731
5076733773,5076733730
5076733773,5076733774
5076733773,12104961644
12104961639,5076733784
12104961639,5076733730
12104961639,12104961644
5076733731,12104961570
5076733731,5076733773
5076733731,5076733767
5076733731,5076733770
12104961570,5076733732
12104961570,5076733731
12104961570,12104961567
5076733767,5076733766
5076733767,5076733774
5076733767,5076733731
5076733770,5076733777
5076733770,12104961670
5076733770,5076733731
5076733770,5076733772
12104961571,12104961567
12104961571,5076733732
12104961571,12104961573
5076733733,5076733735
5076733739,5076733736
5076733740,5076733736
5076733751,8235910167
5076733751,5076733752
5076733751,5076733748
8235910167,8235910176
8235910167,5076733751
8235910167,8235910177
12104961667,5076733758
12104961667,5076733761
12104961667,12104961670
5076733761,12104961670
5076733761,5076733762
5076733761,12104961667
12104961670,5076733761
12104961670,5076733770
12104961670,12104961667
12104961567,12104961571
12104961567,5076733762
12104961567,12104961570
5076733774,5076733767
5076733774,5076733787
5076733774,5076733773
12104961644,5076733777
12104961644,5076733773
12104961644,12104961639
5079114013,5079114018
5079114018,7559980240
5079114018,5079114013
5079114018,5079114016
5079114016,5079114020
5079114016,6485732545
5079114016,5079114018
6485732545,6485732546
6485732545,6485732547
6485732545,5079114016
5079114017,7559980240
7559980240,5079114017
7559980240,5079114018
7559980240,7559980238
5079114027,6485732537
6485732537,5079114027
6485732537,5079114028
6485732537,6485732539
5079114029,5079114028
5079114030,5079114028
5079114030,6485732539
5079114030,9447366057
6485732539,6485732540
6485732539,6485732537
6485732539,5079114030
9447366057,9447366056
9447366057,11835734545
9447366057,5079114030
5083574777,6560953539
5083574777,9931881984
5083574777,6560953541
6560953539,5083574777
6560953539,6560953531
6560953539,6560953533
9931881984,6560953540
9931881984,5083574777
9931881984,13308874600
6560953541,5083574777
5083574784,5083574789
5083574789,5083574784
5083574789,5083574793
5083574789,9931882380
5083574788,6560953531
5083574788,5083574793
5083574788,11816506762
5083574788,11816506763
6560953531,6560953539
6560953531,5083574788
6560953531,6560953530
5083574793,5083574788
5083574793,5083574789
5083574793,6560953524
11816506762,5083574788
11816506762,6560953524
11816506762,6560953530
11816506763,5083574788
9931882380,9931882381
9931882380,5083574789
9931882380,9931882386
6560953548,6560953546
6560953548,7475323595
6560953548,5083574792
9931882374,9931882373
9931882374,9931882386
9931882374,5083574792
6560953524,11816506762
6560953524,6560953523
6560953524,5083574793
5083624515,7475272854
5083624515,7475285532
5083624515,7475272855
7475272854,7475272859
7475272854,5083624515
7475272854,7475272855
7475285532,5083624515
7475285532,7475272858
7475285532,7475272824
7475272855,7475272854
7475272855,7475272857
7475272855,5083624515
5083626127,6485699708
5083626127,7475272859
5083626127,10132068751
7475272859,5083626127
7475272859,7475272854
7475272859,7475272857
10132068751,7475272858
10132068751,5083626127
10132068751,10132068753
5105534526,8734045688
5105534526,7502900078
5105534526,8734045686
8734045688,5105534526
8734045688,10009185543
8734045688,7502900068
7502900078,7502900076
7502900078,5105534526
7502900078,7502900068
5105534621,5105534623
7502899871,7502899872
7502899871,7502899870
7502899871,5105534623
5119700747,5119700751
5119700751,5119700747
5119700751,5119700750
5119700751,5119700752
10078060296,1034252059
5119700752,5119700751
5124624199,10309843365
10309843365,10705551882
10309843365,5124624199
10309843365,10309843363
5124624200,10705551882
5124624200,5124624201
5124624200,10309843293
10705551882,5124624200
10705551882,10309843365
10705551882,10705551880
5124624201,5124624200
5124624201,10309843394
5124624201,10309843388
10309843293,10309843291
10309843293,10705551904
10309843293,5124624200
10309843394,5124624201
10309843394,5124624203
10309843394,10309843387
10309843388,10309843390
10309843388,10309843387
10309843388,5124624201
5124624203,10705551875
5124624203,10309843394
10705551875,10705551874
10705551875,7142008627
5135640098,8464054507
5135640098,6260460379
5135640098,5135641574
6260460379,6270094178
6260460379,6260460377
6260460379,5135640098
5135641574,5135640098
5135641574,5135641528
5135641574,5135641572
5135641574,5690186565
5135640108,5690186580
5135640108,10964967885
5135640108,5690232422
5690186580,5135640108
5690186580,5690230810
5690186580,8464054559
5690232422,5135640108
5690232422,9721958063
5690232422,6260460364
5135641528,5135641574
5135641528,6260460368
5135641528,6260460364
6260460368,11781249197
6260460368,5135641528
6260460368,6260647392
6260460364,5135641528
6260460364,5690232422
6260460364,6260460365
5135641545,5135641553
5135641553,6260460377
5135641553,5135641545
5135641553,5135641568
6260460377,5135641553
6260460377,6260460379
6260460377,6260666309
6260460377,6267619303
5135641568,5135641572
5135641568,5135641553
5135641568,6260647392
5135641572,5135641568
5135641572,5135641574
5135641572,6260647392
6260647392,6260460368
6260647392,5135641568
6260647392,5135641572
5690186565,5690186585
5690186565,5135641574
5690186565,6260460365
5135641577,5690232424
5135641577,8464054562
5135641577,8464054559
5690232424,5135641577
5690232424,5690186581
5690232424,5690232422
8464054559,5690230809
8464054559,5135641577
8464054559,5690186580
5150000680,9767153566
13137825061,13137825017
13137825061,5174417654
13137825061,13137825062
9236375982,9236375983
9236375982,13137825087
9236375982,5174417654
5174418021,5174417720
12844577878,10084865520
12844577878,5174418022
12844577878,12844577882
5174418023,5174418024
5174418023,5174418034
5174418023,10233684283
5174418024,5174418023
5174418024,10233684285
5174418024,5174418027
5174418034,5174418035
5174418034,5174418028
5174418034,5174418023
10233684283,5174418023
10233684283,10233684284
10233684283,12844577883
10233684285,5174418024
10233684285,12844577883
10233684285,10233684286
5174418027,5174418028
5174418027,5174418029
5174418027,5174418024
5174418028,5174418027
5174418028,5174418036
5174418028,5174418034
5174418029,10233684271
5174418029,10233684262
5174418029,5174418027
5174418036,5174418037
5174418036,5174418039
5174418036,5174418028
5174418036,5174418045
10233684271,10233684279
10233684271,5174418029
10233684271,10233684272
10233684262,5174418029
10233684262,5174418045
10233684262,13137832778
5174418035,5174418034
5174418037,5174418036
5174418039,5174418042
5174418039,5174418036
5174418039,12794844927
5174418045,10233684262
5174418045,5174418040
5174418045,5174418036
5174418042,13137825030
5174418042,5174418039
5174418042,13137825034
13137825030,5174418040
13137825030,5174418042
13137825030,13137825022
13137825034,13137825033
13137825034,13137825035
13137825034,5174418042
5174418054,10233684263
5174418054,10233684264
5174418054,13137825067
5174418054,10233684261
10233684264,5174418054
10233684264,13137832778
10233684264,10233684274
13137832801,5174418057
13137832801,13137832807
13137832801,13137832807
10233684274,10233684275
10233684274,10233684264
10233684274,5174418057
5174418058,5174418059
5174418059,10233716322
5174418059,5174418058
5174418059,10233716318
10233716322,5174418059
10233716322,13137825069
10233716322,10842119834
10233716318,10233684244
10233716318,12844367635
10233716318,5174418059
11329645601,5206769626
11329645601,11329645584
11329645601,11329645604
11329645601,11329645608
5223495331,11329828710
11329828710,5223495331
11329828710,11329828713
11329828710,11329828712
5231735077,5231735078
5231735078,5231735077
5231735078,5231735114
5231735100,5231735114
9767153582,9767153570
9767153582,9767153578
9767153582,5232644927
9775273975,9775273972
9775273975,5246056850
9775273975,9775273980
10549097773,9775273980
10549097773,5246056850
10549097773,10549097781
9775273964,9775273987
9775273964,5246056863
9775273964,9775266573
5246357763,5246357767
11770061566,5246357775
5251336456,5251336455
5254178123,5254199123
5254178123,5254199123
5254178123,5254201821
5254199123,5254178123
5254199123,5254178123
5254199123,5254187422
5258322118,5258323524
5258322118,13502563962
5258322118,5258322119
5258323524,5258322118
5258323524,5258323525
5258323524,5258323526
13502563962,5258322118
13502563962,13502563960
13502563962,13502563963
5258322119,5258322118
5258322120,5258323522
5258322120,5258323526
5258322120,5258323521
5258323526,5258322120
5258323526,5258323527
5258323526,5258323524
5258323521,5258322120
5258323523,5258323522
5258323525,5258323524
5258323527,5258323526
5265698013,5266039137
5265698013,5266039138
5265698013,5266039139
13466605671,5265700069
10706759383,5265700071
10706759383,10706759384
10706759383,10706759367
5266038605,5266038607
5266038619,5266038618
5266039121,5266038620
5266039127,5266039128
5266039127,13532783454
5266039127,13309100847
5266039128,5266039127
5266039128,13309100847
5266039128,13532783461
13532783454,5266039127
13532783454,5266039129
13532783454,13532783456
13309100847,5266039128
13309100847,5266039127
13309100847,13309100845
13532783461,13532783456
13532783461,13532783456
13532783461,5266039128
5271764264,9420119395
5271764264,2604800684
9420119395,9420119376
9420119395,5271764264
9360047037,11770061696
9360047037,11770061689
11770061696,5271764268
11770061696,9360047037
11770061696,9360047038
11770061696,5271764267
5271764268,11770061696
5271764268,732923792
9420119415,5271764269
8259598050,4954753743
8259598050,8259598051
5271818856,5271818855
5271818856,11702079438
5271818856,5271818846
5271818855,5271818856
11702079438,5271818856
5271818870,5271818880
5271818870,5271818872
5271818870,8259598032
5271818870,11641409709
5271818880,5271818870
5271818872,5271818886
5271818872,5271818871
5271818872,5271818870
5271818872,8259598031
8259598032,8259598031
8259598032,8259598029
8259598032,5271818870
11641409709,11641409707
11641409709,11641409710
11641409709,5271818870
5271818871,5271818883
5271818871,5271818882
5271818871,5271818872
5271818871,8259598030
5271818883,5271818871
8259598030,8259598031
8259598030,8259598033
8259598030,5271818871
5271818886,5271818872
8259598031,8259598032
8259598031,8259598030
8259598031,5271818872
5271818875,5271818877
5271818877,8259598024
5271818877,5271818875
5271818877,11641409711
8259598024,5271818877
8259598024,5271818878
8259598024,8259598027
11641409711,11641409707
11641409711,11641409712
11641409711,5271818877
8259651952,8259651950
8259651952,8259651947
8259651952,5271818878
5271818881,8259598027
8259598027,5271818881
8259598027,5271818882
8259598027,8259598033
8259598027,8259598024
5275123396,5275123398
5275123398,5275123397
5275123398,5275123399
5275123398,5275123396
5275123397,5275123398
5275123399,10298119214
5275123399,10298119217
5275123399,5275123398
10298119214,10298069008
10298119214,5275123399
10298119214,10298119217
5283763888,6756063400
6756063400,5283763888
6756063400,5283763889
6756063400,6756063401
11547183108,5283763889
5283765035,5283765046
5299674036,5299674035
5314721844,10707352075
5314721844,10707352068
5314721844,5314721847
10707352075,10707352081
10707352075,5314721844
10707352075,10707352074
10707352068,5314721849
10707352068,5314721844
10707352068,10707352074
5314721847,5314721848
5314721847,5314721844
5314721847,5314721845
5314721845,5314721846
5314721845,5314721847
5314721845,5314721851
5314721845,10707352070
5314721846,5314721845
5314721851,5314721845
5314721851,10096985981
5314721851,10096985711
10707352070,5314721845
5314721848,5314721847
12157674405,5314721852
12157674405,5314721849
12157674405,12157674407
10096985981,5314721851
10096985981,5314721852
10096985981,10096985711
10096985711,10096985848
10096985711,5314721851
10096985711,10096985981
5314721852,8237468847
5314721852,12157674405
5314721852,10096985981
5314721865,5314721867
5314721867,5314721866
5314721867,5314721865
5314721867,5314721868
5314721866,5314721867
5322796918,5322796921
5322796918,5322796936
5322796918,5322796972
5322796972,5322796935
5322796972,5322796971
5322796972,5322796918
5322796972,5322796966
5322796920,5322796936
5322796922,5322796921
5322796922,5322796937
5322796965,5322796964
5322796965,5322796937
5322796965,5322796921
5322796937,5322796965
5322796937,5322796938
5322796934,5322796966
5322796934,5322796935
5322796935,5322796972
5322796935,1105133970
5322796938,5322796964
5322796938,5407036699
5322796967,5322796966
5322796967,5322796968
5322796975,5322796974
5322796975,5322796932
5326005231,5326005229
5366179375,11756461755
5366179375,11756461740
5366179375,5366179376
5366179376,5366179375
5398100574,5398100573
5398100574,5398100575
5398100574,5398100576
5398100575,5398100574
5398100576,5398100574
5398123947,5398123948
5398123961,5398123967
5398123961,5465350690
5398123961,5398123960
12565855485,12565855488
12565855485,5398123960
12565855485,12565855487
5398123967,5398123961
12565855487,5398123969
12565855487,12565855489
12565855487,12565855485
12565855489,12565855487
12565855489,12565855488
12565855489,5398123971
12565855488,12565855485
12565855488,12565855489
12565855488,5398123971
5398123992,5398123999
5407038133,5407038132
5407038135,5407038134
5407038141,5407038139
5407038141,5407038144
5407038141,5407038142
5407038140,5407038139
5407038142,5407038141
5407038145,5407038144
5407038174,12310225768
12310225768,5407038176
12310225768,5407038174
12310225768,12310225766
5407038537,12178934186
5407038537,5407038539
5407038537,5407038539
12178934186,5407038537
12178934186,5407038541
12178934186,12178934189
12286128984,5407038542
12286128984,12286128985
12286128984,12286128986
5407038547,8089607354
5407038547,12286129005
5407038547,5407038546
5407038548,8089607367
8089607367,5407038548
8089607367,5407038550
8089607367,12310225739
5407038549,5407038550
5407038550,8089607367
5407038550,5407038549
5407038550,8089607365
5407054023,5407054022
5407054023,12310263430
5407054023,12310263429
5407054024,5407054022
5407054024,5413059218
5407054024,5413059219
12310263426,5413059208
12310263426,12310263428
12310263426,12310263428
5413059212,5413059210
5413059213,5413059214
5413059216,5413059215
5413059220,12310263429
5413059220,5413059521
5413059220,5413059521
5420362820,9824231250
5420362820,5420363422
5420362820,9824231251
9824231250,5420362820
9824231250,9824231253
9824231250,9824231238
9824231251,9824231253
9824231251,9824231254
9824231251,5420362820
5420363426,9014131593
5420363426,5420363426
5420363426,5420363426
9014131593,5420363426
9014131593,5420363429
9014131593,9014131595
5420363429,7741470277
5420363429,9014131593
5420363429,11801884113
7741470277,5420363429
7741470277,9933069980
11801884113,11801884110
11801884113,11801884112
11801884113,5420363429
11801884110,5420363431
11801884110,11801884113
11801884110,7741470278
5420363433,5420363431
5420363435,5420363436
5420363435,11702037077
5420363435,5420363434
5420363435,11702037078
5420363436,5420363435
5420363436,5420363437
5420363436,11702037085
11702037077,5420363435
11702037077,9133169298
11702037077,11702037078
11702037078,11702037077
11702037078,5420363435
11702037078,5645355564
11702037085,5420363436
11702037085,11702037085
11702037085,11702037085
5420363441,9824231226
5420363441,11702018954
5420363441,11702018958
11702018954,11702018952
11702018954,11702018955
11702018954,5420363441
11702018958,5420363441
5426232357,5426232354
5426232357,12286103894
5426232357,5426232362
5426232362,5426232355
5426232362,12286103797
5426232362,5426232357
12286103894,5426232357
12497668377,5426236679
12497668377,12497668366
12497668377,12497668381
10868028630,10868028645
10868028630,10868028629
10868028630,5426236679
10868028630,10901463775
10868028667,10868028655
10868028667,10868028666
10868028667,5426236679
5426236680,10868028645
5426236680,10868028625
5426236680,10868028627
10868028645,10868028630
10868028645,5426236680
10868028645,10868028646
10868028625,10868028626
10868028625,5426236680
10868028625,10868028636
5446678570,12310225754
12310225754,5446678570
12310225754,5446678571
12310225754,12310225751
5465350660,5465350659
5465350676,5465350677
5465350676,5465350668
5465350676,5465350678
5465350680,5465350681
5465350682,5465350683
5465350684,5465350685
5465350686,5465350687
5477669883,8462532107
5477669883,5477669890
5477669883,8462595926
8462532107,8462532101
8462532107,10722143224
8462532107,5477669883
5477669890,5477669897
5477669890,5477669883
5477669890,8462595931
8462595926,8462595925
8462595926,5477669883
8462595926,8462595923
5477669887,8462595931
5477669887,8462532101
5477669887,8462532106
8462595931,5477669890
8462595931,5477669887
8462595931,5477670229
8462532101,8462532107
8462532101,8462532102
8462532101,5477669887
8462532106,5477669913
8462532106,8462595922
8462532106,5477669887
5477669897,8512967505
5477669897,11530365472
5477669897,5477669890
8512967505,5477669897
8512967505,5681305141
8512967505,8512967503
5477669908,10722143239
5477669908,10722143229
5477669908,5681305086
10722143229,5681305087
10722143229,5477669908
10722143229,10722143231
5477669911,10722143225
5477669911,8462532112
5477669911,8462532108
10722143225,5477669911
10722143225,10722143217
10722143225,8462595917
8462532108,10722143239
8462532108,5477669911
8462532108,10722143231
5477669913,10722143217
5477669913,5477669914
5477669913,8462532106
5477669913,8462595930
10722143217,10722143225
10722143217,5477669913
10722143217,10722143218
8462595930,5477669913
11530365475,11530365476
11530365475,5477669914
11530365475,5477669915
5477669915,11530365475
5477669915,620105067
5477669919,5477670239
5477670239,5477669919
5477670239,5477669915
5477670229,5477670239
5477670229,8462595931
5578006515,13570647649
5578006515,5578006514
5578006515,9599261333
13570647649,5578006514
13570647649,5578006515
13570647649,13570647647
9599261333,13570647647
9599261333,7502899732
9599261333,5578006515
5578079898,5578079902
5578079898,5578079855
5578079898,5578079896
5578079861,13602882333
5578079861,5578079868
5578079861,5578079864
5578079868,5578079867
5578079868,5578079861
5578079868,5578079866
5578079864,5578079865
5578079864,5578079867
5578079864,5578079861
5578079867,5578079864
5578079867,5578079866
5578079867,5578079868
5578079866,5578079867
5578079866,5578079874
5578079866,5578079868
5578079874,5578079877
5578079874,5578079873
5578079874,5578079866
5578079871,5578079875
5578079871,5578079876
5578079871,5578079873
5578079875,5578079871
5578079876,5578079871
5578079876,5578079872
5578079876,5578079878
5578079873,5578079872
5578079873,5578079874
5578079873,5578079871
5578079872,5578079873
5578079872,5578079877
5578079872,5578079876
5578079877,5578079874
5578079877,5578079872
5578079877,13602488674
13602488674,5578079885
13602488674,13602488676
13602488674,5578079877
13602488675,13602488676
13602488675,13595772741
13602488675,5578079878
5578079880,5578079882
5578079880,5578079884
5578079880,13602488676
5578079884,5578079883
5578079884,5578079885
5578079884,5578079880
13602488676,13602488675
13602488676,13602488674
13602488676,5578079880
5578079887,5578079893
5578079887,5578079889
5578079887,5578079888
5578079893,5578079887
5578079889,5578079888
5578079889,5578079890
5578079889,5578079887
5578079888,5578079889
5578079888,5578079891
5578079888,5578079887
5578079894,5578079895
5578079895,5578079894
5578079895,5578079902
5578079895,5578079901
5578079901,5578079895
5578079896,5578079898
5578079905,5578079907
5578079908,5578079907
5578090156,10875033197
5578090156,5578090170
5578090156,10875033186
5578090156,10875033202
10875033197,5578090157
10875033197,5578090156
10875033197,10875033198
5578090170,5578090156
5578090170,5578090162
5578090170,10875033201
5578090170,10875033185
10875033186,10875033184
10875033186,5578090156
10875033186,10875033185
10875033202,5578090156
10875033202,10875033204
10875033202,10887675599
10875033202,10875033201
10887675600,5578090157
10875033199,5578090157
5578090159,5578090160
5578090159,10875033191
5578090159,10887721306
5578090160,10875033194
5578090160,5578090161
5578090160,5578090159
10875033191,10875033190
10875033191,5578090159
10875033191,10875033192
10887721306,5578090159
10887721306,10887721307
10887721306,10875033193
10875033194,10875033196
10875033194,5578090160
10875033194,10875033193
5578090161,5578090160
5578090161,10875033198
5578090161,10875033192
10875033192,5578090161
10875033192,10875033189
10875033192,10875033191
5578090162,5578090170
5578090162,10887721311
5578090162,10875060320
10887721311,5578090162
10887721311,10887721311
10887721311,10887721311
10875060320,5578090162
10875060320,10875060319
10875060320,10875060321
5578090163,5578090171
5578090163,10875060330
5578090163,10887675602
5578090171,5578090163
5578090171,10875033195
5578090171,10887675602
5578090171,10875033196
10875060330,10875060328
10875060330,5578090163
10875060330,10875060331
10887675602,5578090171
10887675602,5578090163
10887675602,5578090173
5578090166,10875060310
5578090166,5578090167
5578090166,10875060309
10875060310,10875060307
10875060310,5578090166
10875060310,10875060311
10875060310,10875060309
5578090167,5578090166
10875060309,10875060333
10875060309,10875060310
10875060309,5578090166
10875033201,10875033203
10875033201,5578090170
10875033201,10875033202
10875033185,5578090170
10875033185,10875060321
10875033185,10875033186
10875033195,10875033196
10875033195,10875033193
10875033195,5578090171
10875033196,10875033194
10875033196,10875033195
10875033196,5578090171
10887675601,5578090173
5645347448,5645347462
5645347448,5645347450
5645347448,5645347449
5645347450,5645347448
5645347450,12111434704
5645347450,5645347451
5645347449,5645347451
5645347449,5645347448
5645347449,5645347464
5645347451,5645347449
5645347451,5645347453
5645347451,5645347450
5645347464,8259387037
5645347464,12111434719
5645347464,5645347449
12111434704,5645347450
12111434704,5645347452
12111434704,12111434705
5645347453,5645347451
5645347453,5645347455
5645347453,5645347452
5645347452,12111434704
5645347452,5645347454
5645347452,5645347453
5645347454,5645347452
5645347454,5645347456
5645347454,5645347455
5645347455,5645347453
5645347455,5645347457
5645347455,5645347454
5645347456,5645347454
5645347456,5645347458
5645347456,5645347457
5645347457,5645347455
5645347457,5645347459
5645347457,5645347456
5645347458,5645347456
5645347458,5645347460
5645347458,5645347459
5645347459,5645347457
5645347459,5645347461
5645347459,5645347458
12111434719,5645347462
12111434719,5645347464
12111434719,12111434720
8259387037,5645347464
8259387037,12111434720
8259387037,8259387063
12111434629,12111431759
12111434629,5645347470
12111434629,12111434632
5645347475,8393239344
5645347475,8393239342
5645347475,8393239330
8393239344,8393239342
8393239344,5645347474
5645355564,9133169298
5645355564,11702037068
5645355564,11702037078
9133169298,11702037077
9133169298,5645355564
9133169298,9824231219
11702037068,5645355564
11702037068,11702037069
11702037068,5645355565
5645355565,11756504446
5645355565,11702037068
5645355565,9824231226
11756504446,5645355565
11756504446,11702018939
11756504446,11756504448
5645355567,11702018939
5645355567,5645355569
5645355567,11702018931
11702018939,5645355567
11702018939,11702018940
11702018939,11756504446
5645355569,5645355567
5645355569,5645355571
5645355569,5645355568
11702018931,5645355567
5645355568,5645355569
5645355571,11702018944
5645355571,5645355569
5645355571,11702018938
11702018944,5645355570
11702018944,5645355571
11702018944,11702018946
11702018938,11702018933
11702018938,5645355571
11702018938,11702018936
5645737686,5645737683
5645737686,5645737687
5645737686,5645737688
5645737685,5645737687
5645737685,5645737683
5645737685,12178960017
5645737687,5645737686
5645737687,12178960008
5645737687,5645737685
5645737687,5645737689
12178960017,5645737685
5645737688,5645737690
5645737688,5645737689
5645737688,5645737686
12178960008,5645737687
5645737689,5645737688
5645737689,12178960009
5645737689,5645737687
5645737689,5645737691
5645737690,5645737688
5645737690,5645737712
5645737690,5645737691
12178960009,5645737689
5645737691,5645737690
5645737691,12178960010
5645737691,5645737689
5645737691,5645737712
5645737712,5645737690
5645737712,8259598049
5645737712,5645737691
12178960010,5645737691
8259598049,9420089574
8259598049,5645737712
8259598049,8259598045
5645741422,9933053513
5645741422,9933053486
5645741422,11793865054
9933053513,5645741422
9933053486,5645741422
9933053486,5645741424
9933053486,11793860013
5645741424,9933053486
5645741424,9933053493
5645741424,9933053500
5645741424,11673407036
9933053493,5645741424
9933053493,5645741440
9933053493,9933053500
8462595928,5681305086
8462595928,5681305087
8462595928,8462595923
5681305087,10722143229
5681305087,8462595928
5681305087,10722143237
10722143237,8462595924
10722143237,5681305087
10722143237,8462595918
5690186559,6260460365
6260460365,5690186559
6260460365,5690186565
6260460365,6260460364
5690186585,5690186581
5690186585,5690186565
5690186585,8464054568
5690186566,5690230809
5690186566,5690186576
5690186566,5690230810
5690230809,8464054559
5690230809,8464054561
5690230809,5690186566
5690186576,6477797555
5690186576,5690186566
5690186576,8464054561
5690230810,5690186580
5690230810,5690230809
5690230810,5690186566
6477797555,5690186576
6477797555,6477797567
6477797555,6477797559
8464054561,8464054562
8464054561,8464054563
8464054561,5690186576
5690186581,5690186585
5690186581,5690232424
5690186581,8464054567
8464054567,12649469929
8464054567,8464054568
8464054567,5690186581
8464054568,8464054567
8464054568,8464054507
8464054568,5690186585
6260761850,12649469929
6260761850,5690232424
8464054565,8464054564
8464054565,5690230797
5690230814,10964992601
5690230814,10964992605
10964992601,10964992597
10964992601,6976044654
9721957938,9721957939
9721957938,6976044674
9721957938,9721957910
8862714220,6976044621
8862714220,5690230815
8862714220,8862714219
5690232421,10964992606
5690232421,10052455725
10964992606,10964967886
10964992606,10964967885
10052455725,8531302981
10052455725,9721957940
10052455725,8531302982
9721958063,5690232421
9721958063,8531302972
5712888332,10096985868
10096985868,10096985915
10096985868,10096985795
10096985868,5712888332
5733829435,5733829436
5843605625,13526674228
5843605625,7391641874
5843605625,5843605629
13526674228,5843605625
13526674228,5843651802
13526674228,13526674235
7391641874,7391641882
7391641874,5843605625
7391641874,7391641871
5843605629,5843605625
11994502588,13526674235
11994502588,5843651802
11994502588,5843651808
11994502588,11994502590
5843651808,10719101904
5843651808,10719110110
5843651808,11994502588
10719110110,5843651808
10719110110,10719110119
10719110110,10719110109
11994505896,11994505895
11994505896,11994505895
11994505896,5843651812
5843651814,5843651816
5843651814,5843651824
5843651814,5843651812
5843651816,5843651814
5843651816,12000517170
5843651816,12000517163
5843651818,5843651817
5843651819,5843651817
5843651819,5843651833
5843651819,12037848140
5843651819,12037848137
5843651820,12000517145
12000517145,5843651823
12000517145,5843651820
12000517145,5843651826
5843651823,12000517145
5843651823,5843651824
5843651823,5843651826
5843651826,12000517096
5843651826,5843651823
5843651826,12000517145
12000517096,5843651827
12000517096,5843651826
12000517096,12000517098
12000517096,5843651828
5843651827,12000517096
5843651827,5843651828
5843651827,12000517098
5843651828,5843651827
5843651828,5843651831
5843651828,12000517096
12000517098,11994505912
12000517098,5843651827
12000517098,12000517096
5843651830,5843651831
11994505912,12000517098
11994505912,5843651833
11994505912,11994505911
10719137127,5843651837
10719137127,10719137128
10719137127,5843651834
7628234361,5843651841
7628234361,5843651850
7628234361,7628234366
5843651850,5843651851
5843651850,7628234361
5843651850,5843651848
5843651851,5843651850
5843651851,10719137110
5843651851,10719137109
10719137110,10719137109
10719137110,5843651851
10719137110,10719134703
10719137109,5843651854
10719137109,10719137110
10719137109,5843651851
10719137112,10719137107
10719137112,5843651854
10719137112,10719134703
5843699772,5843699773
13510543098,5843699773
13534104273,5843699784
13534104273,5843701485
13534104273,13534104276
5843701487,10091380663
5843701487,13510588321
5843701487,10091380658
10091380663,5843701487
5873786633,5873786634
5873786647,5873786646
5873786650,5873786648
5873786651,5873786657
5873786651,5873786656
5873786651,5873786656
5873786656,10207619918
5873786656,5873786651
5873786656,5873786651
10207619918,10207619920
10207619918,5873786656
10207619918,10207619919
5873786658,5873786657
5874178831,5874178839
5874178831,5874178838
5874178831,5874178834
5874178838,5874178831
5874178838,5874178835
5874178838,5874178837
5874178834,5874178831
5874178836,5874178835
5874178837,5874178838
5874178841,5874178839
5938613794,5938613793
5938613794,5938613795
5938613794,10250851621
5938613796,10549097803
5938613796,9609258261
5938613796,8491423704
5940408330,5940408334
5940408333,10296922391
10296922391,5940408333
10296922391,10296922392
10296922391,5940408334
5949835947,5949835948
5949835948,10921990939
5949835948,10922098878
5949835948,5949835947
10922098878,5949835948
10922098878,5949835953
10922098878,10922098879
5949835949,5949835950
5949835950,5949835949
5949835950,5949835953
5949835950,10922098868
5949835953,10922098878
5949835953,5949835956
5949835953,5949835950
10922098868,5949835950
5949835954,5949835956
5979606842,12794803670
5979606842,5979606844
5979606842,12794803676
12794803676,5979606842
12794803676,5979606846
12794803676,12794803674
5979606847,5979606846
5979606847,5979606844
5979606847,5979606850
6002574480,6002574484
10309772401,10922089166
10309772401,6002574484
10309772401,6002576186
6002576195,6002576198
10705551868,3055799735
10705551868,10705551867
11755811104,10573174912
11755811104,6096820905
11755811104,12453175080
6110515073,6110515385
6110515073,7988520551
6110515073,7988520571
6110515385,6110515073
6110515385,6110515082
6110515385,6110515388
7988520551,7988520546
7988520551,6110515073
7988520551,7988520554
7988520571,7988520570
7988520571,7502769683
7988520571,6110515073
6110515082,6505862940
6110515082,6110515385
6110515082,7988520569
6505862940,6110515082
6505862940,6505862941
6505862940,6505862941
6110515083,6505862941
6505862941,6110515083
6505862941,6505862940
6505862941,6505862940
6110515388,6505862943
6110515388,6110515393
6110515388,6110515385
6505862943,7988520554
6505862943,7502786100
6505862943,6110515388
6110515393,7988520569
6110515393,6110515388
6110515393,7988520577
7988520577,7988520578
7988520577,11994047909
7988520577,6110515393
6166199554,13556348070
6166199554,6166199557
6166199554,6166199557
6192601618,6192601619
6192601619,6192601618
6192601619,6192601620
6192601619,11641409808
11641409808,6192601619
6205752882,6205753185
6205753299,6205753252
6205753299,6205753186
6205753299,6205753301
10073162830,6205753186
6205753191,11547147548
6205753191,11547147549
6205753191,6205753194
11547147548,6205753191
11547147548,11547147555
11547147548,11547147554
11547147549,12480046561
11547147549,11547147550
11547147549,6205753191
6205753192,11547147554
11547147554,6205753192
11547147554,11547147558
11547147554,11547147548
6205753195,6205753196
6205753196,6205753195
6205753196,6205753208
6205753196,6205753211
6205753208,6205753196
6205753197,6205753199
6205753213,6205753252
6205753252,6205753253
6205753252,6205753299
6205753252,6205753213
6205753214,6205753273
6205753214,10083552400
6205753214,6205753295
6205753273,6205753214
6205753273,6205753278
6205753273,10110052359
6205753273,6205753272
10083552400,6205753271
10083552400,10083552403
10083552400,6205753214
6205753295,6205753214
6205753295,10073162818
6205753295,6205753285
6205753217,6205753272
6205753272,10083552403
6205753272,6205753217
6205753272,10075090650
6205753272,6205753273
11300406917,6205753228
7961967112,6205753230
7961967112,10116960293
7961967112,10083552403
6205753240,10073767432
6205753240,10116960293
6205753240,6205753246
10073767432,6205753240
10073767432,10073767182
10073767432,10116960255
10116960293,10116960255
10116960293,7961967112
10116960293,6205753240
6205753251,10073148204
10073148204,6205753253
10073148204,6205753251
10073148204,6205753271
6205753253,10073148204
6205753253,6205753252
6205753253,10073162818
6205753253,6205753254
10073162818,6205753253
10073162818,6205753295
10073162818,6205753271
6205753254,6205753253
6205753254,6205753287
6205753254,6205753301
6205753287,6205753286
6205753287,6205753285
6205753287,6205753254
6205753301,6205753254
6205753301,6205753299
6205753301,6205753302
6205753268,6205753271
6205753271,6205753268
6205753271,10083552400
6205753271,10073162818
6205753271,10073148204
10083552403,6205753272
10083552403,10083552400
10083552403,7961967112
10075090650,6205753272
6205753278,6205753273
6205753284,6205753285
6205753285,6205753284
6205753285,6205753287
6205753285,6205753295
6205753286,6205753287
6207352371,6207352373
6207352373,6207352371
6207352373,6207352372
6207352373,6207352374
6207352372,6207352373
6207354189,6207354194
6207354214,6207354223
6207354223,6207354214
6207354223,6207354218
6207354223,6207354225
6207354218,6207354223
6207354226,6207354230
6207354230,6207354231
6207354230,6207354226
6207354230,6207354228
6207354228,6207354230
6207354239,6207354244
6207354240,6207354244
6207354242,6207354244
6207354245,6207354247
6207354247,6207354245
6207354247,6207354246
6207354247,6207354248
6207354246,6207354247
6207354252,6207354249
6207354301,6207354307
7502899331,6359839946
7502899331,7502899307
7502899331,6207354307
6260460375,11781249197
6260460375,8531302799
6260460375,9721952404
8531302799,10964967898
8531302799,6260460375
8531302799,6260647394
8531302799,8531302806
6267619303,6267619298
6267619303,6270094178
6267619303,6260460377
6270094178,6260460379
6270094178,6267619303
6270094178,6267619298
6260647399,6260647394
7475366154,6976044621
7475366154,6260647406
7475366154,8862714227
6260761866,6260761873
6260761873,10928002543
6260761873,6260761866
6260761873,6260761872
6260761872,6260761873
8862714219,6260762988
8862714219,8862714227
8862714219,8862714220
6260762989,6260762990
6260762993,6260762994
6267619298,6267619300
6267619298,6267619303
6267619298,6270094178
6267619304,6267619300
12452840745,6270387731
12452840745,7471589443
12452840745,7471589441
6285493815,12756873513
6285586903,6285586904
6285586903,6285586912
6285586903,6285586907
6285586904,6285586903
6285586912,6285586903
6285586907,6285586978
6285586907,6285586903
6285586907,10009185543
6285586978,6285586977
6285586978,6285586907
6285586978,6285586981
10009185543,8734045688
10009185543,8734045685
10009185543,6285586907
6285586922,7502900038
7502900038,7502900089
7502900038,6285586922
7502900038,7502900042
6285586923,7502900089
6285586923,10009185591
6285586923,8734045661
7502900089,7502900038
7502900089,6285586923
7502900089,6285586927
10009185591,6285586924
10009185591,8734045661
10009185591,6285586923
10009185591,10009185599
8734045661,10009185591
8734045661,6285586924
8734045661,6285586923
8734045661,7502900042
6285586924,10009185591
6285586924,6285586975
6285586924,8734045661
6285586975,6285586924
6285586975,6285586974
6285586975,6285586976
6285586927,7502900089
6285586930,6285586931
6285586930,6285586932
6285586930,7502900062
6285586931,6285586930
6285586932,6285586930
6285586932,10009185584
6285586932,10009185599
7502900062,8734045645
7502900062,6285586930
7502900062,7502900042
10009185584,10009185599
10009185584,6285586932
10009185584,6285586934
10009185584,10009185590
10009185599,6285586934
10009185599,10009185584
10009185599,6285586932
10009185599,10009185591
6285586934,10009185599
6285586934,6285586977
6285586934,10009185584
6285586977,6285586934
6285586977,6285586976
6285586977,6285586978
6285586938,6285586959
6285586938,10009185578
6285586938,6285586981
6285586959,6285586960
6285586959,6285586938
6285586959,10009185568
10009185578,10009185577
10009185578,6285586938
10009185578,10009185583
6285586981,6285586951
6285586981,6285586978
6285586981,6285586938
6285586942,10009185568
6285586942,6285586964
6285586942,8734045650
10009185568,6285586959
10009185568,6285586942
10009185568,10009185583
6285586964,6285586942
6285586964,6285586946
6285586964,6285586967
8734045650,6285586942
8734045650,8734045648
8734045650,8734045654
8734045654,6285586946
8734045654,8734045650
8734045654,11584318853
6285586949,10009185570
6285586949,6285586952
6285586949,10009185590
10009185570,6285586949
10009185570,10009185590
10009185570,6285586951
10009185570,10009185577
6285586952,6285586953
6285586952,6285586949
6285586952,8734045645
10009185590,10009185570
10009185590,6285586949
10009185590,6285586951
10009185590,10009185584
6285586951,10009185570
6285586951,10009185590
6285586951,6285586981
6285586953,6285586952
8734045645,7502900062
8734045645,6285586952
8734045645,8734045648
6285586960,6285586959
6285586960,8734045664
6285586960,10009185583
8734045664,6285586960
10009185583,6285586960
10009185583,10009185568
10009185583,10009185578
6285586967,6285586964
6285586974,6285586975
6285586974,10009185603
6285586974,8734045660
10009185603,10715828618
10009185603,9720005424
10009185603,6285586974
8734045660,10009185553
8734045660,6285586974
8734045660,10009185604
6285586976,6285586975
6285586976,6285586977
6285586976,10009185553
10009185553,6285586976
10009185553,8734045660
10009185553,8734045685
6299896465,6299896468
6299896468,6299896465
6299896468,7472184293
6351038586,12452840718
6351038586,6351038589
6351038586,12452840723
12452840718,6351038586
12452840718,12452840713
12452840718,12452840723
12452840723,11828655084
12452840723,6351038586
12452840723,12452840718
6351038598,6351038589
6351038598,10131239727
6351038598,6351038596
6351038598,12452840713
10131239727,6351038598
10131239727,10131239722
10131239727,7471589413
12452840713,6351038598
12452840713,12452840718
12452840713,7471589413
12452840713,12452840716
6359839916,6359839917
6359839917,6359839926
6359839917,6359839916
6359839917,6359839932
6359839926,6359839917
6359839926,6359839923
6359839926,6359839934
6359839932,6359839930
6359839932,7502899725
6359839932,6359839917
6359839918,6359839919
6359839918,6359839944
6359839918,6359839945
6359839919,6359839918
6359839944,6359839918
6359839945,6359839920
6359839945,6359839918
6359839945,6359839951
6359839920,6359839921
6359839920,6359839935
6359839920,6359839945
6359839921,6359839920
6359839935,6359839920
6359839922,6359839923
6359839923,6359839922
6359839923,6359839924
6359839923,6359839926
6359839924,6359839923
6359839934,6359839926
6359839934,6359839951
6359839934,6359839957
6359839927,6359839928
6359839927,6359839929
6359839927,6359839930
6359839928,6359839927
6359839929,6359839927
6359839930,6359839927
6359839930,6359839931
6359839930,6359839932
6359839931,6359839930
7502899725,7502899717
7502899725,6359839932
7502899725,11584318853
6359839951,7502899307
6359839951,6359839945
6359839951,6359839934
6359839946,7849934401
6359839946,12862902158
6359839946,7502899331
7849934401,7849934414
7849934401,6359839946
7849934401,7849934422
12862902158,9462859594
12862902158,6359839946
12862902158,12862902138
7502899307,6359839951
7502899307,7502899331
7502899307,7502899312
6413621470,10573166539
6413621470,12120008306
6413621470,6413621472
12120008306,12120008305
12120008306,6413621470
12120008306,12120008312
6431170179,264348911
6432101312,3163887264
6432101315,6432101312
6432101315,6432101312
6439739059,6439739073
6456655580,6456655578
6456658001,6456658000
6459081428,6459081427
9420089574,8259598049
9420089574,9420089575
6474190762,6474190764
10541909102,10541909101
10541909102,10541909101
6477797567,6477797566
6477797567,6477797555
6477797567,7475393876
6477797559,8464054563
6477797559,6477797555
6477797559,8464054564
8464054563,6477797559
8464054563,5690230801
8464054564,7475393873
8464054564,8464054565
8464054564,6477797559
6477797563,7475393873
6477797563,7475393869
6477797563,7475393875
7475393873,8464054564
7475393873,6477797563
7475393873,7475393869
7475393869,6477797566
7475393869,6477797563
7475393869,7475393873
7475393875,6477797563
6477797565,7475393876
7475393876,6477797566
7475393876,6477797565
7475393876,6477797567
6477797566,7475393869
6477797566,7475393876
6477797566,6477797567
6485672474,9513406102
6485672474,6485672708
6485672474,1601973494
9513406102,6485672474
9513406102,9513406103
9513406102,6485672703
9513406102,10570938784
6485672701,6485672702
6485672701,9513406112
6485672701,6485672703
6485672703,11881586845
6485672703,9513406102
6485672703,6485672701
11881586837,11881586833
11881586837,6485672702
11881586837,11881586845
11881586845,11881586831
11881586845,6485672703
11881586845,11881586837
11881586845,11881586842
6485693828,6485699707
6485693828,6485699701
6485693828,13603609226
6485699707,6485699702
6485699707,6485693828
6485699707,6485693830
6485699707,13603609228
6485699701,6485699700
6485699701,6485693828
6485699701,6485699708
13603609226,11756461718
13603609226,13603609228
13603609226,6485693828
6485693829,11756461718
6485693829,7475285519
6485693829,7475285518
6485693829,7475272862
11756461718,13603609226
11756461718,6485693829
11756461718,13603609225
7475285519,6485693829
7475285519,7475272880
7475285519,7475272878
7475285518,7475272837
7475285518,6485693829
7475285518,7475272832
7475272862,6485693829
7475272862,7475272864
7475272862,7475272860
6485693830,13603609225
6485693830,6485693832
6485693830,6485699707
13603609225,6485693830
13603609225,13603609228
13603609225,11756461718
6485693832,6485693830
6485699700,6485699701
6485699700,6485699702
6485699700,6485699702
6485699702,6485699700
6485699702,6485699700
6485699702,6485699707
13603609228,13603609226
13603609228,13603609225
13603609228,6485699707
6485732540,6485732539
6485732546,6485732545
6485732547,6485732545
6485754776,6485754774
9442406520,6485754778
6489444293,6489444294
6489444294,6489444293
6489444294,9766262879
6489444294,6489444298
9766262879,6489444294
6489444298,6489444303
6489444298,6489444294
6489444298,11841036225
6489445096,6489445098
7988520554,7988520555
7988520554,7988520551
7988520554,6505862943
6505890799,7475468668
6505890799,6505890809
6505890799,9014136846
7475468668,7475468673
7475468668,11801964706
7475468668,6505890799
6505890809,6505890799
6505890809,6505890810
6505890809,7741488139
9014136846,6505890799
9014136846,7741488134
9014136846,9933069977
7741488139,7741488141
7741488139,7741488138
7741488139,6505890809
6553565223,6553565226
6553565223,9931630209
6553565223,9931630205
6553565223,6918466787
6553565226,9931630404
6553565226,6553565223
6553565226,9931630402
9931630209,6553565223
9931630209,6918466793
9931630209,9931630205
9931630205,6918433779
9931630205,6553565223
9931630205,9931630209
6918466787,6918466953
6918466787,6918433784
6918466787,6553565223
9931630404,6553565226
9931630402,6553565226
6560917984,10573403109
10573403109,6560917984
10573403109,6560929185
10573403109,10573403112
8098099392,8098099371
8098099392,6560929185
8098099392,8098099395
6560929189,6560929186
6560953523,6560953524
6560953528,6560953534
6560953528,6560953538
6560953528,6560953529
6560953534,6560953528
6560953538,6560953528
6560953538,6560953537
6560953538,6560953533
6560953529,6560953530
6560953529,6560953528
6560953529,6560953533
6560953530,6560953529
6560953530,6560953531
6560953530,11816506762
6560953533,6560953539
6560953533,6560953529
6560953533,6560953538
6560953535,6560953537
6560953537,6560953535
6560953537,13308874600
6560953537,6560953538
6560953536,13308874600
13308874600,6560953537
13308874600,6560953536
13308874600,9931881984
6560953540,9931881984
6560953546,6560953548
6560953546,10130671016
6560953546,10130690438
6567688453,6567688451
6567688453,6567688452
6567688453,6567688457
6567688452,6567688453
6567688465,13061815561
13061815561,6567688465
13061815561,6567688466
13061815561,13061815566
13061815561,13061815557
6567688466,13061815556
6567688466,13061815561
6567688466,6567688477
13061815556,13061815548
13061815556,6567688466
13061815556,13061815554
6567688477,6567688466
6567688477,13061815554
6567688477,6567688479
6567688477,13061815566
13090489842,6567688474
13090489842,10079254631
13090489842,13090489844
13090489847,6567688475
13090489847,13090489846
13090489847,13090489848
6567688476,13090489846
6567688476,10079254631
6567688476,10090464360
13090489846,13090489847
13090489846,6567688476
13090489846,13090489845
10079254631,10090479052
10079254631,13090489845
10079254631,13090489842
10079254631,6567688476
10090464360,10090479096
10090464360,13090489832
10090464360,6567688476
13061815554,6567688477
13061815554,13061815553
13061815554,13061815556
13061815566,13061815573
13061815566,13061815561
13061815566,6567688477
6675304497,8196726208
6675304497,7704626568
6675304497,10247412403
7704626568,6675304497
7704626568,7704626565
7704626568,9775274111
10247412403,8196726198
10247412403,6675304497
10247412403,10247412400
6675304499,6675304502
6675304502,8196726198
6675304502,6675304499
6675304502,6675304503
6703409083,6703434186
6715220605,6715220604
6715220605,6715220603
6715220605,6715220612
9393336528,9393336529
9393336528,6715220603
9393336528,6715220611
6715220612,6715220611
6715220612,6715220613
6715220612,6715220605
6715220611,6715220610
6715220611,6715220612
6715220611,9393336528
6756063401,6756063400
6756063402,6756063412
6756063402,6756063413
6756063402,6756063404
6756063412,6756063402
6756063413,6756063402
6756063413,6756063407
6756063413,6756063414
6756063404,6756063402
6756063406,10051810826
6756063406,6756063407
6756063406,10073767414
10051810826,6756063406
10051810826,10050533726
10051810826,7961974229
6756063407,6756063408
6756063407,6756063406
6756063407,6756063413
10073767414,10073767469
10073767414,10073767182
10073767414,6756063406
6756063408,6756063407
6918433779,9931630205
6918433784,6918466787
6918466953,6918466787
6918466953,6918466897
6918466953,9931630575
6918466821,6918466822
6918466821,10162132304
6918466821,11076697367
6918466822,6918466821
6918466822,9931630274
6918466822,9931630274
10162132304,6918466821
11076697367,6918466821
11076697367,9931622674
11076697367,11076697371
9931630274,6918466822
9931630274,6918466822
9931630274,11076704023
6918466865,11093245250
6918466865,6918466867
11093245250,11180933231
11093245250,6918466865
6918466867,11076704023
6918466867,6918466865
6918466867,6918466921
11076704023,6918466867
11076704023,9931630274
11076704023,11076697389
6918466921,11093245241
6918466921,6918466867
6918466921,11076704006
6918466890,6918466897
6918466897,6918466944
6918466897,6918466890
6918466897,6918466953
11093245241,6918466921
11093245241,11093245246
11076704006,6918466921
11076704006,6918466936
11076704006,11076697389
9931630575,6918466953
6918466967,6918466963
6918466967,7623929902
6918466967,6918466972
7623929902,6918466967
7623929902,7623929901
7623929902,7623867463
6918466972,6918466967
6918466972,6918467016
6918466972,7623867463
6918467016,6918466972
6918467016,11231249159
6918467016,6918467018
7623867463,7623867461
7623867463,6918466972
7623867463,7623929902
6918466997,7623867461
6918466997,6918467001
6918466997,7623929910
7623867461,6918467006
7623867461,6918466997
7623867461,7623867463
6918467001,6918467000
6918467001,6918466997
6918467001,10073767223
7623929910,7623929908
7623929910,7629806857
7623929910,6918466997
10073767223,10073767357
10073767223,6918467001
10073767223,6918467005
6918467005,6918467006
6918467005,7629818408
6918467005,10073767223
6918467005,11231249163
6918467006,6918467005
6918467006,11231249159
6918467006,7623867461
7629818408,6918467005
7629818408,10073767357
7629818408,7629818407
11231249163,11231249159
11231249163,6918467005
11231249163,10073767470
11231249159,6918467006
11231249159,11231249163
11231249159,6918467016
6938165981,6938165980
6938165983,2991117672
6938165983,9699794967
9420089570,6465898438
9420089570,9420089571
9420089571,2245123635
9420089571,2245123695
13291341951,8733877195
13291341951,13291341961
13291341951,6946012969
6975364735,6975364741
6975364741,6975364735
6975364741,6975364742
6975364741,6975364737
6975364741,6975364745
6975364737,6975364740
6975364737,6975364741
6975364745,6975364747
6975364745,6975364741
6975364747,6975364745
6975364747,6975364746
6975364747,6975364748
6975364746,6975364747
11614928449,6975364749
11614928448,6975364749
12085970324,6975364753
12085970324,12085970325
12085970324,12085970323
12085970296,6975364753
12085970296,6975364755
12085970296,12085970298
6975364755,12085970296
6975364760,6975364756
6975364759,6975364756
12090987736,12090971045
12090987736,6975364761
12090987736,12090987737
6975364762,6975364761
6976044633,9721957911
6976044633,9721957911
6976044633,6976044644
9721957911,9721957910
9721957911,6976044633
9721957911,6976044633
6976044644,6976044673
6976044644,6976044655
6976044644,6976044633
6976044673,6976044644
6976044673,6976044656
6976044673,9721957912
6976044655,6976044644
6976044655,6976044674
6976044655,6976044645
6976044645,6976044654
6976044645,6976044654
6976044645,6976044655
6976044654,6976044645
6976044654,6976044645
6976044654,10964992601
6976044674,6976044675
6976044674,5690230814
6976044674,6976044655
6976044656,6976044673
6976044656,8862714215
6976044656,8862714215
8862714215,6976044656
8862714215,6976044656
8862714215,10964992597
6976044667,9721957912
9721957912,6976044673
9721957912,6976044667
9721957912,9721957930
6976044675,6976044674
6976044675,10964967886
6976044675,8531302981
8531302981,6976044675
8531302981,9721957939
8531302981,10052455725
7077982623,7077982624
7077982623,12377445756
7077982623,11901200390
7077982624,7077982623
7077982624,10311656511
7077982624,12377445755
11901200390,7077982623
10311656511,7077982624
10311656511,7077982626
9727654533,9727654534
9727654533,9727654530
7111038028,7111038034
7111038034,7111038038
7111038034,7111038030
7111038034,7111038028
7111038029,7111038030
7111038030,7111038029
7111038030,7111038034
7111038030,7111038032
7111038032,7111038033
7111038032,10073767353
7111038032,7111038030
10073767353,7111038032
10073767353,10073767355
10073767353,10073767118
7111038038,7111038042
7111038038,7111038034
7111038038,7111038039
7111038038,7111038037
7111038037,7111038038
7111038039,7111038038
7111038040,7111038042
13301733223,7134199949
13301733223,13301746306
13301733223,13301733225
13301746307,7134199951
13301746307,13301746306
13301746307,7134199949
13301733226,13301733228
13301733226,7134199952
13301733226,13301733227
7134199957,7134199962
7134199957,7134199962
7134199957,10556408032
7134199962,7134199957
7134199962,7134199957
7134199962,7134199972
10556408032,7134199957
10556408032,10563793594
10556408032,10563793588
7134199963,7134199966
7134199967,7134199970
7134199970,7134199969
7134199970,7134199967
7134199970,7134199972
7134199969,7134199970
7134199973,7134199974
7134199981,7134229992
7134199981,7134199982
7134199982,7134199981
7142008596,7142008595
7142008598,7142008597
7142008607,7142008603
7142008607,12464978953
7142008607,12106459722
7142008607,11180933218
12464978953,7142008607
12106459722,7142008607
12106459722,7142008616
12106459722,12464978948
11180933218,10175412177
11180933218,9998266335
11180933218,7142008607
7142008616,8548181455
7142008616,8548181461
7142008616,12106459722
8548181455,8548181453
8548181455,8548181465
8548181455,7142008616
8548181461,11300406916
8548181461,7142008616
8548181461,8548181465
8548181461,10123537902
7142008620,7142008619
7142008622,7142008621
7142008625,7142008623
7142008629,7142008628
7142008630,10313766413
10313766413,7142008630
10313766413,10313766410
10313766413,7142008631
10313766413,10313766411
7142008636,7142008635
7142008638,7142008637
7142008640,7142008639
7149710847,10982117844
10982117844,7149710847
10982117844,7149710848
10982117844,10982117839
7149710848,10982117844
7149710848,7149710850
7149710848,7149710851
7149710850,7149710848
7149710854,7149710856
7149710857,7149710860
7198486849,10307562543
7198486849,10307562535
7198486849,10307562541
10307562543,7198486849
10307562543,10307562550
10307562543,10307562548
10307562535,10307562536
10307562535,10307562538
10307562535,7198486849
10307562541,7198486849
7198486851,10307562536
7198486851,8260417231
7198486851,10307562550
10307562536,8260417233
10307562536,7198486851
10307562536,10307562535
8260417231,7198486851
8260417231,10307562547
8260417231,8260417229
10307562550,7198486851
10307562550,10307562543
10307562550,10307562548
7256115856,9042395004
9042395004,9044757960
9042395004,7256115856
9042395004,9953414828
7256115857,9042395003
9042395003,7256115857
9042395003,9953414833
9042395003,7475290954
10233760179,7340715722
13507501676,7388819692
13507501676,13507501680
13507501676,13507501677
7388819695,7388819692
7388819696,7388819698
7388819699,7388819700
7388819702,7388819701
7388819702,7388819706
7388819702,13510552380
13510552380,13510552374
13510552380,13510552381
13510552380,7388819702
7388819707,13510552456
13510552456,7388819707
13510552456,13510552457
13510552456,7388819712
7389186805,7389186808
7389186808,9924841905
7389186808,9924841907
7389186808,7389186805
9924841905,7389186808
9924841905,11901200503
9924841905,7860226864
7391641865,10711196593
7391641865,7391641867
7391641865,10718916175
7391641865,12061886763
10718916175,7391641867
10718916175,12061886764
10718916175,7391641865
12061886763,7391711190
12061886763,12061886764
12061886763,7391641865
7391641868,7391641870
7391641871,7391641874
7391641875,7391641879
7391641880,7391641882
7391641883,7391711214
7391641883,7391711219
7391641883,7391711219
7391711219,7391641883
7391711219,7391641883
7391711219,7391711185
7391711209,7391711185
7391711209,12061935942
7391711209,7391711208
7391711188,7391711189
7391711190,7391711191
7391711190,12061886763
7391711190,7391711193
10711196595,7391711192
10711196595,7391711193
10711196595,7391711191
7391711208,7391711209
12061935942,7391711209
12061935942,12061919565
12061935942,12061935943
7394161901,7394161906
7454763233,7454763242
7454763233,1510580362
7538426309,7454763252
7538426309,11850303201
7538426309,7454763246
11850303201,7454763253
11850303201,7454763252
11850303201,7538426309
7454763253,11850303201
7454763253,7454763264
7454763253,7454763264
7454763264,7454763271
7454763264,7454763253
7454763264,7454763253
7471589413,7471589425
7471589413,12452840713
7471589413,10131239727
10131193515,7471589425
7471589439,7471589441
7471589439,7538426305
7471589439,11828655084
7471589441,7471589439
7471589441,7471589443
7471589441,12452840745
11828655084,7471589439
11828655084,12452840723
11828655084,12452840731
7471589443,12452840745
7471589443,8758752382
7471589443,7471589441
8758752382,7471589443
7475272816,7475272819
7475272819,7475272820
7475272819,8260408095
7475272819,7475272816
7475272824,7475272820
7475272824,7475285532
7475272824,7475272829
7475272829,7475272824
7475272829,7475272832
7475272829,7475272832
7475272832,7475272829
7475272832,7475272829
7475272832,7475285518
7475272836,7475272837
7475272837,7475285518
7475272837,7475272836
7475272837,7475272840
7475272840,7475272837
7475272840,7475272844
7475272840,11752428808
7475272844,7475272840
7475272848,7475272851
7475272848,7475272852
7475272848,7475272852
7475272851,7475272848
7475272851,13603609217
7475272851,7475272849
7475272852,7475272848
7475272852,7475272848
7475272852,7475272853
7475272849,7475272851
7475272853,11756442597
7475272853,13603609217
7475272853,7475272852
11756442597,11752428808
11756442597,7475272853
11756442597,11756442609
7475272857,7475272855
7475272857,7475272858
7475272857,7475272859
7475272858,10132068751
7475272858,7475272857
7475272858,7475285532
7475272864,7475272862
7475272864,7475272863
7475272864,7475272865
7475272865,7475272864
7475272865,7475272876
7475272865,13520233883
7475272876,7475272865
13520233883,7475272872
13520233883,13520233885
13520233883,7475272865
7475272868,7475272869
7475272868,7475272870
7475272868,7475272883
7475272869,7475272868
7475272870,7475272871
7475272870,7475272875
7475272870,7475272868
7475272883,13520233879
7475272883,7475272884
7475272883,7475272868
7475272871,7475272870
7475272875,7475272872
7475272875,7475272870
7475272875,13520233885
7475272872,7475272873
7475272872,13520233883
7475272872,7475272875
7475272873,7475272872
13520233885,13520233884
13520233885,13520233883
13520233885,7475272875
7475272878,7475285519
7475272878,13520233881
7475272878,13520233879
13520233881,13520233880
13520233881,13520233879
13520233881,7475272878
13520233879,7475272883
13520233879,13520233881
13520233879,7475272878
7475272880,7475272881
7475272880,7475272882
7475272880,7475285519
7475272881,7475272880
7475272882,7475272880
7475290974,10564075845
7475290974,1564382853
7475290974,7475290945
7475290954,9953414833
7475290954,9042395003
7475290954,7475290959
7475290959,9953414828
7475290959,8733877213
7475290959,7475290954
9953414828,9044757960
9953414828,7475290959
9953414828,9042395004
8862714227,7475366158
8862714227,7475366154
8862714227,8862714219
7475366984,10928002542
7475366984,10928002546
7475366984,10928002544
7475366998,7475367015
7475366998,7475367015
7475366998,7475367001
7475367015,7475366998
7475367015,7475366998
7475367015,7475367017
7475367001,12158452885
7475367001,7475367006
7475367001,7475366998
12158452885,12158452884
12158452885,7475367001
12158452885,7475367006
7475367006,7475367005
7475367006,12158452885
7475367006,7475367001
7475367019,7475367019
7475367019,7475367019
7475367019,12509044349
12509044349,7475367019
12509044349,9721378458
12509044349,12509044345
7475393852,10703798132
7475393857,7475393858
7475393857,10703798129
7475393857,10703798125
10703798129,7475393857
10703798129,10703798128
10703798129,10703798127
10703798125,7475393857
10703798118,12101401410
10703798118,7475393858
10703798118,7475393863
7475393863,7475393867
7475393863,10703798143
7475393863,10703798118
7475393867,10703798138
7475393867,7475393863
7475393867,7475393864
7475393864,7475393867
10703798138,12101401597
10703798138,7475393867
10703798138,12101401601
7475468667,7475468673
7475468673,11801964685
7475468673,7475468668
7475468673,7475468667
11801964706,7475468668
11801964706,11801964707
11801964706,11801964685
7502769663,10052455723
7502769683,7988520546
7502769683,7988520571
7502769683,7502786100
7988520546,7988520551
7988520546,7988520547
7988520546,7502769683
7502899312,7502899307
7502899717,7502899717
7502899717,7502899717
7502899717,7502899725
11584318853,7502899725
11584318853,12054535899
11584318853,8734045654
7502899756,7502899757
7502899756,12377497633
7502899756,12377497609
12377497633,12377497605
12377497633,7502899756
12377497633,7933845612
12377497633,12377497630
12377497609,7502899756
12377497609,12377497624
12377497609,7933845622
12377497609,12377497630
7933845608,7502899757
7933845608,8734085630
7933845608,7933845617
7502899870,7502899871
7502899870,7502900020
7502899870,7502900026
7502899872,7502899871
7502900019,7502900020
8734045682,7502900037
8734045682,10009185604
8734045682,12862967988
7502900042,7502900038
7502900042,7502900062
7502900042,8734045661
7502900068,7502900078
7502900068,8734045688
7502900068,13580324222
7502900076,7502900078
7502900076,3334224799
8294871077,7519509008
8294871077,8294871066
8294871077,8294871089
8294871089,7519509008
8294871089,8294871077
8294871089,8294871085
7928563463,7928563465
7928563463,7540325369
7928563463,9047619273
7559978764,7559978765
7559978764,7560011702
7559978764,13527231822
7559978765,13527231813
7559978765,7559978764
7559978765,13527231821
7560011702,7559978764
7560011702,7559978773
7560011702,7560011699
13527231822,7559978764
13527231822,7559978768
13527231822,13527231821
13527231821,7559978765
13527231821,13527231822
13527231821,13527231820
13527231821,7559978767
7559978767,7559978768
7559978767,13527231821
7559978767,7560011703
7559978768,13527231822
7559978768,7559978767
7559978768,7559978769
7560011703,7560011700
7560011703,13527225300
7560011703,7559978767
7559978769,7559978768
7559978769,7559978770
7559978769,7560011699
7559978769,7560011700
7559978770,7559978769
7559978770,7559978771
7559978770,7559978774
7559978770,7559978775
7560011699,7559978774
7560011699,7560011702
7560011699,7559978769
7560011700,7559978775
7560011700,7559978769
7560011700,7560011703
7559978771,7559978770
7559978771,13611203933
7559978771,7559978778
7559978771,7560011701
7559978774,7559978773
7559978774,7559978770
7559978774,7559978778
7559978774,7560011699
7559978775,7559978770
7559978775,13527225300
7559978775,7560011700
7559978775,7560011701
13611203933,7559978771
13611203933,7559978772
13611203933,13611203925
7559978778,7559978777
7559978778,7559978771
7559978778,7560011698
7559978778,7559978774
7560011701,7559978771
7560011701,13527231802
7560011701,7559978775
7559978772,13611203933
7559978773,7560011702
7559978773,7559978777
7559978773,7559978774
13527225300,7559978775
13527225300,13527231801
13527225300,7560011703
7559978776,13611203970
7559978776,13611203934
7559978776,7559978782
13611203970,13527231801
13611203970,7559978776
13611203970,13527231811
13611203934,13611203936
13611203934,7559978776
13611203934,13611203935
7559978782,7559978776
7559978782,7560011685
7559978782,7559978784
7560011698,7559978778
7559978780,13527231805
7559978780,13527231802
7559978780,13611203924
13527231805,7559978780
13527231805,13611203936
13527231805,13611203924
13527231802,7560011701
13527231802,13527231801
13527231802,7559978780
13611203924,13527231805
13611203924,7559978780
13611203924,13611203925
7560011685,7559978782
7560011685,7559978784
7560011685,13527231811
7559978784,7560011687
7559978784,7560011685
7559978784,7559978782
7560011687,7559978784
7560011687,7560011686
7560011687,7560011688
7559980233,12000500801
12000500801,7559980233
12000500801,12000500802
12000500801,12000500803
7559980238,7559980239
7559980238,12000500803
7559980238,7559980240
7559980239,7559980238
7559980239,9442406816
7559980239,9442406825
12000500803,12000500804
12000500803,12000500801
12000500803,7559980238
9442406816,7559980239
9442406825,9442406822
9442406825,9442406826
9442406825,7559980239
13527231811,13527231812
13527231811,7560011685
13527231811,13611203970
7560011686,7560011687
13466617844,7580458801
13466617844,8463594918
13466617844,13466617895
7599637041,11329636871
7599637041,11329636804
7599637041,11329636902
11329636871,11329636899
11329636871,7599637041
11329636871,11329636877
11329636804,7599637041
11329636804,11329636809
11329636804,11329636805
11329636902,7599637041
11329636902,7599637042
11329636902,11329636901
7599637042,11329636902
7599637042,11329636903
7599637042,7599637044
11329636903,7599637042
7599637044,7599637042
7599637044,7599637048
7599637044,11329636905
11329636905,7599637044
11329636809,11329636804
11329636809,7599637048
11329636809,11329636805
7599637049,7599637053
7599637054,11368421217
11368421217,7599637054
11368421217,7599637058
11368421217,11368421220
7623867474,7623929908
7623867474,7623867478
7623867474,7629806857
7623929908,7623867474
7623929908,7623929901
7623929908,7623929910
7623867478,7623867474
7623867478,7623929886
7623867478,7623929927
7623867478,7629806870
7629806857,7623867474
7629806857,7629806870
7629806857,7623929910
7623929886,7623929901
7623929886,7623867478
7623929886,7629806883
7623929901,7623929886
7623929901,7623929902
7623929901,7623929908
7628195217,12039841998
7628195217,12039842002
7628195217,7628195218
12039841998,7628195220
12039841998,7628195217
12039841998,12039841999
7628195218,7628195217
7628195218,12039826538
7628195218,7628195220
12039826538,7628195218
7628195220,12039842007
7628195220,12039841998
7628195220,7628195218
12039842007,10875599009
12039842007,7628195220
12039842007,12039842008
12037851852,7628234363
12037851852,12037851859
12037851852,12037851905
12037851855,12037851856
12037851855,7628234365
12037851855,12037851858
7629818407,10073767357
7629818407,7629818408
7629818407,10073767365
7629818407,7629818412
10073767357,7629818407
10073767357,7629818408
10073767357,10073767223
10073767365,7629818407
7629818412,7629818407
7645037795,7645037811
7645037795,7645037811
7645037795,9719974808
9719974808,7645037795
9719974808,9719974808
9719974808,9719974808
10073767193,7650205020
10073767193,7650205021
10073767193,10073767135
10073767305,7650205020
7653153498,9405128119
9405128119,7653153498
9405128119,9405128117
9405128119,9405128120
7653153499,8733983741
8733983741,8733983748
8733983741,7653153499
8733983741,8733983742
7653153500,8733983746
7653153500,9405128117
7653153500,7653153501
8733983746,7653153500
8733983746,8733983748
8733983746,8733983744
9405128117,9405128119
9405128117,7653153500
9405128117,9405128118
7653153501,7653153502
7653153501,2990832329
7653153501,7653153500
7704626565,7704626566
7704626565,10733042635
7704626565,7704626568
10733042635,7704626567
10733042635,7704626565
10733042635,8196750069
8196750019,7704626566
8196750019,8196726208
8196750019,8196750020
11939598482,7717056166
11939598482,11939594264
11939598482,7717056164
11939598475,11939598476
11939598475,7717056164
11939598475,12794788786
11939598475,12794784392
12844404404,11939594268
12844404404,12844404403
12844404404,7717056164
7717056166,11939598480
7717056166,11939598482
7717056166,11939594264
11939598480,12844399071
11939598480,7717056166
11939598480,11939598481
11939594264,7717056166
11939594264,11939598483
11939594264,11939598482
11939594264,12844404403
12844399071,7717056167
12844399071,11939598480
12844399071,12844399077
11801884158,11801884164
11801884158,7741470253
11801884158,11801884161
11801884161,11801884158
11801884161,11801884163
11801884161,7741470253
9933069980,7741470283
9933069980,9933069977
11801884112,7741470277
11801884112,11801884113
7741488134,9014136846
7741488134,9014136845
7741488134,9014136830
9014136845,11801964668
9014136845,7741488134
9014136845,9933069983
9014136830,9014136829
9014136830,9014136831
9014136830,7741488134
7741488138,7741488139
7741488141,7741488143
7741488141,7741488139
7741488141,7741488140
7741488140,7741488141
7741488143,7741488145
7741488143,7741488141
7741488143,7741488142
7741488142,7741488143
7741488145,7741488147
7741488145,7741488143
7741488145,7741488144
7741488144,7741488145
7741488147,7741488145
7741488147,7741488146
7741488147,7741488148
7741488146,7741488147
7741488148,7741488147
7801590054,8491423711
7801590054,7801590074
7801590054,10175352193
8491423711,7801590054
8491423711,8491423712
8491423711,8491423717
10175352193,538084004
10175352193,10175412154
7801590072,2644859935
7801590073,7801590072
7801590073,7801590072
7814072335,1601688707
7814072335,11770061692
11770061692,11770061693
11770061692,11770062250
7849934387,7849934387
7849934387,7849934387
7849934387,7849934411
7849934411,7849934387
7849934411,7849934414
7849934411,12876596079
7849934397,7849934410
7849934410,7849934397
7849934410,7849934422
7849934410,12862902138
7849934414,7849934401
7849934414,9719974794
7849934414,7849934411
7849934422,7849934410
7849934422,12862902138
7849934422,7849934401
12862902138,7849934410
12862902138,7849934422
12862902138,12862902158
12876596079,7849934411
7860226864,9924841906
7860226864,9924841905
7860226864,7860226866
9924841906,7860226864
9924841906,9924841907
9924841906,7860226866
7864614704,7864614709
7864614704,10232196130
7864614704,7864614708
7864614708,7864614704
7864614710,7864614709
7864614717,7864614752
7864614717,7864614713
7864614717,13420942473
7864614773,7864614755
7883098793,8733877212
8733877212,9044757960
8733877212,10132082278
8733877212,7883098793
7899100738,10683598816
10683598816,7899100738
10683598816,7899100739
10683598816,10683598806
10683598816,10683598821
7899100740,10307478600
7899100740,2965113534
7899100751,7899100757
7899100752,7899100762
7899100762,7899100757
7899100762,7899100752
7899100762,7899100763
7899100762,7899100760
7899100754,7899100757
7899100758,7899100760
7899100760,7899100758
7899100760,7899100759
7899100760,7899100762
7899100759,7899100760
12121127784,7899100763
7915865269,7915865249
7915865269,8733964538
7915865269,11155464319
7915865263,8733964551
8733964551,7915865263
8733964551,8733964537
8733964551,8733964552
8733964538,8733964537
8733964538,7915865277
8733964538,7915865269
11155464319,7915865269
11155464319,11155459996
11155464319,11155459996
7915865273,7915865274
8733964537,8733964551
8733964537,8733964538
8733964537,7915865274
7915865277,8733964538
7915865277,11957671229
7915865277,7915865274
7915865277,7915865275
7915865275,7915865277
11957671229,11155459987
11957671229,7915865277
11957671229,11155459958
7927758664,9128801200
9128801200,7927758680
9128801200,7927758664
9128801200,7927758672
7927758665,7927758666
7927758666,7927758672
7927758666,7927758665
7927758666,7927758676
7927758672,7927758666
7927758672,7927758680
7927758672,9128801200
7927758676,7927758679
7927758676,7927758666
7927758676,9128801194
7927758680,7927758672
7927758680,9128801200
7927758680,13152957875
9767189167,9767189166
9767189167,2006216732
9767189167,9767189169
13152957875,13152957874
13152957875,7927758680
13152957875,13152957876
7928563465,7928563466
7928563465,7928563463
7928563465,10073767218
7928563466,8227549447
7928563466,7928563465
7928563466,8227549430
10073767218,8227549430
10073767218,10073767362
10073767218,7928563465
8227549447,7928563466
8227549430,10073767362
8227549430,10073767218
8227549430,7928563466
7933845622,7933845607
7933845622,7933845632
7933845622,12377497609
7933845617,7933845612
7933845617,7933845608
7933845617,12377497652
7933845612,7933845648
7933845612,7933845617
7933845612,12377497633
7933845648,12377488098
7933845648,7933845612
7933845648,12377497645
12377497652,10846732712
12377497652,7933845617
7933845632,7933845622
7933845632,12377497618
7933845632,13593741247
12377497618,7933845632
12377497618,7933845642
12377497618,12377497624
7933845642,12377497618
7933845642,12377488098
7933845642,12377497649
12377488098,7933845642
12377488098,7933845648
12377488098,12377497605
7933845670,9720005460
9720005460,7933845670
9720005460,8398530349
9720005460,12876596068
7961974224,7961974229
7961974224,7961974227
7961974224,10051810823
7961974229,7961974228
7961974229,7961974224
7961974229,10051810823
7961974229,10051810826
7961974227,7961974224
7961974227,7961974230
7961974227,10051810821
10051810823,10051810822
10051810823,7961974224
10051810823,7961974229
7961974226,10051810822
10051810822,10051810823
10051810822,7961974226
10051810822,10051810821
7961974230,7961974227
7961974230,10050533727
7961974230,10050533726
10051810821,10050533720
10051810821,10051810822
10051810821,7961974227
7961974228,7961974229
10050533727,7961974230
10050533727,10050533724
10050533727,10050533728
10050533726,10110052359
10050533726,10051810826
10050533726,7961974230
7961974232,7961974233
7961974233,10050533720
7961974233,7961974232
7961974233,7961974234
10050533720,10051810821
10050533720,7961974233
10050533720,10050533723
7961974234,8140471862
7961974234,8140471864
7961974234,7961974233
8140471864,7961974234
8140471864,10050533723
8140471864,8140471863
7988520547,7988520546
7988520555,7988520554
7988520570,7988520571
7988520578,7988520577
11994047909,11994047910
11994047909,11994047908
11994047909,7988520577
8045139880,8045139879
8050792844,8050792843
8050792847,8050792845
8050792849,8050792848
8050792855,8050792857
8050792855,8050792853
8050792855,8050792856
8050792854,8050792853
8050792856,8050792855
8050792858,8050792857
12253667638,8089607368
12253667638,8089607362
12253667638,12310225773
12310225740,12310225739
12310225740,8089607362
12310225740,8089607363
12310225739,8089607367
12310225739,8089607368
12310225739,2566839040
8098099371,10247522720
8098099371,8098099392
8098099371,10573392285
10573392285,8098099374
10573392285,8098099371
10573392285,10573392282
8098099372,10573403112
10573403112,8098099374
10573403112,8098099372
10573403112,10573403109
8098099374,10573403112
8098099374,10573392281
8098099374,10573392285
10573392281,8098099374
10573392281,10573392282
10573392281,10573392298
8098099377,10131359657
8098099377,8098099399
10131359657,10131359626
10131359657,10131359654
8098099399,8098099405
8098099399,8098099395
8098099399,8098099377
8098099380,8098099395
8098099395,8098099380
8098099395,8098099392
8098099395,8098099399
10245692732,8196750204
10245692732,8098099381
10245692732,10245692733
8098099384,8098099413
8098099384,8098099381
8098099384,8196750199
8098099413,8098099405
8098099413,8098099405
8098099413,8098099384
8098099413,8098099410
8098099410,8098099389
8098099410,8098099405
8098099410,8098099413
8098099405,8098099399
8098099405,8098099413
8098099405,8098099413
8098099405,8098099410
10307253331,8098099416
10307253331,10307253339
10307253331,10307253329
8196750187,8098113419
8196750187,8098113425
8196750187,8196750182
8196750187,10266294980
10266294945,8098113425
10266294945,10266294974
10266294945,8203002738
8140471861,8140471862
8140471863,8140471864
10050533723,8140471867
10050533723,8140471864
10050533723,10050533720
8140471865,8140471866
8140471866,8140471865
8140471866,11547147547
8140471866,8140471867
11547147547,8140471866
8140471887,8140471881
8140471887,8140471874
8140471887,8140471884
8140471875,8140471874
8140471882,8140471876
8140471882,8140471881
8140471882,8140471883
8140471881,8140471882
8140471881,8140471887
8140471881,8140471876
8140471883,8140471882
8140471884,8140471887
8162798842,8162798845
8162798845,11387380374
8162798845,11387380385
8162798845,8162798842
11387380385,8162798845
11387380385,11387380409
11387380385,11387380386
10964162061,10964162063
10964162061,11003216144
10964162061,8195356103
10964162063,10964162061
10964162063,8195356108
10964162063,10964162071
8196750069,10733042635
8196750155,8196750157
8196750157,8196750161
8196750157,8196750155
10247187149,10247187198
10247187149,10247187150
10266294980,10266294962
10266294980,10266294963
10266294980,8196750187
8196750204,10245692732
8196750204,8196750199
8196750204,8196750202
8196750200,8196750202
8196750202,8196750200
8196750202,8196750201
8196750202,8196750204
8196750201,8196750202
8211384938,8211384939
8211384938,8211384940
8211384938,8211384942
8211384939,8211384938
8211384939,8211384941
8211384939,8211384942
8211384941,8211384940
8211384941,8211384939
8211384941,8211384946
8211384955,8211384962
8211384955,8335669877
8211384955,9488120020
9488120020,8211384959
9488120020,8211384979
9488120020,8211384955
8211384959,9488099707
8211384959,9488120020
8211384959,9488099710
8211384959,8211384962
8211384979,8211384965
8211384979,9488120020
8211384979,8211384981
9281240926,9128840452
9281240926,8211384981
9281240926,8211384966
8211384967,8211384968
8211384981,8344861348
8211384981,8211384979
8211384981,9281240926
10073767362,10073767218
10073767362,8227549430
10073767362,10073767427
8235910177,8235910176
8235910177,12104961720
8235910177,8235910167
12104961720,8235910174
12104961720,12104961719
12104961720,8235910177
8235937967,8393239328
8235937967,8235937971
8235937980,1015158429
8235937980,8411357198
8411357198,8411357200
8411357198,8235937980
8411357198,8411357197
8411357198,12105779305
10080203003,10080203002
10080203003,10080203004
10080203003,8411357201
8411357207,8411357206
8411357207,1032159475
11690717725,11756504304
11690717725,8235937989
11690717725,11690717709
10080202997,10080202996
10080202997,10080202999
10080202996,10080202997
10080202996,10080202998
10080202996,8235937991
8236686937,8236686938
11756504303,11756504304
11756504303,8236686938
11756504303,8236686948
8236686947,8236686948
8236686948,8236686947
8236686948,8236686949
8236686948,11756504303
11690717698,8236686949
11690717698,11756504321
11690717698,11690717722
8237018159,8237018162
8237018163,3055799326
8237018163,8237018164
8237018164,8237018163
8237018164,8237018165
8237018164,8237018166
8237018164,10303383126
8237018165,8237018164
8237018166,8237018164
10303383126,8237018164
8237468852,8237468851
8237468852,8237468847
8237468852,8237468854
8237468851,8237468852
12157674528,11243625291
12157674528,11243625291
12157674528,8237468854
8240863567,8240863569
8240863567,8240863568
8240863567,8240863565
8240863569,8240863567
8240863568,8240863567
8240863590,11032452990
8240863590,8240863570
8240863590,13520233840
11032452990,8240863590
11032452990,8260408100
11032452990,11032452987
13520233840,13520233842
13520233840,8240863590
13520233840,11383892463
12106408698,8242847227
12106408698,12106408699
12106408698,8403208989
8242847228,8242847227
8242847228,12106422175
8242847228,8403208983
12106422175,8242847229
12106422175,8242847228
12106422175,12106422173
10223140476,10223140479
10223140476,10542083853
10223140476,8242928650
10537901341,8242928655
10537901341,10537901342
10537901341,10537901340
10542083852,10542083853
10542083852,10537901347
10537901343,8242928656
10537901343,13556348051
10537901343,10537901337
8243041999,10549097752
8252011034,12087892076
12087892076,8252011036
12087892076,12087892077
12087892076,8252011034
8252011116,12087891907
12087915618,12087915620
12087915618,8252011732
12087915618,12087915619
8252011733,8252011737
8252011733,12085970413
8252011733,8252011734
12085970413,8252011733
12085970413,8252011740
12085970413,12085970414
8252011734,8252011733
8252011734,8252011736
8252011734,12083996775
8252011734,12083996776
8252011736,8252011734
8252011736,8252011735
8252011736,8252011737
12083996775,8252011734
12083996776,12083996777
12083996776,8252011734
12083996776,12083996778
8252011735,8252011736
8252011738,12083996806
12083996806,8252011740
12083996806,12083996807
12083996806,8252011738
8252011740,12085970413
8252011740,10253286867
8252011740,12083996806
10253286867,8252011740
10253286867,10253286864
10253286867,10253286866
13415450189,13415450190
13415450189,8252011824
13415450189,8252011831
8252011831,13415450189
8252022107,12083996599
8252022107,12033277939
8252022107,12033278030
12083996599,8252022107
12083996599,12083996603
12083996599,12083996602
8252053277,8252053276
8252053278,8252053280
8252053281,8252053282
10707352034,8255594336
10707352034,10096985964
10707352034,10707352018
8255594350,10707352097
10707352097,10078448360
10707352097,8255594350
10707352097,12157663566
8259598033,8259598030
8259598033,8259598027
8259598033,8259598034
8259598029,8259598032
8259598034,8259598033
8259598037,12241108817
12241108817,8259598037
12241108817,11826135310
12241108817,12241108814
8259598040,8259598045
8259598062,8259598061
12121081554,8259598061
8259651923,11641409557
11641409557,8259651923
11641409557,8259651924
11641409557,11641409558
8259651924,8553883706
8259651924,11641409557
8259651924,8259651935
8553883706,8259651924
8553883706,8665524667
8553883706,11641409555
11641409559,11641409560
11641409559,8259651935
11641409559,11641409561
8259651947,8259651949
8259651947,8259651952
8259651947,8259651951
8259651949,8259651947
8259651949,8259651948
8259651949,8259651950
8259651951,8259651947
8259651948,8259651949
8260256230,8260256235
8260256230,8260256231
10302731669,10722060998
10302731669,8260256229
10302731669,10302731668
8260256235,8260256240
8260256235,8260256239
8260256235,8260256230
10307500125,8260256231
10307500125,10683598809
10307500125,10683598806
8260256239,8260256235
10722060998,8260256240
10722060998,10302731669
10722060998,10722060999
8260256260,8260256259
8260256260,8260256264
8260256260,12704201440
8260256261,12794841107
8260256261,8260256264
8260256261,12794841108
12794841107,8260256261
12794841107,10233760189
12794841107,10233760189
8260408098,8260408092
8260408098,8260408099
8260408098,8260408094
8260408098,8260408104
8260408094,8260408098
8260408104,8260408103
8260408104,8260408098
8260408104,8260408095
8260408106,8260408099
8260408103,8260408104
8260408103,8260408105
8260408103,8260408100
8260408105,8260408103
8260417220,8260417219
8260417220,8260408109
8260417220,8260408116
8260408114,8260408113
8260408114,8260417219
8260408114,8260408116
8260417219,8260417220
8260417219,8260408114
8260417219,8260408116
8260417223,8260417224
8260417224,8260417223
8260417224,10307520902
8260417224,9775274051
8260417226,8260417229
8260417229,8260417226
8260417229,8260417228
8260417229,8260417231
10307562547,8260417231
10307562547,8260417228
10307562547,10307562548
8260417232,8260417233
8287490473,12452840705
12452840705,12452840646
12452840705,8287490473
12452840705,12452840712
8287539728,8287525415
8287539728,12452840696
8287539728,8744119597
12452840696,8287539728
12452840696,12452840674
12452840696,12452840704
8321248585,8321248589
8344861346,8344861347
8344861349,8344861347
8344861349,9128840446
8344861349,8344861350
9128840452,8344861348
9128840452,10733105437
9128840452,9128840453
9128840452,9281240926
9128840446,10733105437
9128840446,8344861349
9128840446,9128840447
8393239340,1601688409
8393239340,8393239341
10859807371,9719974738
10859807371,8397246281
10859807371,10859807372
9719974786,9462859657
9719974786,8397246281
9719974786,9719974735
9719974786,9719974793
8398530347,9720005466
8398530347,12623077707
8398530347,10856723530
9720005466,9720005465
9720005466,8398530347
9720005466,8398530349
12623077707,8398530347
12623077707,12863012402
12623077707,12623077701
10856723530,8398530347
8398530349,9720005460
8398530349,9462859594
8398530349,9720005466
9462859594,9462859595
9462859594,8398530349
9462859594,12862902158
8401915615,8401915614
8403208989,12106408698
8403208989,12111397732
8403208989,8403208983
8411357201,8235937984
8411357201,8411357200
8411357206,8411357207
12037851956,12037851978
12037851956,8412885861
12037851956,12037852017
8462532102,8462532101
8462532102,8462595922
8462532102,10722143224
8462595922,8462532106
8462595922,8462532102
8462595922,8462595918
10722143224,8462532102
10722143224,8462595925
10722143224,8462532107
10722143231,8462532108
10722143231,8462595917
10722143231,10722143229
8512980776,8462532112
8512980776,10722143218
8512980776,8512980775
8462595917,8462595918
8462595917,10722143225
8462595917,10722143231
8462595918,8462595917
8462595918,8462595922
8462595918,10722143237
8462595923,8462595924
8462595923,8462595926
8462595923,8462595928
8462595924,8462595923
8462595924,10722143237
8462595924,8462595925
8462595925,10722143224
8462595925,8462595926
8462595925,8462595924
8463594861,8463594859
8463594864,8463594862
8463594889,8463594888
8463594913,8463594922
8463594913,8463594922
8463594913,8463594914
8463594913,13466617859
8463594922,8463594913
8463594922,8463594913
8463594922,8463594918
8463594914,8463594913
13466617859,8463594913
13466617859,13466617854
13466617859,13466617854
8463594918,8463594922
8463594918,13466617854
8463594918,13466617844
13466617854,13466617859
13466617854,13466617859
13466617854,8463594918
8463594928,8463594927
8463594939,8463594927
8463594939,8463594929
8463594939,8463594942
8463595202,8463595209
8463595202,8463595204
8463595202,8463595203
8463595209,8463595212
8463595209,8463595202
8463595209,8463595204
8463595203,8463595202
8463595210,8463595212
8463595214,8463595213
8463595225,8463595215
8463595225,8463595219
8463595225,8463595228
8463595217,8463595215
8463595218,8463595219
8463595224,8463595229
8463595228,8463595225
8463595230,8463595229
13152974554,13152977411
13152974554,13152974561
13152974554,8463595241
8463595250,8463595261
8463595250,8463595252
8463595250,8463595251
8463595251,8463595250
8463595251,8463595252
8463595251,8463595255
8463595273,8463595272
8463595274,8463595276
8463595274,8463595275
8463595274,8463595282
8463595275,8463595274
8463595282,8463595274
8463595277,8463595276
8480832131,8480832137
8480832131,10298666417
8480832131,10298648404
10298666417,8501591497
10298666417,8480832131
10298666417,10298648404
10537901350,8491423704
10537901350,10549097800
10537901350,10311651001
10537901351,8491423704
10537901351,10537901352
10537901351,10549097803
8491423712,8491423711
8491423714,8491423713
8491423724,8491423722
8501591454,8501591456
8501591461,8501591466
8501591497,8501591492
8501591497,8501591492
8501591497,10298666417
8512967492,8512967493
8512967494,8512967498
8512967499,11517472027
11517472027,8512967502
11517472027,11517472026
11517472027,8512967499
8512967503,8512967505
8512980770,8512980774
8512980775,8512980776
11530358293,11530358294
11530358293,11530358340
11530358293,8512981051
8512981052,8512981055
8512981071,8512981072
8512981072,11517472028
8512981072,8512981077
8512981072,8512981071
11517472028,11517472026
11517472028,8512981072
11517472028,11517472032
8512981077,8512981072
8512981077,11530343234
8512981077,8512981076
8512981073,8512981074
8512981073,8512981075
8512981073,11517472045
8512981075,8512981073
11517472045,8512981073
8512981076,8512981077
12121130510,8512981101
12121130510,12121130511
12121130510,12121130508
8512981102,12121130511
12121130511,12121130510
12121130511,8512981102
12121130511,12121130549
8512981103,8512981104
10703796481,8531289076
10703796481,10703796482
10703796481,10703796483
10703796483,8531289079
10703796483,10703796484
10703796483,10703796481
8531289080,10665044149
8531289080,10665044140
8531289080,10665044140
10665044149,8531289080
10665044149,8531289081
10665044149,10665044148
10665044140,8531289090
10665044140,8531289080
10665044140,8531289080
8531289081,10665044149
8531289081,8531289087
8531289081,8531289084
8531289087,8531289081
8531289087,8531289088
8531289087,8531289084
8531289084,8531289083
8531289084,8531289081
8531289084,8531289087
8531289083,8531289084
8531289083,10703796499
8531289083,12097774720
10703796499,10703796489
10703796499,10703796500
10703796499,8531289083
10703796499,12097774711
12097774720,12097774729
12097774720,8531289083
12097774720,10703796500
8531289089,8531289090
8531289090,8531289089
8531289090,10665044140
8531289090,8531289092
11420451535,8531289093
11420451535,11420451534
11420451535,11420451532
8531289101,8531289098
8531289099,8531289100
8531289099,8531289098
8531289099,12095796837
12095796837,8531289099
12095796869,12095796870
12095796869,8531289100
12095796869,12095796862
10964967898,12509170232
10964967898,8531302799
10964967898,10964967899
12509170232,12509170235
12509170232,10964967898
12509170232,8531302806
8531302972,8531302980
8531302972,8531302980
8531302972,9721958063
8531302980,8531302982
8531302980,8531302972
8531302980,8531302972
8531302982,8531302985
8531302982,8531302980
8531302982,10052455725
8531302985,8531302982
8531302985,10964967899
8531302985,10964967899
10964967899,8531302985
10964967899,8531302985
10964967899,10964967898
8548181447,11812617255
8548181447,13242833932
8548181447,8548181448
11812617255,8548181447
11812617255,11796139946
11812617255,11812617252
11796206078,8946026359
11796206078,8548181448
11796206078,13242833934
8548181465,10123537902
8548181465,8548181455
8548181465,8548181461
11300406916,8548181461
11641409551,8553883660
11641409551,8553883695
11641409551,11641409554
11826135299,10614016484
11826135299,8553883660
11826135299,12241108814
8553883670,8553919669
8553883670,9864631247
8553883670,9864630775
8553919669,8553883670
8553919669,8553919717
9864631247,8553883670
9864631247,9864631341
8553883671,8553883678
8553883671,8553883673
8553883671,8553883677
8553883673,11641409474
8553883673,8553883677
8553883673,8553883671
11641409474,8553883673
8553883692,8553883692
8553883692,8553883692
8553883692,8553883678
11641383164,8553883693
8553883695,9864630959
8553883695,8553883696
8553883695,11641409551
8553883696,8553883695
8553883696,8553883696
8553883696,8553883696
8553883696,8553883705
8553883705,8553883696
8665524667,8553883706
8665524667,8665524662
8665524667,8665524665
11641409555,8553883706
11641409555,11641409556
11641409555,8665524654
8553919624,8553919654
8553919654,8553919669
8553919654,9864630928
8553919717,8553919669
8553919717,9864630958
8553919688,8553919713
8553919688,8553919686
8553919688,8553919718
8553919713,8553919717
8553919718,8553919713
8553919718,8553919688
9864630958,9864630940
9864630958,9864631003
9864630958,8553919717
8574005425,11517472136
11517472136,8574005425
11517472136,8574005446
11517472136,8574005432
8758767260,9812847103
8758767260,8592825925
8758767260,8592825850
8758767260,8744088296
12087936076,8613507700
12087936076,8613507696
12087936076,12087936079
8665291298,8665291297
8665291300,8665291299
8665291309,8665291301
8665291309,8665291303
8665291309,8665291310
8665291302,8665291301
8665291308,8665291303
8665291310,8665291309
8665305334,8665305337
8665524654,8665524654
8665524654,8665524654
8665524654,11641409555
8665524663,8665524662
8665524663,8665524664
8665524663,8665524665
8665524664,8665524663
8665524665,8665524663
8665524665,8665524666
8665524665,8665524667
8665524666,8665524665
8665524675,8665524681
8665524675,8665524683
8665524675,13529054143
8665524681,13529054143
8665524681,8665524682
8665524681,8665524675
13529054143,8665524681
13529054143,8665524675
13529054143,13529054146
8665524682,8665524681
10582000897,10582000898
10582000897,8691267005
10582000897,10582000895
8691298328,8691298333
8691298333,8691298328
8691298333,8691298331
8691298333,9846902561
8691298331,8691298333
8733877201,8733877194
8733877201,8733927132
8733877201,13042496894
11189806163,11201124910
11189806163,8733877195
11189806163,11189806162
13042496894,8733877201
13042496894,13042496897
13042496894,13042496897
9044757960,9042395004
9044757960,8733877212
9044757960,9953414828
11182048128,11186358123
11182048128,8733877213
11182048128,8733927132
8733945387,8733945386
8733964552,8733964551
8733964564,8733964565
8733964564,8733964583
8733964565,8733964564
8733964565,8733964567
8733964583,8733964565
8733964567,8733964566
8733964567,8733964569
8733964566,8733964567
8733964566,8733964564
8733964569,8733964568
8733964569,8733964571
8733964568,8733964569
8733964568,8733964566
8733964571,8733964570
8733964571,8733964578
8733964570,8733964571
8733964570,8733964568
8733964578,8733964570
8733964578,8733964577
8733964577,8733964595
8733964577,9767153570
9767153570,694617369
9767153570,9767153582
8733983748,8733983746
8733983748,8733983741
8733983748,8733983743
8733983742,8733983741
8733983743,8733983748
8733983744,8733983746
8734045648,10009185577
8734045648,8734045645
8734045648,8734045650
10009185577,10009185578
10009185577,8734045648
10009185577,10009185570
10009185604,8734045682
10009185604,8734045685
10009185604,8734045660
12862967988,8734045682
12862967988,10715828622
12862967988,9720005434
8734045685,10009185604
8734045685,10009185543
8734045685,10009185553
8734057952,12401294721
8734057952,8734057954
8734057952,12401294724
12401294721,8734057952
12401294721,12401294719
12401294721,12401294720
12401294724,8734057953
12401294724,8734057952
12401294724,12401294722
8734057953,12401294724
8734057953,12401294722
8734057953,12401294720
12401294722,8734057953
12401294722,8734057954
12401294722,12401294724
12401294720,8734057953
12401294720,12401294721
12401294720,12401294719
8734058000,13538567123
8734058000,8734057994
8734058000,8734085531
13570647642,8734085600
13570647642,13570647647
10846732708,8734085612
10846732708,10846732710
8734085643,2966749540
8734085643,8734085644
8734085644,8734085643
8734085644,9599257940
8734085644,4955168484
8744064216,4609578258
8744088232,4609578258
8744088232,9953348795
9953348795,8744088313
9953348795,8744088321
9953348795,8744088232
8744088256,9812847103
8744088256,8744088313
8744088256,9846932845
9812847103,8758767260
9812847103,9846932894
9812847103,8744088256
9846932845,8744088232
9846932894,9812847103
9846932894,9846932845
9846932894,8744088296
9774929597,8762702406
9774929597,9774929600
9774929597,9719988839
10296531951,10296531948
10296531951,10296531948
10296531951,8762702406
8783743589,8783743580
8795567313,13617148896
8795567313,8795567316
8795567313,8795567316
13617148896,8795592923
13617148896,8795567313
13617148896,13617148887
8795567316,8795567313
8795567316,8795567313
8795567316,13617148737
13617148737,8795567316
13617148737,8795592932
13617148737,13617148740
8795592923,13617148887
8795592923,13617148887
8795592923,13617148896
13617148887,8795592923
13617148887,8795592923
13617148887,13617148896
8810916674,8810916693
8810916674,8810916673
8810916674,8810916671
8810916672,8810916673
8810916693,8810916674
8810916693,8810916692
8810916693,12061935764
8810916676,12061935695
8810916676,12061935764
8810916676,12061935696
8810916676,12061935714
12061935695,8810916676
12061935695,12061935696
12061935695,12061935752
12061935764,8810916676
12061935764,8810916693
12061935764,12061935762
12061935696,12061935695
12061935696,12061935694
12061935696,8810916676
12061935696,12061935698
12061935714,12061935762
12061935714,8810916676
12061935714,12061935729
8810916683,12061935765
8810916683,12061935665
8810916683,8810916680
12061935765,8810916683
12061935765,8810916684
12061935765,12104961371
8810916684,12061935765
8810916684,8810916686
8810916684,8810916691
8810916687,8810916686
8816509037,9721409432
8816509037,10307405284
8816509037,10307405288
9721409432,8816509037
9721409432,10296958912
9721409432,10296958912
10307405284,8816509037
10307405284,8816509038
10307405284,10307405285
10307405288,10307405285
10307405288,8816509037
8816509038,10921990956
8816509038,10921990967
8816509038,10307405284
8830448637,8830448638
10964992597,10964992595
10964992597,8862714215
8862714585,8862714586
8862714585,8862714587
8862714585,8862714592
8862714586,8862714585
8862714587,8862714585
8862714592,8862714591
8862714592,8862714596
8862714592,8862714585
8862714591,8862714592
8862714596,8862714592
8862714596,10964992617
10964992617,8862714607
10964992617,8862714596
8862714606,10964992611
10964992611,8862714606
10964992611,8862714607
8862714607,10964992617
8862714607,10964992611
8862714607,10964992593
10964992593,8862714612
10964992593,10964992592
10964992593,10964992594
10964992593,8862714607
8862714612,10964992609
8862714612,10964992593
8862714612,10964967884
10964992609,10964992596
10964992609,8862714612
10964992609,8862714618
10964967884,8862714612
10964967884,10964992605
10964967884,10964992595
10964967884,10964992596
8862714618,10964992609
8872312234,8872312233
9775266589,8872312252
9775266589,9775273917
9775266589,9775266588
9288197095,8873294325
9288197095,9288197098
9288197095,9288197107
8888064258,12316092650
8888064258,8888064297
8888064258,9720732419
12316092650,9720732417
12316092650,8888064258
12316092650,12316092654
8888064297,8888064287
8888064297,8888064258
8888064297,12316092893
9720732419,8888064258
9720732419,9720732417
9720732419,9720691184
8888064264,12316092897
8888064264,12316092710
8888064264,12316092890
12316092897,8888064264
12316092897,9720732434
12316092897,8888064268
12316092897,12316092952
12316092710,8888064272
12316092710,8888064264
12316092710,12316092892
12316092890,12316092894
12316092890,8888064264
12316092890,8888064274
8888064268,8888064274
8888064268,8888064283
8888064268,12316092897
8888064274,12316092895
8888064274,12316092890
8888064274,8888064268
8888064283,9198475870
8888064283,12316092879
8888064283,8888064268
9198475870,8888064283
9198475870,8888064269
9198475870,9198475862
8888064288,8888064269
8888064272,12316092710
8888064272,8888064287
8888064272,12316092951
8888064287,8888064297
8888064287,8888064272
8888064287,12316092946
12316092951,12316092952
12316092951,8888064272
12316092951,12316092946
12316092895,8888064274
12316092895,12316092894
12316092895,12316092713
8888064281,12316092713
8888064281,12316092893
8888064281,9720691191
12316092713,8888064281
12316092713,12316092892
12316092713,12316092895
12316092893,8888064281
12316092893,12316092892
12316092893,8888064297
12316092879,12316092872
12316092879,8888064283
12316092879,12316092882
12316092946,8888064287
12316092946,9720691184
12316092946,12316092951
8946026355,8946026356
8946026355,8946026356
8946026356,8946026359
8946026356,8946026355
8946026359,11796206078
8946026359,8946026360
8946026358,566611991
8946026358,8946026360
8946026360,8946026358
8946026360,8946026358
9014131551,9014131553
9014131551,9014131554
9014131551,11702036922
9014131553,9014131554
9014131553,9014131551
9014131553,11702036927
9014131554,9014131553
9014131554,9014131555
9014131554,9014131551
11702036922,11702036921
11702036922,9014131551
11702036922,11702036924
11702036927,9014131553
11801884164,9014131595
11801884164,11801884158
11801884164,11801884163
9014131599,9014131600
9014131602,9014131600
9014131602,9014131604
9014131602,9014131601
9014131601,9014131602
9014131603,9014131604
9014136829,9014136830
9014136831,11801964596
9014136831,9933069977
9014136831,9014136830
9933069977,9014136831
9933069977,9933069980
9933069977,9014136846
11801964668,9014136845
11801964668,9933069983
11801964668,11801964676
9933069983,9014136845
9933069983,11801964668
9933069983,9933069987
9014136946,9933069991
9014136946,11801964599
9014136946,11801896670
9933069991,9014136946
9933069991,9933069987
9933069991,11801964598
11801896670,9014136946
11801896670,11801884165
11801896670,11801884165
9039588762,9039588763
9039588762,9039588760
9039588762,13291314480
9042436230,9864657260
9042436230,9042436235
9042436230,9042436225
9864657250,9042436225
9864657260,9042436230
9162139485,10564075845
9162139485,9043639462
9162139485,7883098793
10073767297,10073767299
10073767297,10073767469
10073767297,9047619273
9105255167,12097770392
9105255167,12097770391
9105255167,9105255173
12097770392,12097770391
12097770392,9105255167
12097770392,12097770379
12097770391,9105255170
12097770391,12097770392
12097770391,9105255167
9105255170,12097770379
9105255170,9105255171
9105255170,12097770391
12097770379,9105255170
12097770379,12097770380
12097770379,12097770392
9105255171,9105255170
9128801180,9128801179
9128801180,10078060314
9128801180,9128801184
10078060314,10078060542
9128801184,9128801180
9128812826,9128812827
9128812826,11602920586
9128812827,9128812826
11602920586,4642937648
11602920586,13466617755
10733105437,9128840452
10733105437,9128840446
10733105437,11036255801
9128840447,9128840446
9128840453,12107810185
9128840453,11036255800
9128840453,9128840452
11036255800,9281238516
11036255800,9128840453
11036255800,12107810184
11036255800,11036255801
9824231219,9824231218
9824231219,9824231221
9824231219,9133169298
9167377196,9167377195
9198475862,9198475862
9198475862,9198475862
9198475862,9198475870
12094776835,12094776836
12094776835,12094776830
12094776835,9213250416
12090984453,12090984448
12090984453,9213258518
12090984453,12090984455
12094776830,9213258518
12094776830,12094776828
12094776830,12094776835
9213258519,12095770431
9213258519,9213258520
9213258519,12095770434
12095770431,9213258519
12095770434,9213258519
9213258521,9213258522
9213258521,9213258523
9213258521,12095770444
9213258522,9213258521
9213258523,9213258521
12095770444,12095770481
12095770444,12095770445
12095770444,9213258521
9213258574,12094776660
12094776660,9213258574
12094776660,12094776663
12094776660,12094776662
12090987676,12090987674
12090987676,9213258575
12090987676,12090987678
12094776663,12094776660
12094776663,9213258575
12094776663,12094776664
10555226385,9225830015
10555226385,10537901316
10555226385,9668299063
9225832923,9225832921
9225832923,9225832925
9225832923,9225832924
9225832922,9225832921
9225832925,9225832923
9225832925,9225832926
9225832925,9225832927
9225832924,9225832923
9225832926,9225832925
9225832927,9225832925
9226037669,9226037668
9226037684,9226037679
11627244656,9226037690
11627244656,9226037688
11627244656,9226037688
9226037690,11627244656
9226037691,9226037692
9226037692,9226037691
9226037692,9226037694
9226037692,9226037698
9226037694,9226037695
9226037694,11627254531
9226037694,9226037692
9226037698,11627244665
9226037698,9226037695
9226037698,9226037692
11627244665,9226037698
9236375983,9236375986
9236375983,12846604861
9236375983,9236375982
13137825087,9236375982
12844367641,12844367635
12844367641,9236375986
12844367641,12844367637
9238481070,9238481071
9238481071,9238481070
9238481071,9238481072
9238481071,9238481075
9238481072,9238481073
9238481072,9238481074
9238481072,9238481071
9238481075,9238481071
9238481074,9238481072
9238481078,9238481077
9238481078,9238481079
9238481078,9238481079
9238481079,9238481085
9238481079,9238481078
9238481079,9238481078
10875587561,9238481085
10875587561,10875587553
10875587561,10875587562
11036255803,9281238516
11036255803,12107810184
11036255803,9281238515
9281240919,9668299085
9281240919,9668299086
9281240919,9281240922
9668299085,9281240919
9668299085,9668299086
9668299085,9668299084
9668299086,9668304117
9668299086,9668299085
9668299086,9281240919
9281240922,9668299095
9281240922,9281240919
9281240922,9668299084
9281240922,9609258299
9668299095,9281240922
9668299095,9281240923
9668299095,9668299094
9668299084,9668299083
9668299084,9668299085
9668299084,9281240922
9609258299,9668299081
9609258299,9281240922
9609258299,9609258298
9281240923,9668299095
9281240923,9668299103
9281240923,9668299083
9668299083,9281240923
9668299083,9668299084
9668299083,9668299093
9288004161,9288004162
9288123037,9288123040
9288123040,9288123037
9288123040,9288123041
9288123040,9288123038
9288123038,9288123040
9288123041,12178960148
9288123041,12178960141
9288123041,9288123040
12178960148,10740792989
12178960148,9288123041
12178960148,12178960146
12178960141,9288123041
12178960141,12178960137
12178960141,12178960146
9288123054,9288123062
9288123062,9288123074
9288123062,9288123069
9288123062,9288123054
9288123069,12178960137
9288123069,9288123062
9288123069,12180011567
12178960137,12178960141
12178960137,9288123069
12178960137,12178960149
12180011567,9288123074
12180011567,12180011568
12180011567,9288123069
9288197107,9288197095
9288197107,9288197104
9288197107,9288197113
9288295783,9288295782
9288295784,9288295798
9288295784,9288295794
9288295784,9288295782
9288295798,9288295791
9288295798,9288295784
9288295798,9288295795
9288295792,9288295794
9288295795,9288295798
9288424595,9288424597
9288424598,9288424600
9288424607,9288424608
9288424610,9288424608
9288424610,9288424614
9288424610,9288424609
9288424609,9288424610
9288424614,9288424610
9288424614,9288424612
9288424614,9288424613
9288424611,9288424612
9288424613,9288424614
9288468423,9288468433
9288468423,9288468433
9288468423,9288468620
9288468433,9288468423
9288468433,9288468423
9288468433,9288468637
9288468620,9288468638
9288468620,9288468642
9288468620,9288468423
9288468637,9288468638
9288468637,9288468433
9288468637,9288468630
9288468443,9288468444
9288468446,9288468448
9288468446,9288468570
9288468446,11504343392
9288468448,9288468446
9288468448,9288468447
9288468448,9288468449
9288468570,11614910133
9288468570,9288468576
9288468570,9288468446
11504343392,11504343397
11504343392,9288468576
11504343392,9288468446
9288468447,9288468448
9288468449,9288468448
9288468449,11614910130
9288468449,11614910133
9288468449,11614910132
11614910130,11614910128
11614910130,9288468449
11614910130,11614910131
11614910133,9288468449
11614910133,9288468570
11614910133,11614910134
11614910132,9288468449
9288468457,9288468453
9288468457,9288468453
9288468457,11614910024
11614910024,9288468457
9288468458,9288468459
9288468466,9288468468
11504260436,9288468468
11504260436,11504260430
11504260436,11504260438
9288468469,11504343356
9288468469,11504343343
9288468469,9288468470
11504343356,9288468479
11504343356,9288468469
11504343356,11504343359
11504343343,9288468469
11504343343,9288468471
11504343343,11504343352
9288468470,9288468469
9288468470,9288468471
9288468470,11504343362
9288468471,11504343340
9288468471,9288468470
9288468471,11504343343
11504343362,9288468470
11504343340,9288468471
11504343340,11504260441
11504343340,11504343342
9288468487,9288468473
9288468487,9288468504
9288468487,9288468479
11517427601,11517427595
11517427601,9288468473
11517427601,11517427599
9288468474,9288468477
9288468477,9288468476
9288468477,9288468478
9288468477,9288468474
9288468476,9288468477
9288468478,9288468489
9288468478,9288468479
9288468478,9288468477
9288468489,11504343363
9288468489,9288468478
9288468489,11504343309
9288468479,9288468478
9288468479,11504343356
9288468479,9288468487
9288468504,9288468487
9288468504,11504343368
9288468504,11614910011
11504343317,11504343325
11504343317,11504343318
11504343317,9288468488
11504343363,11517427599
11504343363,9288468489
11504343363,11614910124
11504343309,11504343326
11504343309,9288468489
11504343309,11504343313
9288468490,9288468491
9288468490,9288468494
9288468490,9288468496
9288468491,9288468490
9288468491,11504343332
9288468491,9288468492
9288468494,9288468493
9288468494,9288468495
9288468494,9288468490
11504343332,9288468491
9288468502,9288468500
9288468502,9288468492
9288468502,9288468501
9288468493,9288468494
9288468495,9288468494
9288468498,9288468496
9288468498,9288468500
9288468498,9288468497
9288468497,9288468498
9288468500,9288468498
9288468500,9288468502
9288468500,9288468499
9288468499,9288468500
9288468501,9288468502
11614910011,9288468504
9288468511,9288468532
9288468511,9288468513
9288468511,11517411611
9288468532,9288468511
9288468532,9288468529
9288468532,9288468533
9288468513,9288468516
9288468513,11517411611
9288468513,9288468511
11517411611,9288468513
11517411611,9288468516
11517411611,9288468511
9288468516,9288468513
9288468516,9288468526
9288468516,11517411611
9288468526,9288468529
9288468526,9288468527
9288468526,9288468516
9288468521,11517411576
9288468521,11517411577
9288468521,11517411572
11517411576,11517411579
11517411576,9288468521
11517411576,11517411575
11517411577,9288468521
11517411577,9288468523
11517411577,11517411578
11517411572,9288468521
11517411572,11517373068
11517411572,11517411573
9288468607,9288468522
9288468607,11517373066
9288468607,9288468604
9288468523,11517411577
9288468523,9288468522
9288468523,11517411580
11517411580,11517411578
11517411580,9288468523
11517411580,9288468527
9288468529,9288468526
9288468529,9288468528
9288468529,9288468532
9288468527,9288468526
9288468527,9288468528
9288468527,11517411580
9288468528,9288468527
9288468528,9288468529
9288468528,11517411579
11517411579,11517411576
11517411579,11517411578
11517411579,9288468528
9288468533,9288468660
9288468533,9288468690
9288468533,9288468532
9288468690,9288468533
9288468690,9288468661
9288468690,11517411607
9288468537,11517411584
9288468537,9288468537
9288468537,9288468537
11517411584,9288468537
11517411584,9288468538
11517411584,11517411585
9288468538,11517411584
9288468538,9288468661
9288468538,9288468645
9288468661,9288468690
9288468661,9288468538
9288468548,9288468549
9288468549,9288468580
9288468549,9288468548
9288468549,9288468574
9288468580,9288468549
9288468580,9288468591
9288468580,9288468577
9288468574,9288468576
9288468574,9288468549
9288468574,9288468571
9288468568,11614910126
11614910126,11614910128
11614910126,11614910127
11614910126,9288468568
9288468576,11504343392
9288468576,9288468570
9288468576,9288468574
9288468571,9288468574
9288468577,9288468580
9288468591,9288468580
9288468591,9288468588
9288468591,9288468589
9288468585,9288468588
9288468589,9288468591
9288468596,9288468597
9288468596,9288468597
9288468596,9288468602
9288468597,9288468596
9288468597,9288468596
9288468597,9288468602
9288468602,9288468597
9288468602,9288468596
9288468602,9288468604
9288468604,9288468603
9288468604,9288468602
9288468604,9288468607
9288468603,9288468604
9288468608,9288468609
9288468609,9288468608
9288468609,9288468612
9288468609,9288468610
9288468610,9288468609
9288468613,9288468612
9288468638,9288468620
9288468638,9288468637
9288468638,9288468642
9288468642,9288468620
9288468642,9288468638
9288468642,9288468644
9288468630,9288468644
9288468630,9288468632
9288468630,9288468637
9288468644,9288468630
9288468644,9288468631
9288468644,9288468642
9288468632,9288468631
9288468632,9288468630
9288468632,9288468633
9288468631,9288468632
9288468631,9288468644
9288468631,9288468633
9288468633,9288468631
9288468633,9288468645
9288468633,9288468632
9288468659,11517411605
11517411605,9288468659
11517411605,9288468660
11517411605,11517411607
9288468667,11517411608
9288468667,9288468688
11517411608,11517411607
11517411608,9288468661
11517411608,11517411610
9288468688,9288468687
9288468673,9288468667
9288468687,9288468673
9288468687,9288468673
11517411607,11517411608
11517411607,9288468688
11517411607,11517411605
9288587629,9866591601
10537901353,10570390441
10537901353,9322420298
10537901353,10537901316
9322420309,9322420308
9322442121,9322442143
9322442121,9322442120
9322442121,9322420308
9893272156,9893272155
9893272156,9893272154
9893272156,9322420308
9893272156,9322442126
9322442143,9322442121
9322442126,9893272156
9330508504,9330508503
9330508504,9330508516
9330508504,9330508505
9330508513,10304785698
9330508515,9330508516
9330523417,9330523419
11850246373,11850237366
11850246373,9360005859
11850246373,11850237364
11770061689,7814072335
11770061689,11770061690
9360047038,5271764268
9360047038,11770061696
12650224551,12650224551
12650224551,12650224551
12650224551,9370830188
9402677714,9402677713
9402681817,9402677715
9402681820,9402681818
9402681824,9402681821
9402681824,9402681824
9402681824,9402681824
9405126556,9405126583
9405126556,9405126585
9405126556,9405126578
9405126585,9405126556
9405126585,9405126583
9405126585,9405126563
9405126563,9405126596
9405126563,9405126578
9405126563,9405126585
9405126596,9405126563
9405126596,9405126586
9405126596,9405126600
9405126596,9405126571
9405128118,9405128117
9405128120,9405128119
9420089575,10048388625
9420089575,9420089586
11770061690,9360047038
11770061690,11770061689
9420119376,9420119406
9420119376,9420119393
9420119406,1603964704
9420119406,9420119393
9420119392,9420119385
9420119392,9420119412
9420119392,9420119383
9420119396,9420119399
9420119396,9420119382
11289711534,10217067684
11289711534,11289711532
9442406821,9442406822
9442406822,9442406821
9442406822,9442406824
9442406822,9442406825
9442406824,9442406822
9442406824,9442406823
9442406824,12097782078
9442406823,9442406824
12097782078,9442406824
9442406826,9442406825
11835734545,11835734544
11835734545,2966751895
9462859595,9720005454
9462859595,9720005454
9462859595,9462859594
9720005454,9462859595
9720005454,9462859595
9720005454,9719974792
9462859630,9719974755
9462859630,9720005465
9462859630,10856723510
9719974755,9462859640
9719974755,9462859630
9719974755,9719974758
9720005465,9720005466
9720005465,9462859630
9720005465,9719974749
10856723510,9462859630
9462859640,9719974755
9462859657,9719974786
9462859657,10859807376
9462859657,10859807375
10859807376,10859807377
10859807376,9462859657
10859807376,10859807378
10859807375,9462859657
9488099714,9488099715
10570938784,10570938785
10570938784,9513406102
10570938784,10537901333
9526801265,12251092873
9526801265,9526801260
9526801265,9526801267
9526801263,9526801264
9526801264,9526801263
9526801264,12251092874
9526801264,12251092873
12251092874,9526801267
12251092874,12251092873
12251092874,9526801264
12251092873,9526801265
12251092873,12251092874
12251092873,9526801264
9526801267,12251092874
9526801267,12202471879
9526801267,9526801265
9526801269,12253667666
9526801269,9526801268
9526801269,12253667525
12251092700,9526801268
12251092700,12253667595
12251092700,12251092708
12253667525,9526801269
12251092708,9526801276
12251092708,9526801274
12251092708,12251092700
12253652632,9526801274
9599257927,8734085644
9599257927,9599257926
13570647647,9599261333
13570647647,13570647649
13570647647,13570647642
9609258252,9609258254
9609258281,9609258298
9609258281,9668304126
9609258281,9609258314
9609258281,9668299116
9609258298,9609258281
9609258298,9609258299
9609258298,11160560997
9668304126,9609258294
9668304126,9733558586
9668304126,9609258281
9609258314,9668304121
9609258314,9609258290
9609258314,9609258281
9609258289,9609258294
9609258289,9733558587
9609258289,11881586854
9609258294,9609258289
9609258294,9668304126
9609258294,9609258290
9733558587,9609258289
11881586854,11881586828
11881586854,11881586838
11881586854,9609258289
11881586854,11881586836
9609258290,9609258294
9609258290,11881586836
9609258290,9609258314
11881586836,11881586842
11881586836,11881586854
11881586836,9609258290
11160560997,9609258298
9668299081,9609258299
9668299081,9668304122
9668299081,9668299094
9668304121,9609258314
9668304121,9609278317
9668304121,9668304117
9609278317,9668304121
9609278317,10537901346
9609278317,13556348051
10537901346,13556348051
10537901346,9609278317
10537901346,9668304123
13556348051,10537901346
13556348051,13556348052
13556348051,10537901343
13556348051,9609278317
9624770778,11387421631
11387421631,9624770780
11387421631,9624770778
11387421631,11387421635
9624770780,9624770798
9624770780,11387421636
9624770780,11387421631
11387421636,9624770780
11387421636,11387421638
11387421636,11387421637
9624770785,9624770786
9624770785,9624770783
9624770785,11387380437
9624770786,11387380434
9624770786,9624770785
9624770786,9624770787
11387380437,9624770785
9624770791,11387421644
9624770791,11387421678
9624770791,9624770792
11387421644,9625187195
11387421644,9624770791
11387421644,11387421646
11387421678,9624770791
11387421678,9625187194
11387421678,11387421681
9624770792,9624770791
9624770792,9624770793
9624770792,11387421651
9624770793,9624770792
11387421651,9624770792
11387421651,9624770794
11387421651,11387421652
9624770794,11387421651
9624770797,9624770796
9624770797,9624770798
9624770797,9624770795
9624770802,9624770795
9624770796,9624770797
9624770803,11412766923
9624770803,11412841304
9624770803,9624770805
11412766923,11387412817
11412766923,9624770803
11412766923,11412766926
9624770805,9624770807
9624770805,9624770803
9624770805,9624770808
9624770807,9624770805
9624770807,9624770806
9624770807,9624770808
9624770808,9624770809
9624770808,9624770807
9624770808,9624770805
9624770810,9624770806
9624770810,9624770809
9624770810,9624770813
9624770809,9624770810
9624770809,9624770813
9624770809,9624770808
9624770813,9624770809
9624770813,11387421676
9624770813,9624770810
11387421676,9624770813
11387421676,9625187190
11387421676,11387421684
9624770814,9624782919
9624770814,11412766953
9624770814,9624770815
9624770814,11412766952
9624782919,9624782921
9624782919,9624770814
9624782919,9624782918
11412766953,9624770814
11412766953,11412766950
11412766953,11412766954
9624770815,9624770814
9624770815,11387421710
9624770815,11387421709
11412766952,9624770814
11387421710,9624770815
11387421710,9624770816
11387421710,11387421713
11387421709,9624770815
9624770816,11387421710
9624782918,9624782919
9624782921,9624782925
9624782921,9624782919
9624782921,9624782920
9624782920,9624782921
9624782925,11387421578
9624782925,9624782921
9624782925,9624782924
9624782922,9624782923
9624782923,11387421471
9624782923,11387421578
9624782923,9624782922
9624782923,11387421580
11387421471,11387421583
11387421471,9624782923
11387421471,11387380468
11387421578,9624782923
11387421578,9624782925
11387421578,11387421581
11387421580,11387421575
11387421580,9624782923
11387421580,11387421581
9624782924,9624782925
9625187188,9625187189
9625187189,9625187188
9625187189,9625187190
9625187189,11412766935
9625187190,11387421676
9625187190,11412841281
9625187190,9625187189
11412766935,9625187189
9625187191,9625187194
9625187194,11387421678
9625187194,11387421685
9625187194,9625187191
9625187195,11387421638
9625187195,11387421644
9625187195,9625187196
11387421638,11387421636
11387421638,9625187195
11387421638,11387421640
9625187196,9625187195
9633169926,9633169927
9668299063,10555226385
9668299063,9668299064
9668299063,10537901319
9668299064,9668299063
9668304122,9668304123
9668304122,9668299098
9668304122,9668299081
9668299094,9668299095
9668299094,9668299081
9668299094,9668299098
9668299093,9668299083
9668304117,9668299116
9668304117,9668299086
9668304117,9668304121
9668299098,9668304122
9668299098,9668299103
9668299098,9668299094
11881586833,11881586837
11881586833,9668299116
11881586833,11881586849
9668304123,9668304122
9668304123,10537901348
9668304123,10537901346
9733558586,9668304126
10555176794,9707123674
10555176794,10555176797
10555176794,10303383140
9707123680,9707123685
9707123680,9707123682
9707123680,9707123678
9707123682,9707123681
9707123682,9707123680
9707123682,10307443799
9707123681,9707123682
9707123686,9707123687
9719924758,10296531927
9719924758,10296531944
9719924758,9719924762
10296531927,10296531931
10296531927,9719924758
10296531944,10296531957
10296531944,9719924758
10296531944,11618835421
9719924762,9719924758
9719924762,9719924763
9719924763,9719924777
9719924763,10928812838
9719924777,4438323798
9719924777,9727637016
9727637016,9727637015
9727637016,9727654517
9727654530,9727654536
9727654530,9727654529
11826157449,7078553272
11826157449,11826157460
9719924779,9719924777
9719924779,9727654517
9727654517,10079190927
9727654517,9727654540
9719974732,9719974734
9719974734,9719974732
9719974734,9719974758
9719974734,9719974792
9719974758,9719974749
9719974758,9719974734
9719974758,9719974755
9719974758,9719974762
9719974792,9719974793
9719974792,9719974734
9719974792,9720005454
9719974735,9719974762
9719974735,9719974786
9719974735,9719974738
9719974762,10859807380
9719974762,10859807378
9719974762,9719974758
9719974762,9719974735
9719974738,10859807371
9719974738,10859807382
9719974738,9719974735
9719974738,10715828608
10859807382,10859807383
10859807382,10859807384
10859807382,9719974738
10715828608,10715828640
10715828608,10715828618
10715828608,9719974738
9719974746,9719974749
9719974749,9720005465
9719974749,9719974758
9719974749,9719974746
10859807380,9719974762
10859807380,10859807381
10859807380,10859807384
10859807378,10859807379
10859807378,10859807376
10859807378,9719974762
9719974793,9719974792
9719974793,9719974794
9719974793,9719974786
9719974809,9719974811
9719974809,9720005420
9719974809,9720005424
9719974811,9719974811
9719974811,9719974811
9719974811,9719974809
9720005420,10715828636
9720005420,12133440223
9720005420,9719974809
9720005424,10715828622
9720005424,9719974809
9720005424,10009185603
9719988834,9719988837
9719988834,10565052972
9719988834,9719988835
9719988837,9774929600
9719988837,9719988834
9719988837,9719988836
10565052972,9719988834
10565052972,9719988841
10565052972,10565052977
9719988835,9719988836
9719988835,9719988840
9719988835,9719988834
9719988836,9719988839
9719988836,9719988835
9719988836,9719988837
9719988840,9719988835
9719988840,10311656526
9719988840,10311656552
9719988839,9719988836
9719988839,9774929600
9719988839,9774929597
9774929600,9719988837
9774929600,9719988839
9774929600,9774929597
10311656526,9719988840
10311656526,9719988841
10311656526,10311656524
9719988841,10565052972
9719988841,9719988846
9719988841,10311656526
9719988846,10311656524
9719988846,9719988843
9719988846,9719988841
10565052975,10565052977
10565052975,9719988843
10565052975,10296531945
10311656524,10311656551
10311656524,9719988846
10311656524,10311656526
9720005419,12080254865
9720005419,12080254865
9720005419,12133440224
12080254865,9720005419
12080254865,9720005419
12080254865,12133440227
12133440224,10715828628
12133440224,9720005419
12133440224,12133440227
12133440224,10715828636
10715828636,9720005420
10715828636,10715828640
10715828636,10715828635
10715828636,12133440224
12133440223,9720005420
10715828622,9720005424
10715828622,9720005437
10715828622,12862967988
10715828622,10715828635
9720005425,10715828619
10715828619,9720005425
10715828619,10715828621
10715828619,10715828632
9720005434,9720005437
9720005434,10715828648
9720005434,12862967988
9720005437,9720005434
9720005437,10715828622
9720005437,10715828621
10715828648,9720005434
10715828621,10715828635
10715828621,10715828619
10715828621,9720005437
12876596068,9720005460
9720691184,9720732425
9720691184,12316092946
9720691184,9720732419
9720732425,9720691184
9720732425,12316092952
9720732425,9720732434
9720691204,9720691191
9720691204,11420451523
9720691204,11420451529
11420451523,11420451522
11420451523,9720691199
11420451523,9720691204
11420451529,9720691204
11420451529,9720732417
11420451529,11420451525
9720732417,12316092650
9720732417,11420451529
9720732417,9720732419
12316092952,12316092951
12316092952,9720732425
12316092952,12316092897
9720732434,9720732425
9720732434,12178934063
9720732434,12316092897
9720732434,9720732443
12178934063,7599599846
12178934063,9720732434
9720732443,9720732434
12509044345,9721378459
12509044345,9721378458
12509044345,12509044349
12509044345,10928002542
9721378459,9721379002
9721378459,12509044345
9721378459,9721378461
9721379002,9721378460
9721379002,9721378459
9721379002,9721379003
9721378461,9721378459
9721378460,9721379002
9721379003,9721379002
10296958912,9721409432
10296958912,9721409432
10296958912,10296958913
9721957910,9721957911
9721957910,9721957930
9721957910,9721957938
9721957930,10964967862
9721957930,9721957910
9721957930,9721957912
10964967862,9721957930
9721957940,9721957939
9721957940,12509170235
9721957940,5690230816
12509170235,9721957940
12509170235,12509170232
12509170235,12509170233
9727637015,9727654540
9727637015,1601689054
9727654540,9727654518
9727654540,10928812860
10079190927,10079190926
10079190927,9719924779
9727654518,9727654551
9727654518,10079190929
9727654551,9719924778
9727654551,9727654529
10079190929,10079190927
10079190929,9727654540
10079190926,10079190925
10079190926,9727654537
9727654529,9727654537
9727654529,10079190925
9727654537,9727654522
9727654537,1601688418
10079190925,10079190929
10079190925,9727654551
9727654536,9727654537
9727654536,1601688305
10928812860,1601689054
10928812860,1601689030
9742021315,9742051827
9742051827,9742021315
9742051827,9742051835
9742051827,9742051835
9742051835,9742051839
9742051835,9742051827
9742051835,9742051827
9742051839,9742051838
9742051839,9742051835
9742051839,9742051836
9742051839,9742051840
9742051836,9742051839
9742051838,9742051839
10246462262,9742051840
10246462262,10246462265
10246462262,10246462265
9742051850,9742051852
9742051884,9742051885
10311753747,9742051896
9742051911,11881771543
9742051911,9742051896
9742051911,9742051909
9742051899,9742051900
9742051899,9742051897
9742051899,9742051901
9742051900,9742051899
9742051900,9742051898
9742051900,9742051901
9742051903,9742051904
9742051903,9742051905
9742051903,9742051907
9742051904,9742051903
9742051904,11881771543
9742051904,9742051908
9742051905,9742051909
9742051905,11881771543
9742051905,9742051903
11881771543,9742051905
11881771543,9742051911
11881771543,9742051904
9742051920,9742051924
9742051924,9742051920
9742051924,9742051921
9742051924,9742051927
9742051921,9742051924
9742051928,9742051927
9742051930,9742051931
9767153538,10052455768
9767153538,9767153538
9767153538,9767153538
9767189169,9767189167
9775266572,9775266571
9775266572,9775273944
9775266572,9775273920
9775266572,9775273931
9775273933,9775266571
9775273933,9775273943
9775273933,9775273941
9775273931,9775273929
9775273931,9775273930
9775273931,9775266572
9775266573,9775273984
9775266573,9775273964
9775266573,9775273972
9775273984,9775266573
9775273984,9775273980
9775273984,9775273986
9775266588,9775266589
9775273917,9775266616
9775273917,9775266589
9775273917,9775266596
9775266595,9775266596
9775266596,9775266605
9775266596,9775273917
9775266596,9775266595
9775266605,9775266596
9775266605,9775266598
9775266605,9775266601
9775266597,9775266598
9775266598,9775266605
9775266598,9775266611
9775266598,9775266597
9775266601,9775266605
9775266606,9775266611
9775266613,9775266616
9775266616,9775266615
9775266616,9775273917
9775266616,9775266613
9775266615,9775266616
9775273919,9775273920
9775273919,9775273922
9775273919,9775273928
9775273922,9775273919
9775273928,9775273921
9775273928,9775273919
9775273928,9775273927
9775273921,9775273928
9775273930,9775273931
9775273943,9775273933
9775273934,10131379267
10131379267,10131379262
10131379267,9775273934
10131379267,9775273941
10131379267,10549097759
9775273958,9775273969
9775273969,9775273958
9775273969,9775273990
9775273969,9775273986
9775273987,9775273964
9775273987,9775273986
9775273987,9775273990
9775273990,9775273991
9775273990,9775273987
9775273990,9775273969
9775273986,9775273987
9775273986,9775273969
9775273986,9775273984
9775273980,10549097773
9775273980,9775273975
9775273980,9775273984
10131359626,10131359624
10131359626,9775274032
9775274039,9775274044
9775274039,9775274051
9775274039,9775274042
9775274044,9775274043
9775274044,9775274039
9775274044,9775274049
9775274042,9775274049
9775274042,9775274048
9775274042,9775274039
9775274049,9775274042
9775274049,9775274050
9775274049,9775274044
9775274048,9775274042
9775274043,9775274044
10247446767,10247446786
10247446767,9775274050
10247446767,10247446764
9775274056,9775274057
10298119240,10307520903
10298119240,10298119244
10245692721,9775274064
10245692723,9775274064
10245692723,10245692722
10245692723,10245692724
9775274113,9775274115
9775274118,9775274123
9794679303,9794679302
9794679303,9794679311
9794679303,9794679296
9794679303,9794679276
9794679294,9794679339
9794679294,9794679296
9794679294,9794679337
9794679296,9794679294
9794679296,9794679303
9794679296,9794679337
9794679337,9794679296
9794679337,9794679327
9794679337,9794679294
9794679302,9794679303
9794679302,9794679311
9794679302,9794679327
9794679311,9794679303
9794679311,9794679327
9794679311,9794679302
9794679327,9794679304
9794679327,9794679302
9794679327,9794679337
9794679327,9794679311
9794679304,9794679327
11750239410,9824211897
11750239410,11750239412
11750239410,11750239411
11750239412,11750239410
11750239412,11750239413
11750239412,9824211899
9824231218,9824231219
9824231221,9824231220
9824231221,9824231219
9824231221,11702037079
9824231220,9824231221
11702037079,9824231221
9824231238,9824231239
9824231238,9824231256
9824231238,9824231250
9824231239,9824231238
9824231253,9824231250
9824231253,9824231251
9824231253,9824231252
9824231254,9824231251
9824231252,9824231253
9824231282,9824231284
9824231284,9824231282
9824231284,9824231283
9824231284,9824231285
9824231284,11750239421
9824231283,9824231284
9824231285,9824231284
9824231285,9824231286
9824231285,9824231287
11750239421,11750239421
11750239421,11750239421
11750239421,9824231284
9824231286,9824231285
9824231292,9824231297
9824231292,9824231295
9824231292,9824231294
9824231294,9824231292
11750239407,11750239408
11750239407,9824231295
11750239407,11750239409
9846902600,9846902591
9846902600,11850303202
9846902600,9846902601
9846902601,9846902602
9846902601,9846902591
9846902601,9846902600
9864630717,9864631020
9864631020,9864630717
9864631020,9864630794
9864631020,9864631025
9864630725,9864630735
9864631025,9864630765
9864631025,9864630775
9864631025,9864631020
9864630791,9864631036
9864630791,9864630794
9864630791,9864630794
9864631036,9864630791
9864631036,9864631319
9864631036,9864631054
9864630794,9864630791
9864630794,9864630791
9864630794,9864631020
9864630833,9864630914
9864630927,9864630928
9864630936,9864630938
9864630938,9864630936
9864630938,9864630939
9864630938,9864630942
9864630938,9864630940
9864630939,9864630938
9864630942,9864630938
9864630940,9864630958
9864630940,9864630963
9864630940,9864630938
9864630963,9864630940
9864630963,9864630962
9864630963,10614016484
9864631003,9864630999
9864631003,9864630958
9864631003,9864630962
9864630962,9864630963
9864630962,9864631003
9864630962,9864630959
10614016484,9864630963
10614016484,11826135299
10614016484,10614016450
9864630965,9864631054
9864631054,9864630965
9864631054,9864631036
9864631054,9864631036
9864630998,9864631006
9864630998,9864631001
9864630998,9864630994
9864631001,9864630998
9864631001,9864631002
9864631001,9864630999
9864630999,9864631003
9864630999,9864631006
9864630999,9864631001
9864631002,9864631001
9864631319,9864631247
9864631109,9864631098
9864631127,9864631109
9864631127,9864631109
9864631238,9864631326
9864631326,9864631216
9864631326,9864631319
9864631341,9864631339
9864631341,9864631339
9864631337,9864631238
9864631337,9864631238
9864631339,9864631337
9893272155,9893272156
9893272164,9893272167
9893272171,10296922364
9893272171,9893272174
9893272171,10296922361
10296922364,10296922365
10296922364,10249775064
10296922364,9893272171
9893272174,10751710226
9893272174,9893272171
10296922361,10296922352
10296922361,10249775076
10296922361,9893272171
10751710226,1516088451
10751710226,10751710225
9893272185,9893272189
9893272189,9893272188
9893272189,9904684369
9893272189,9893272185
9893272188,9893272189
9901663663,9901663665
9914351883,9914351879
9914351883,9914351880
9914351883,9914351888
9931622674,11076697367
10073767296,10073767264
10073767296,9931630216
10073767296,10073767347
9931882373,9931882374
9931882373,9931882375
9931882373,9931882372
9931882375,9931882373
9931882375,12898063178
9931882375,9931882381
9931882386,9931882387
9931882386,9931882380
9931882386,9931882374
12898063178,9931882375
12898063178,9931882377
12898063178,12898063180
9931882381,9931882380
9931882381,9931882382
9931882381,9931882375
9931882377,12898063178
9931882382,9931882381
9931882387,9931882386
9933053485,9933053478
11801964598,11801964596
11801964598,11801964599
11801964598,9933069991
9953414834,9953414836
9953414834,9953414854
9953414834,9953414851
9995878206,9995878212
12987642155,620162559
12987642155,12987642148
9998266312,12877140438
9998266312,9998266316
9998266312,12895024451
9998266312,12877140440
12877140438,9998266312
12877140438,12895070168
12877140438,12877140440
9998266316,12895024468
9998266316,9998266312
9998266316,9998266317
12895024451,10175412162
12895024451,9998266312
12895024451,12895024468
12895024468,9998266324
12895024468,9998266316
12895024468,12895024451
9998266317,9998266316
10011401888,10011401887
10011401888,10011401889
10011401888,10073767147
10073767147,10011401888
10073767147,10073767444
10073767147,10073767208
10073767444,10011401889
10073767444,10073767323
10073767444,10073767147
10030105649,10096985907
10096985907,10096985669
10096985907,10096985937
10096985907,10030105649
10040278106,13526491457
10040278106,10040278107
10040278106,10040278105
13526491457,10040278106
10040278107,10040278106
10040278107,10040278108
10040315817,10040278108
10040315817,10075919422
10040315817,10075919444
10075919422,10075895673
10075919422,10040278107
10075919444,10040315817
10050533724,10050533727
10052414715,10052414709
10052414715,10052414713
10052414715,10052455717
10052414710,10052414709
10052414713,10052414715
10052414713,10052455718
10052414713,10052414714
10052414714,10052414713
10052455717,10052414715
10052455719,10052455718
10052455763,10052455762
10052455764,10052455766
10052455764,10052455765
10052455764,10052455762
10052455765,10052455764
10052455767,10052455766
10073148187,10073767129
10073767118,10073767353
10073767118,10073767278
10073767118,10073767355
10073767355,10073767353
10073767355,10073767118
10073767355,10073767336
10073767120,11231249158
10073767120,10073767143
10073767120,10073767347
10073767347,10073767296
10073767347,10073767120
10073767347,10073767143
10073767132,10116960255
10116960255,10116960293
10116960255,10073767132
10116960255,10073767432
10073767135,10073767193
10073767208,10073767199
10073767208,10073767216
10073767208,10073767147
10073767299,10073767297
10073767299,10073767191
10073767299,10073767148
10073767173,10073767389
10073767182,10073767432
10073767182,10073767414
10073767182,10073767191
10073767191,10073767469
10073767191,10073767299
10073767191,10073767182
10073767469,10073767414
10073767469,10073767191
10073767469,10073767297
10073767199,10073767216
10073767199,10073767452
10073767199,10073767208
10073767216,10073767199
10073767216,10207619924
10073767216,10073767336
10073767216,10073767208
10207619924,10207619922
10207619924,10207619925
10207619924,10073767216
10073767336,10073767355
10073767336,10073767354
10073767336,10073767216
10073767360,10073767258
10073767360,10073767321
10073767360,10073767262
10073767262,10073767360
10073767340,10073767277
10073767298,10073767298
10073767298,10073767298
10073767298,10073767303
10073767429,10073767317
10073767354,10073767336
10073767354,10087504570
10073767354,10073767452
10073767427,10073767362
10075895657,10075919443
10075895657,10075895673
10075895657,10075895688
10075919443,10075895657
10075895673,10075919422
10075895673,10075895657
10075895673,10075895668
10075895688,10075895668
10075895688,10075919477
10075895688,10075895657
10075895668,10075919452
10075895668,10075895688
10075895668,10075895673
10075919452,10075895668
10075919477,10075895688
10075919427,10075919421
10075919427,10075919469
10075919427,10075919469
10075919427,10556408059
10556408059,10110049192
10556408059,10556408060
10556408059,10110052377
10556408059,10075919427
10078060542,10132397973
10078060542,4718312071
10110052335,3936436286
10110052335,10110052287
10078448360,12157663566
10078448360,10707352097
10078448360,10096985697
12157663566,10078448360
12157663566,10707352081
12157663566,10707352097
10096985697,10096985778
10096985697,10096985633
10096985697,10078448360
13526491465,2991097122
13526491465,13526491466
10090479052,10090479031
10090479052,10079254631
10090479052,10090479083
13090489845,10079254631
13090489845,13090489848
13090489845,13090489846
13090489845,13090489844
10080202978,10080202981
10080202988,10080202987
10080202989,10080202992
10080202998,10080203000
10080202998,10080202999
10080202998,10080202996
10080202999,10080202998
10080202999,10080203001
10080203004,10080203003
10080203009,10080203010
10080203036,10080203010
10080203036,10080203033
10080203036,10080203034
10080203012,10080203032
10080203032,10080203012
10080203032,10080203033
10080203032,10080203029
10080203013,10080203018
10080203014,10080203018
10080203014,10080203016
10080203014,10080203015
10080203015,10080203014
10080203017,10080203016
10080203019,10080203018
10080203021,10080203023
10080203023,10080203021
10080203023,10080203022
10080203023,10080203026
10080203022,10080203028
10080203022,10080203026
10080203022,10080203023
10080203028,10080203033
10080203028,10080203022
10080203028,10080203027
10080203027,10080203028
10080203033,10080203036
10080203033,10080203028
10080203033,10080203032
10080203029,10080203032
10080203034,10080203036
10084865520,12844577878
10084871114,10084912017
10090464355,10090479071
10090464355,10090479075
10090464355,10090479025
10090479071,10090479031
10090479071,10090464355
10090479071,10090479083
10090479075,10090464355
10090479075,10090464412
10090479075,10090464379
10090479025,10090479083
10090479025,10090464379
10090479025,10090464355
10090464359,10090478964
10090464359,10090478917
10090464359,10090479015
10090478964,10090479056
10090478964,10090464359
10090478964,10090464371
10090478917,10090464359
10090478917,10090479013
10090478917,10090478936
10090479015,10090478997
10090479015,10090478936
10090479015,10090479086
10090479015,10090464359
10090479096,10090478927
10090479096,10090464360
10090479096,10090478970
13090489832,10090464360
13090489832,13090489836
13090489832,13090489831
13090489832,13090489835
10090464361,10090464386
10090464361,10090479123
10090464361,10090464371
10090464386,10090464361
10090464386,10090479056
10090464386,10090479003
10090464386,10090479042
10090479123,10090479022
10090479123,10090479086
10090479123,10090464361
10090464371,10090478964
10090464371,10090464361
10090464371,10090479086
10090464366,10090478953
10090464366,10090478976
10090464366,10090478975
10090464366,10090479033
10090478953,10090464366
10090478975,10090464366
10090479033,10090479087
10090479033,10090464409
10090479033,10090479048
10090479033,10090464366
10090479086,10090479015
10090479086,10090464371
10090479086,10090479123
10090464375,10090464406
10090464375,13090489835
10090464375,10090479012
10090464406,10090464375
13090489835,10090464375
13090489835,10090479069
13090489835,13090489832
10090479012,10090479016
10090479012,10090479038
10090479012,10090464375
10090479088,10090478972
10090479088,10090479094
10090479088,10090464377
10090464378,10090478993
10090464378,10090479074
10090464378,10090478935
10090464378,13090489901
10090478993,10090479073
10090478993,10090479073
10090478993,10090464378
10090479074,10090464378
10090479074,10090479042
10090479074,10090479003
10090478935,10090464378
10090478935,10090479003
10090478935,10090478922
13090489901,10090464378
13090489901,13090489898
13090489901,10922098813
10090464379,10090479075
10090464379,10090479025
10090464379,10090464414
10090464414,10090464412
10090464414,10090464379
10090464414,10090479115
10090464382,10090478992
10090464382,10090479021
10090464382,10090479043
10090464382,10090479011
10090478992,10090464382
10090479043,10090464382
10090479011,10090464382
10090479056,10090464386
10090479056,10090478964
10090479056,10090478922
10090479003,10090479074
10090479003,10090464386
10090479003,10090478935
10090479003,10090478922
10090479042,10090479074
10090479042,10090479022
10090479042,10090464386
10090479042,13090489903
10090464394,10090478949
10090464394,10090478948
10090464394,10090479017
10090478948,10090464394
10090478948,10090478926
10090478948,10090464411
10090478948,10090479078
10090479017,10090464394
10090479017,10090464411
10090479017,10090478971
10090478936,10090478954
10090478936,10090464401
10090478936,10090479015
10090478936,10090478917
10090464402,13090489841
10090464402,10090479061
10090464402,13090489838
13090489841,10090464402
13090489841,10090479060
13090489841,10090479113
10090479061,10090479060
10090479061,13090489838
10090479061,10090464402
13090489838,10090479113
13090489838,10090464402
13090489838,10090479061
10090464409,10090479033
10090464411,10090479017
10090464411,10090479078
10090464411,10090478948
10090464411,10090479014
10090464412,10090464414
10090464412,10090479075
10090464412,10090464416
10090464416,10090464412
10090464416,10090478950
10090464416,10090479115
10090479115,10090479051
10090479115,10090464416
10090479115,10090464414
10090478950,10090464416
10090478950,10090479051
10090478950,10090478972
10090478919,13090489828
10090478919,13090489819
10090478919,10090479060
13090489828,13090489807
13090489828,10090478919
13090489828,13090489819
13090489819,10090478919
13090489819,13090489818
13090489819,13090489828
10090479060,10090479061
10090479060,10090478919
10090479060,10090479113
10090479060,13090489841
10090478922,10090479056
10090478922,10090479003
10090478922,10090478935
10090479007,10090478926
10090479007,10090479023
10090479007,10090479023
10090479007,10090479023
10090478927,10090479094
10090478927,13090489831
10090478927,10090479096
13090489831,10090478927
13090489831,13090489832
13090489831,10090479069
10090478931,10090478985
10090478931,10090479104
10090478931,10090479104
10090478985,10090479045
10090478985,10090478931
10090478985,10090479104
10090479104,10090478931
10090479104,10090478931
10090479104,10090478985
10090478944,10090478980
10090478944,13090489872
10090478944,11196633227
11196633227,10090479023
11196633227,11196633228
11196633227,10090478944
10090479051,10090478950
10090479051,10090478970
10090479051,10090479115
10090478972,10090479088
10090478972,10090478970
10090478972,10090478950
10090478997,10090479022
10090478997,10090478954
10090478997,10090479015
10090478970,10090478972
10090478970,10090479096
10090478970,10090479051
10090479022,10090479042
10090479022,10090478997
10090479022,10090479123
10090479023,11196633227
10090479023,10090479007
10090479023,10090479007
10090479023,10090479007
13090489807,10090479016
13090489807,13090489828
13090489807,13090489830
10090479083,10090479071
10090479083,10090479052
10090479083,10090479025
10090479048,10090479033
13090489903,10090479042
10090479113,13090489838
10090479113,13090489841
10090479113,10090479060
10090479113,13090489840
10090479069,13090489836
10090479069,13090489835
10090479069,13090489831
13090489836,13090489832
13090489836,10090479069
13090489836,13090489837
13090489840,10090479113
10091380650,10091380652
10091380662,10091380660
10091380662,13510588307
10091380662,10091380658
10096972856,10096985720
10096972856,10096985687
10096972856,10096985641
10096985720,10096972856
10096985720,10096985755
10096985720,10096985964
10096985687,10096972856
10096985687,10096985700
10096985687,10096972880
10096985641,10096972880
10096985641,13522946542
10096985641,10096972856
10096972877,10096985811
10096985811,10096972877
10096985811,10096972892
10096985811,10096985751
10096972880,10096985641
10096972880,10096985986
10096972880,10096985687
10096985986,10096985700
10096985986,10096985684
10096985986,10096972880
10096985993,10096972884
10096972892,10096985811
10096972895,10096985826
10096972895,10096985826
10096972895,10707317852
10096985826,10096985755
10096985826,10096972895
10096985826,10096972895
10707317852,10096972895
10096972907,10096985691
10096985630,10096985665
10096985665,10096985772
10096985665,10096985691
10096985665,10096985630
10096985633,10096985697
13522946542,10096985684
13522946542,10096985684
13522946542,10096985641
10096985643,10096985721
10096985721,10096985643
10096985721,10096985682
10096985721,10096985767
10096985653,10096985742
10096985678,10096985862
10096985862,10096985678
10096985862,10096985772
10096985862,10096985910
10096985684,13522946542
10096985684,13522946542
10096985684,10096985986
10096985778,10096985697
10096985848,10096985711
10096985755,10096985720
10096985755,10096985826
10096985755,10096985934
10096985964,10707352034
10096985964,10096985720
10096985964,10096985753
10096985753,10096985924
10096985753,10096985924
10096985753,10096985964
10096985924,10096985934
10096985924,10096985934
10096985924,10096985753
10096985924,10096985753
10096985934,10096985924
10096985934,10096985924
10096985934,10096985755
10096985835,10096985795
10096985910,10096985862
10096985937,10096985907
10110049189,10110052294
10110052294,10110049189
10110052294,10110049203
10110052294,10110052290
10110052294,10110049190
10110049190,10110049201
10110049190,10110052294
10110049190,10110049203
10110049201,10110052349
10110049201,10110052349
10110049201,10110049190
10110049201,10110052236
10110049203,10110049206
10110049203,10110052294
10110049203,10110049190
10110049203,10110052258
10110049191,10110052343
10110049191,10110052396
10110049191,10110052377
10110052396,10110052371
10110052396,10110049191
10110052396,10110052364
10110052377,10110049209
10110052377,10110049191
10110052377,10556408059
10110052307,10110049195
10110052307,10110052326
10110052307,10110052301
10110052349,10110049201
10110052349,10110049201
10110052349,10110052314
10110052236,10110052290
10110052236,10110052406
10110052236,10110049201
10110049210,10110052311
10110049210,10110052328
10110049210,13090464952
10110052311,10110049210
10110052311,10110052286
10110052311,11231249011
13090464952,13090464951
13090464952,13090464953
13090464952,10110049210
11231248993,11231249011
11231248993,10110052223
11231248993,11231249032
10110052286,10110052269
10110052286,10110052223
10110052286,10110052311
13090465302,10110052224
13090465302,13090137564
13090465302,13090465308
10110052290,10110052406
10110052290,10110052236
10110052290,10110052294
10110052406,10110052236
10110052406,10110052290
10110052406,10110052332
10110052315,10110052263
10110052315,10110052322
10110052315,10110052256
10110052263,10110052315
10110052263,10110052322
10110052263,13090464951
10110052322,10110052315
10110052322,10110052263
10110052322,10110052310
13090464951,13090464952
13090464951,10110052263
13090464951,11231249011
10110052287,10110052335
10110052295,10110052306
10110052306,6938165983
10110052306,10110052295
10110052297,10110052346
10110052326,10110052307
10110052326,10110052346
10110052326,10110052301
11231249011,11231248993
11231249011,13090464951
11231249011,10110052311
12761874921,10110052314
10110052393,10110052319
10110052393,13090137572
10110052393,13090465308
10110052332,10110052406
10110052364,10110052371
10110052364,10110052343
10110052364,10110052396
10123537912,10123537898
10123537903,10123663533
10123537903,10123663550
10123537903,10123537907
10123537903,10123537905
10123663533,10128610159
10123663533,10123537903
10123663533,10123537907
10123663550,11725510581
10123663550,10123537903
10123663550,10128610180
10123663521,10123537905
10128610163,10123537907
10128610163,10123663522
10128610163,10128610164
11725510581,10123663550
11725510581,10175412162
11725510581,11725510584
10130690445,10130690434
10130690445,10130690433
10130690445,10130690423
10130690445,10130671015
10130690423,10130690440
10130690423,10130690426
10130690423,10130690445
10130690434,10217067687
10130690434,10130690446
10130690434,10130690445
10175412118,10130690450
10175412118,10175352196
10175412118,10175352194
10175352194,10175412123
10175352194,10175412118
10175352194,10130690450
10131239722,10131239727
10131307314,10131359617
10131359624,1516088455
10131359624,10131359682
10131359638,10131359639
10131359642,10131359639
10131359653,10131359654
10131359654,10131359653
10131359654,10131359667
10131359654,10131359657
10131359670,10131359671
10131379241,10131379242
10131379241,10131379260
10131379241,10131379245
10131379242,10131379241
10131379242,10131379243
10131379242,10131379244
10131379242,10131379245
10131379260,10131379241
10131379245,10131379242
10131379245,10131379255
10131379245,10131379241
10131379243,10131379242
10131379244,10131379242
10131379255,10131379245
10131379255,10131379253
10131379255,10131379256
10131379253,10131379255
10131379256,10247446796
10131379256,10247446786
10131379256,10131379255
10247446796,10247446789
10247446796,10131379256
10247446796,10247446793
10247446786,10131379256
10247446786,10247446767
10247446786,10247446784
10131379261,10131379262
10131379262,10131379261
10131379262,10131379263
10131379262,10131379267
10132068753,10132068751
10146618656,11826180762
10146618656,11826180755
10146618656,10146618658
10146618658,10541944243
10146618658,10541944240
10146618658,10146618656
10541944243,10146618658
10541944243,10541944242
10541944243,10146618660
10541944240,10146618658
10146618660,10541944243
11835679746,11835679749
11835679746,10146618703
11835679746,11835679751
10175412123,10175412182
10175412123,10175412127
10175412123,10175352194
10175352196,10175412118
10175352213,10175412183
10175352213,10175412127
10175352213,10175352210
10175412183,10175352213
10175412183,10175352210
10175412183,10175412127
10175412127,10175412123
10175412127,10175352213
10175412127,10175412183
10175412182,10175412123
10207619920,10207619922
10207619920,10207619918
10207619920,10207619921
10207619919,10207619918
10207619922,10207619924
10207619922,10207619920
10207619922,10207619923
10207619921,10207619920
10207619923,10207619922
10207619925,10207619924
10217067682,10217067681
10217067684,9420119398
10217067684,10217067681
10542083853,10223140476
10542083853,10542083852
10542083853,10311651001
10232196131,10232196130
12202471714,10232196141
10233684244,10233716318
10233684244,10233716317
10233684244,10233684314
10233716317,10233684244
10233684314,10233684244
13137825017,10233684261
13137825017,13137825061
13137825017,13137825018
13137832778,10233684262
13137832778,10233684264
13137832778,10233684263
10233684265,10233684266
10233684265,10233684269
10233684265,10233684268
10233684266,10233684265
10233684266,10233684270
10233684266,10233684279
10233684269,10233684267
10233684269,10233684265
10233684269,10233684270
10233684270,10233684269
10233684270,10233684276
10233684270,10233684266
10233684279,10233684286
10233684279,10233684271
10233684279,10233684266
10233684267,10233684269
10233684286,10233684268
10233684286,10233684279
10233684286,10233684285
10233684276,10233684273
10233684276,10233684270
10233684276,12299267098
10233684272,10233684275
10233684272,10233684271
10233684272,10233684273
10233684275,10233684272
10233684275,10233684274
10233684275,10233684273
10233684273,10233684272
10233684273,10233684275
10233684273,10233684276
10233684284,10233684283
12844577883,10233684283
12844577883,10233684285
12844577883,12844577882
10233684302,13137825033
13137825033,13137825034
13137825033,10233684302
13137825033,13137825035
12844367635,12844367641
12844367635,12844367637
12844367635,10233716318
10234828019,10234828018
10234828019,10234799916
10234828019,10234828023
13595772734,10234828018
13595772734,10234828023
13595772734,13595772741
10238231859,10238231860
10238231860,12963989835
10238231860,10238231859
12987642183,10238231881
12987642183,12987642185
10240272768,10240272772
10245692722,10245692723
10245692733,10245692732
10247187145,10247187144
10247187150,10247187149
10247187158,10247187159
10247187159,10296922352
10247187159,10247187158
10296922352,10751710233
10296922352,10296922361
10247412396,10247412400
10247412400,10247412401
10247412400,10247412396
10247412400,10247412403
10247412401,10247412400
10247446763,10247446764
10247446764,10247446763
10247446764,10247446765
10247446764,10247446767
10247446765,10247446764
10247446784,10247446786
10247446787,10247446789
10247446793,10247446796
10247522718,10247522720
10296922373,10249775045
10296922373,10296922370
10296922373,10249775065
10249775063,10249775064
10249775064,10296922364
10249775064,10249775063
10249775064,10296922363
10296922363,10296922362
10296922363,10249775064
10296922363,10249775065
10249775065,10249775066
10249775065,10296922363
10249775065,10296922373
10249775066,10296922370
10249775066,10249775065
10296922370,1520626941
10296922370,10296922373
10249775068,10249775070
10249775070,10249775077
10249775070,10249775068
10249775077,10249775066
10249775077,10249775076
10249775076,10296922356
10249775076,10296922361
10249775076,10249775077
10296922356,10249775076
10253286861,12085970483
10253286861,10253286862
10253286861,12087936156
12085970483,10253286861
10253286862,10253286861
10253286862,10253286866
10253286862,10253286863
12087936156,10253286861
10253286866,10253286862
10253286866,10253286865
10253286866,10253286867
10253286863,10253286862
10253286864,10253286867
10253286864,12085970460
10253286864,10253286865
12085970460,10253286864
12085970460,12085970458
12085970460,12085970463
10253286865,10253286866
10253286865,12085970482
10253286865,10253286864
12085970482,10253286865
10260468902,10260468904
10260468902,10260524710
10260468902,10260468906
10260524710,10260468902
10260524710,10260524712
10260524710,10260468907
10260468907,10260468908
10260468907,10260468906
10260468907,10260524710
10260468908,10260468907
10260468908,10260524713
10260468908,10260524712
10260524713,10260468908
10260524713,10260524715
10260524713,10260524722
10260524712,10260524710
10260524712,10260524715
10260524712,10260468908
10260524715,10260524712
10260524715,10260524718
10260524715,10260524713
10260524722,10260524721
10260524722,10260524718
10260524722,10260524713
10260524718,10260524715
10260524718,12037851784
10260524718,10260524722
12037851784,10260524718
12037851784,10260524725
12037851784,12037851783
10260524721,10260524722
10260524721,10260524725
10260524721,10262728846
10260524727,10260524788
10260524727,10260524730
10260524727,10260524789
10260524727,10260524732
10260524730,10260524727
10260524730,10260524736
10260524730,10260524731
10260524789,10260524780
10260524789,10260524770
10260524789,10260524727
10260524732,10260524729
10260524732,10260524731
10260524732,10260524727
10260524731,10260524732
10260524731,10260524730
10260524731,10260524738
10260524739,10260524749
10260524739,10260524753
10260524739,10260524791
10260524749,10260524750
10260524749,10260524739
10260524749,10260524748
10260524753,12037851732
10260524753,10260524739
10260524753,10260524740
10260524791,10260524739
10260524791,10260524751
10260524791,10260524790
10260524744,10260524740
10260524744,10260524741
10260524744,10260524743
10260524741,10260524744
10260524741,10260524746
10260524741,10260524742
10260524746,10260524741
10260524746,10260524750
10260524746,10260524745
10260524742,10260524743
10260524742,10260524741
10260524742,10260524745
10260524743,10260524744
10260524743,10260524742
10260524743,10260524754
10260524745,10260524746
10260524745,10260524742
10260524745,10260524747
10260524747,10260524748
10260524747,10260524745
10260524747,10260524750
10260524750,10260524746
10260524750,10260524749
10260524750,10260524747
10260524748,10260524749
10260524748,10260524747
10260524748,10260524751
10260524751,10260524752
10260524751,10260524748
10260524751,10260524791
12037851732,10260524753
12037851732,12037851733
12037851732,10260524768
10260524764,10260524765
10260524764,10260524776
10260524764,10260524774
10260524765,10260524766
10260524765,10260524764
10260524765,10260524772
10260524776,10260524774
10260524776,10260524764
10260524776,10260524772
10260524774,10260524775
10260524774,10260524776
10260524774,10260524764
10260524766,10260524765
10260524766,10260524782
10260524766,10260524780
10260524772,10260524776
10260524772,10260524780
10260524772,10260524765
10260524782,10260524768
10260524782,12037851733
10260524782,10260524766
10260524782,10260524770
10260524780,10260524789
10260524780,10260524772
10260524780,10260524766
10260524768,10260524792
10260524768,10260524782
10260524768,12037851732
10260524792,10260524769
10260524792,10260524768
10260524792,10260524794
10260524769,10260524770
10260524769,10260524792
10260524769,12037851731
10260524770,10260524789
10260524770,10260524769
10260524770,10260524782
10260524775,10260524774
10260524775,10260524788
10260524775,10881721183
10260524775,10881721182
10881721183,10260524775
10881721183,10881721182
10881721183,10881721182
10881721182,10881721183
10881721182,10881721183
10881721182,10260524775
10260524790,10260524791
10260524790,12037851731
10260524790,10260524794
10260524794,10260524790
10260524794,10260524792
10260524794,10260524793
10260524793,10260524794
10260524793,10260524793
10260524793,10260524793
12037848162,10262728847
10266294974,10266294945
10266294974,10266294951
10266294974,10266294963
10266294961,10266294963
10266294961,10266294962
10266294961,10266294962
10266294963,10266294961
10266294963,10266294974
10266294963,10266294980
10266294962,10266294980
10266294962,10266294961
10266294962,10266294961
10266295005,10266295011
10288711858,11517472037
10288711858,11530343251
10288711858,11530343256
11530343251,10288711858
11530343251,11517472077
11530343251,11530343254
11530343256,10288711858
11530343256,11530343255
11530343256,11517472038
10288711861,11517472079
10288711861,11530343250
10288711861,11530343252
11517472079,10288711861
11517472079,11517472078
11517472079,10288711864
11530343250,11530343254
11530343250,10288711861
11530343250,11530343252
11530343252,11530343250
11530343252,11530343255
11530343252,10288711861
11517472076,11517472074
11517472076,10288711863
11517472076,11517472075
10288711864,11517472074
10288711864,11517472093
10288711864,11517472079
11517472074,10288711864
11517472074,11517472076
11517472074,11517472073
11517472093,10288711864
11517472093,11530343262
11517472093,11530343257
11517472080,11530343257
11517472080,10288711866
11517472080,11517472086
10291562396,10291562395
10296531931,10296531945
10296531931,10296531927
10296531930,10296531956
10296531930,10296531957
10296531930,10296531927
10296531956,10296531930
10296531956,10296531953
10296531956,10296531931
10296531957,10296531930
10296531957,10296531944
10296531957,11618835419
10296531945,10296531931
10296531945,10565052975
10296531945,11618835422
11618835421,11618835397
11618835421,10296531944
11618835421,11618835419
11618835422,10296531945
10296531948,10296531953
10296531948,10296531951
10296531948,10296531951
10296531953,10296531948
10296531953,10296531956
10296531953,10311656516
10311656516,10296531953
11618835419,10296531957
11618835419,11618835397
11618835419,11618835421
10296922328,10296922330
10296922332,10296922334
10751710233,9893272174
10751710233,10751710232
10296922362,10296922363
10296922365,10296922364
10296922383,10296922384
10296922402,10296922405
10296922402,10296922403
10296922402,10296922407
10296922405,10296922402
10298069007,10298069008
10298069008,10307350913
10298069008,10298119214
10298069008,10298069007
10307520903,10249775070
10307520903,10307520902
10298119245,10298119244
10302731650,10302731651
10302731653,10307500131
10307500131,10302731654
10307500131,10302731678
10307500131,10302731653
10302731668,10302731669
10302731678,10307500131
10302731678,10722048184
10302731678,10722048184
10303076603,10303076586
10303076589,10303076592
10303076592,10303076596
10303076592,10303076589
10303076592,10549097762
10303076596,10303076592
10303076604,10303076601
10303349702,10303349704
10303349704,10307447246
10303349704,10303349702
10307447246,10307447243
10307447246,10307447244
10555176789,10303383111
10555176750,10303383115
10307405234,10307405229
10307405234,10307405232
10303383134,10303383132
10303383140,4648939198
10303383140,10555176794
10303383235,10303383238
10555176757,10555176760
10555176757,10555176755
10303383260,10303383263
10307562567,1516088435
10307562567,10307562564
10304931422,10304931421
10304931422,10304931425
10304931422,10304931424
10304931433,10304931421
10554854575,10554854576
10554854575,2793298327
10304931438,10304931440
10304931439,10304931440
10307253322,10307253323
10307253329,10307253331
10307253339,10307253331
10307253339,10555089433
10307253339,10307253337
10307253337,10307253339
10307350910,10307350923
10307350923,10307350921
10307350923,10307350917
10307350923,10307350910
10307350912,10307350913
10307350921,10307350923
10307350931,10307350932
10307392406,10307392408
10307392408,10307405211
10307392408,10307392406
10307405211,10307405210
10307405211,1519108964
10307405210,10307405211
10307405228,10307405229
10307405229,10307392408
10307405229,10307405228
10307405232,10307405234
10307405285,1028952097
10307405285,10307405284
10307405290,10307405292
10307405292,10307405288
10307405292,10307405290
10307405293,10307405295
10307405295,10307405293
10307405295,10307405294
10307405295,10307405296
10307405294,10307405295
10307443804,10307443805
10307447225,10307447227
10307447229,10307447230
10307447234,10307447236
10307447236,10303349704
10307447236,10307447234
10307447237,10307447239
10307447240,10307447243
10307447243,8237018163
10307447243,10307447240
10307447244,10307447246
10307500120,10307500122
10683598809,10307500125
10683598809,10683598808
10683598809,10683598806
10307562537,10307562538
10307562548,10307562547
10307562548,10307562543
10307562548,10307562550
10307562564,10307562567
10307701704,10307701691
10307701697,10307701698
10307701697,10554837127
10307701697,10307701703
10307701698,10307701697
10307701698,10554837122
10307701698,10554837129
10307701703,10307701697
10554837122,10307701698
10554837122,10554837123
10554837122,10554837129
10554837129,10554837130
10554837129,10307701698
10554837129,10554837122
10307702070,10307702072
10922089166,10309772401
10922089166,10309843363
10922089166,10922089165
10309772407,10309843209
10309843228,10309843231
10309843231,10309843248
10309843231,10705571309
10309843231,10309843228
10705571309,10309843231
10705571309,10309843398
10705571309,10705571307
10309843243,10309843244
10309843244,10309843243
10309843244,10309843245
10309843244,10309843248
10309843245,10309843244
10705571372,10309843259
10309843262,10309843260
10309843290,10705551880
10705551880,10309843290
10705551880,10309843291
10705551880,10705551881
10705551880,10705551882
10309843291,10705551880
10309843291,10309843292
10309843291,10309843293
10309843292,10309843291
10309843309,10309843311
10309843363,10309843362
10309843363,10922089166
10309843363,10309843365
13534179737,10309843362
10309843369,10309843371
10309843377,10309843371
10309843377,10922098863
10309843377,10309843375
10309843375,10309843377
10309843387,10309843388
10309843387,10309843394
10309843387,10309843390
10309843390,10309843388
10309843390,10309843387
10309843390,10922098863
10309843395,10309843398
10309843398,10705571309
10309843398,10309843402
10309843398,10309843395
10309843402,10309843398
10309843402,10705571313
10309843402,10309843399
10309843399,10309843402
10705571313,10309843402
10705571313,10705571316
10705571313,10705571312
10311650977,10311650979
10311650979,10311650977
10311650979,10311650978
10311650979,10311650982
10311650983,10311650984
10311651001,10537901347
10311651001,10542083853
10311651001,10537901350
13529160670,13529160671
13529160670,10311656536
13529160670,10311656536
10311656550,10311656551
10537901317,10311753753
10537901317,10311753752
10537901317,10537901318
10537901317,12795111015
12795111015,9716351963
12795111015,10537901317
10311757270,10549097750
10311757270,10311757266
10311757270,10311757268
10311757268,10311757270
10313748764,10313748765
10313748766,10313748767
10313748768,10313748769
10922061200,10922061201
10922061200,620126840
10313766218,10313766219
10313766265,10313766269
10313766342,10313766269
10313766342,10313766383
10313766342,10313766340
10313766334,10313766337
10313766338,10313766339
10313766340,10313766342
10313766382,10313766383
10313766410,10313766413
10313766411,10313766413
13556348052,13556348050
13556348052,13556348051
13556348052,8242928656
10541792250,10541792251
10541909101,10541909102
10541909101,10541944217
10541944242,10541944243
10541944246,10541944245
10549097746,10549097752
10554801797,10554801750
10554801804,10554801805
10554837123,10554837122
10554854579,10554854582
10555089432,10555089433
10555089436,10555089438
10555176749,10555177521
10555176749,10555177524
10555176749,10555177518
10555177521,10555177520
10555177521,10555176749
10555177521,10555177518
10555177524,10555176749
10555177524,10555177526
10555177524,10555177525
10555177518,10555177525
10555177518,10555177521
10555177518,10555176749
10555176755,10555176757
10555176760,10555176808
10555176760,10555176758
10555176758,10555176760
10555176808,1519148513
10555176808,10555176801
10555176800,10555176799
10555176801,10555176807
10555176801,10555176807
10555176801,10555176808
10555177519,10555177520
10555177520,10555177519
10555177520,10555177521
10555177520,10555177530
10555177526,10555177524
10563793588,10556408032
10563834207,10556408060
10563834207,10563834206
10563834207,10563834208
10563834207,10556408062
10563793595,10563793594
10563834208,10563834207
13479271064,10564075846
13479271064,13479271065
10565052977,10565052976
10565052977,10565052975
10565052977,10565052972
10565052976,10565052977
10573166589,10573166594
12964012613,10833621043
12964012613,10573174912
12964012613,10833621040
10573392282,10573392281
10573392282,10573392283
10573392282,10573392285
10573392298,10573392298
10573392298,10573392298
10573392298,10573392281
10573392283,10573392282
10589344646,10589344644
10604359893,10604359894
12039841980,10604359894
12039841980,12039841982
12039841980,12039841982
10604361352,10604361314
10604361352,10604361320
10604361352,10604361351
10604361345,10604361321
10614016415,11132627350
10614016419,11621927317
10614016419,10614016417
10614016419,11621927315
11621927315,10614026153
11621927315,10614016419
11621927315,11621927317
10614016429,10614016432
10661126766,12087891761
10661126766,12087891765
10661126766,10661126769
12087891765,10661126766
12087891765,10661126773
12087891765,12087891763
10661126770,10661126773
10661126773,12087891765
10661126773,12085964931
10661126773,10661126770
12085964931,10661126773
12085964931,12085964926
12085964931,12085964930
10662812712,10662812711
10665044120,12097774646
12097774646,12097774645
12097774646,12097774645
12097774646,10665044120
10665044122,12097774665
10665044122,12097774661
10665044122,12097774669
12097774665,12097774669
12097774665,10665044141
12097774665,10665044122
12097774661,12097774645
12097774661,10665044122
12097774661,12097774669
12097774669,12097774665
12097774669,12097774661
12097774669,10665044122
10665044141,10703796489
10665044141,12097774665
10665044141,12097774548
10703796489,10703796499
10703796489,10665044141
10703796489,10703796487
12097774548,12097774549
12097774548,10703796487
12097774548,10665044141
10665044148,10665044149
10665044148,10703796494
10665044148,10703796492
10703796494,10665044148
10703796494,10703796490
10703796494,10703796493
10703796492,10703796485
10703796492,10703796493
10703796492,10665044148
10669009836,10669009841
10669009841,10669009836
10669009841,10669009840
10669009841,12083996590
10669009837,12083996590
10669009837,10669009846
10669009837,10669009838
12083996590,10669009837
12083996590,10669009841
12083996590,10669009840
10669009846,10669009837
10669009846,10669009850
10669009846,10669009845
10669009838,10669009837
10669009838,10669009845
10669009838,10669009840
10669009845,10669009838
10669009845,10669009844
10669009845,10669009846
10669009840,10669009841
10669009840,10669009838
10669009840,12083996590
10669009842,10669009844
10669009844,10669009843
10669009844,10669009842
10669009844,10669009845
10669009843,10669009844
10669009851,10669009850
10669009851,10669009852
10669009851,10669009852
10669009853,10669009865
10669009853,12033277859
10669009853,10669009854
10669009854,10669009853
10669009854,10669009861
10669009854,12033277859
10669009861,10669009854
10669009863,10669009865
10669009871,10669009879
10669009879,10669009871
10669009879,10669009873
10669009879,12033277845
10669009873,10669009874
10669009873,10669009880
10669009873,10669009879
10669009880,10669009873
10669009875,12033277844
12033277844,10669009875
12033277844,12033277845
12033277844,10669009877
12033277845,12033277843
12033277845,12033277844
12033277845,10669009879
10674201859,10674201858
10674201859,10674201859
10674201859,10674201859
10674201868,10674201870
10674201870,10674201871
10674201870,10674201873
10674201870,10674201868
10674201871,10674201875
10674201871,10674201891
10674201871,10674201870
10674201873,10674201870
10674201873,10674201872
10674201873,10674201874
10674201875,10674201887
10674201875,10674201871
10674201875,10674201885
10674201891,10674201871
10674201891,10674201874
10674201891,10674201888
10674201872,10674201873
10674201874,10674201891
10674201874,10674201888
10674201874,10674201873
10674201888,10674201874
10674201888,12090971032
10674201888,10674201891
10674201885,10674201884
10674201885,10674201875
10674201885,10674201887
10674201877,12090987927
10674201877,10674201895
10674201877,10674201882
12090987927,12090987929
12090987927,10674201877
12090987927,12090987928
10674201895,10674201877
10674201895,10674201892
10674201895,10674201900
10674201882,10674201884
10674201882,10674201881
10674201882,10674201877
10674201878,10674201880
10674201880,12090987780
10674201880,12090987959
10674201880,10674201878
12090987780,12090987778
12090987780,10674201880
12090987780,12090987781
12090987959,12090987864
12090987959,12090987967
12090987959,10674201880
10674201881,10674201882
10674201884,10674201882
10674201884,10674201885
10674201884,10674201883
10674201883,10674201884
12090971032,12090987748
12090971032,12090971033
12090971032,10674201888
10674201900,10674201892
10674201900,10674201899
10674201900,10674201895
10674201898,10674201896
10674201899,10674201900
10674201901,10674201903
10674201904,10674237408
10674201904,10674237411
10674201904,10674237407
10674237408,10674237415
10674237408,10674201904
10674237408,10674237409
10674237411,10674201904
10674237411,10674237423
10674237411,10674237410
10674237407,10674237423
10674237407,10674237430
10674237407,10674201904
10674237423,10674237411
10674237423,10674237407
10674237423,10674237430
10674237430,10674237407
10674237430,10674237434
10674237430,10674237423
10674237409,10674237408
10674237410,10674237411
10674237412,10674237414
10674237414,10674237413
10674237414,10674237412
10674237414,10674237415
10674237413,10674237414
10674237416,12090984389
10674237416,12090984448
10674237416,10674237420
12090984448,10674237416
12090984448,12090984453
12090984448,12090984456
10674237420,10674237421
10674237420,10674237416
10674237420,12094776886
10674237421,10674237420
10674237434,10674237430
10674237434,12090987674
10674237434,10674237432
10674237431,10674237432
10674237432,10674237433
10674237432,10674237431
10674237432,10674237434
10674237433,10674237432
12090987674,10674237434
12090987674,12090987676
12090987674,12090987679
10703796478,10703796480
10703796478,10703796478
10703796478,10703796478
10703796479,10703796480
10703796482,10703796481
10703796484,10703796483
10703796485,10703796492
10703796487,10703796490
10703796487,12097774548
10703796487,10703796489
10703796490,10703796494
10703796490,10703796487
10703796490,10703796493
10703796493,10703796492
10703796493,10703796494
10703796493,10703796490
10703796500,12097774714
10703796500,10703796499
10703796500,12097774720
12097774711,12097774710
12097774711,10703796499
12097774711,12097774714
12097774714,10703796501
12097774714,10703796500
12097774714,12097774711
12097774714,12097774755
10703796501,12097774741
10703796501,12097774714
10703796501,12097774753
12097774741,10703796501
12097774741,12097774743
12097774741,12097774746
12097774753,10703796501
12097774753,12097774753
12097774753,12097774753
10703798105,10703798107
10703798105,10703796502
10703798105,10703798108
10703798107,10703798105
10703798117,10703798112
12101401410,12101401409
12101401410,10703798118
12101401410,12101401411
10703798127,10703798129
10703798128,10703798129
10703798130,10703798132
10703798133,10703798132
10703798134,12101401601
12101401601,10703798138
12101401601,10703798134
12101401601,12101401597
10703798139,10703798141
10703798141,10703798143
10703798141,10703798139
10703798141,10703798144
10703798144,10703798141
12101401670,10703798147
12101401670,10703798146
12101401670,12101401671
12101401670,12101401669
12101401671,12101401672
12101401671,12101401670
12101401671,10703798147
12101401671,10703798146
10703798147,12101401670
10703798147,12101401669
10703798147,12101401671
10705551894,10705551843
10705551848,10705551849
10705551855,10705551856
10705551857,10705551859
10705551859,10705551857
10705551859,10705551858
10705551859,10705551860
10705551858,10705551859
10705551867,10705551868
10705551871,10705551873
10705551873,10705551871
10705551873,10705551872
10705551873,10705551874
10705551872,10705551873
10705551874,538360422
10705551874,10705551873
10705551881,10705551880
10705551892,10705551893
10705551899,620149903
10705551899,10705551900
10705551900,10705551899
10705571307,10705571309
10705571312,10705571313
10705571319,10705571316
10705571321,10705571329
10705571329,10705571323
10705571329,10705571321
10705571329,10705571328
10705571323,10705571329
10705571339,10705571328
10705571339,10705571341
10705571339,10705571338
10705571338,10705571339
10705571341,10705571339
10705571341,10705571347
10705571341,10705571343
10705571347,10705571341
10705571347,10705571352
10705571347,10705571346
10705571343,10705571341
10705571346,10705571347
10705571352,10705571347
10705571352,10705571358
10705571352,10705571349
10705571349,10705571352
10705571357,10705571358
10705571363,10705571364
10705571366,10705571365
10705571366,10705571370
10705571366,10705571367
10705571367,10705571366
10705571377,10705571380
10705571380,10705571377
10705571380,10705571381
10705571380,10705571379
10706757667,10706757669
10706757675,10706757690
10706757675,10706757676
10706757675,10706757678
10706757690,10706757675
10706757676,10706757675
10706757678,10706757675
10706757678,10711074537
10706757678,10711074537
10706757678,10706757681
10711074537,10706757678
10711074537,10706757678
10711074537,10711071497
10706757684,10706757688
10706757684,11819788445
10706757684,10706757687
10706757688,10706757684
10706757688,10706757685
10706757688,10706757687
11819788445,10706757686
11819788445,10706757684
11819788445,11819788444
10706757687,10706757684
10706757687,10706757688
10706757687,10706757689
10706757685,10706757688
10706757686,11819788445
10706757689,2691865765
10706757689,10706757687
10706759384,10706759385
10706759384,10706759356
10706759384,10706759383
10706759359,10706759360
12452992995,10707317904
10707352074,10707352075
10707352074,10707352081
10707352074,10707352068
10707352081,10707352075
10707352081,12157663566
10707352081,10707352074
10707388337,10707388340
10711071497,10706757689
10711071497,10711074537
10719110127,10719110129
10719110127,4154384437
10712245668,10712245665
10713120367,10713120368
10715725091,10715725089
10715826000,10715828640
10715828640,10715828608
10715828640,10715828636
10715828640,10715826000
10715828632,10715828619
10715828632,10715828628
10715828632,10715828634
10715828635,10715828636
10715828635,10715828621
10715828635,10715828622
10715828635,10715828628
10715828628,12133440224
10715828628,10715828635
10715828628,10715828632
10715828634,10715828632
10719101875,10719101874
10719101887,10719101888
10719101887,10719101885
10719101887,13526674245
10719101902,10719101904
10719110109,10719110110
10719110116,10719110115
10719110116,10719110117
10719110116,10719110119
10719110131,10719110132
10719110154,10719110156
10719110156,538083255
10719110156,10719110154
10719134703,10719134704
10719134703,10719137112
10719134703,10719137110
10719134704,10719134703
10719134704,10719137107
10719134704,10719137105
10719137123,10719137154
10719137123,10719137138
10719137123,10719137128
10719137154,10719137155
10719137154,10719137123
10719137154,10719137151
10719137138,10719137123
10719137138,10719137133
10719137138,10719137128
10719137128,10719137127
10719137128,10719137123
10719137128,10719137138
10719137133,10719137134
10719137133,10719137138
10719137133,10719137151
10719137134,10719137133
10719137151,10719137133
10719137151,10719137155
10719137151,10719137148
10719137151,10719137154
10719137147,10719137156
10719137148,10719137151
10719137155,10719137156
10719137155,10719137154
10719137155,10719137151
10722060999,10722060998
10722085904,10722143206
11629735588,10722143215
11629735588,11629735590
11629735588,11629735585
10722255872,10722255874
11036255801,10733105437
11036255801,10733105438
11036255801,11036255800
12202471728,10740792987
12202471728,12202471723
12202471728,12202471743
12202471746,10740792987
12202471746,12202471745
12202471746,12202471744
12202471747,12202471744
12202471747,10740792989
12202471747,12202471745
10747337000,10747336998
10751710225,10751710226
10751710232,10751710233
10833621040,10833621043
10833621040,12964012613
10833621040,11755811123
10833621043,11854029423
10833621043,12964012613
10833621043,10833621040
11755811123,11854039853
11755811123,10833621040
11755811123,11854029423
10842119835,10842119836
10846732712,8734085630
10846732712,10846732710
10859807372,10859807371
10859807377,10859807376
10859807379,10859807378
10859807381,10859807380
10859807384,10859807385
10859807384,10859807380
10859807384,10859807382
10859807383,10859807382
10859807385,10859807384
10868028626,10868028625
10868028636,10868028635
10868028636,10868028625
10868028636,10868028648
10868028628,10868028629
10868028628,10868028629
10868028628,10868028627
10868028635,10868028636
10868028635,10868028638
10868028635,10868028627
10868028629,10868028630
10868028629,10868028628
10868028629,10868028628
10901463775,10901463773
10901463775,10868028630
10901463775,10901463772
10868028638,10868028639
10868028638,10868028635
10868028638,10868028648
10868028648,10868028646
10868028648,10868028638
10868028648,10868028636
10868028639,10868028640
10868028639,10868028638
10868028639,10868028646
10868028640,10868028639
10868028640,10901463771
10868028640,10868028642
10868028646,10868028647
10868028646,10868028645
10868028646,10868028639
10868028646,10868028648
10901463771,10868028640
10901463771,10868028647
10901463771,10868028642
10868028642,10868028643
10868028642,10901463771
10868028642,10868028640
10868028643,10901463773
10868028643,10868028642
10868028643,10868028647
10901463773,10901463775
10901463773,10868028643
10901463773,10901463772
10868028647,10868028643
10868028647,10868028646
10868028647,10901463771
10868028647,10901463772
10901463772,10901463773
10901463772,10868028647
10901463772,10901463775
10868028654,10868028655
10868028654,10868028673
10868028654,10868028657
10868028654,12497668364
10868028655,10868028654
10868028655,10868028667
10868028655,10868028656
10868028673,10868028670
10868028673,10868028654
10868028673,10868028666
10868028657,10868028656
10868028657,10868028654
10868028657,10868028659
12497668364,12497668394
12497668364,10868028654
12497668364,12497668381
10868028656,10868028657
10868028656,10868028655
10868028656,10868028658
10868028658,10868028659
10868028658,10868028659
10868028658,10868028656
10868028659,10868028658
10868028659,10868028658
10868028659,10868028657
10868028666,10868028667
10868028666,10868028673
10868028666,10868028672
10868028672,10868028669
10868028672,10868028666
10868028672,10868028670
10868028668,10868028670
10868028668,10868028669
10868028668,10868028669
10868028670,10868028668
10868028670,10868028673
10868028670,10868028672
10868028669,10868028672
10868028669,10868028668
10868028669,10868028668
10875033179,10875060324
10875033179,10875033187
10875033179,10875033180
10875060324,10875033181
10875060324,10875033179
10875060324,10875060325
10875033187,10875033179
10875033187,10887721305
10875033187,10875033188
10875033180,10875033188
10875033180,10875033182
10875033180,10875033179
10875033188,10875033189
10875033188,10875033180
10875033188,10875033187
10875033182,10875033180
10875033182,10875033184
10875033182,10875033181
10875033181,10875060323
10875033181,10875060324
10875033181,10875033182
10875033181,10887675598
10875060323,10875033183
10875060323,10875033181
10875060323,10875060322
10887675598,10875060322
10887675598,10875060315
10887675598,10875033181
10875033184,10875033182
10875033184,10875033186
10875033184,10875033183
10875033183,10875060321
10875033183,10875060323
10875033183,10875033184
10875060321,10875033185
10875060321,10875033183
10875060321,10875060320
10887721305,10875033187
10887721305,10875033190
10887721305,10887675604
10875033189,10875033192
10875033189,10875033188
10875033189,10875033190
10875033190,10887721305
10875033190,10875033191
10875033190,10875033189
10875033193,10875033194
10875033193,10887721306
10875033193,10875033195
10875033203,10875060343
10875033203,10875033201
10875033203,10875033204
10875033204,10875033202
10875033204,10875060307
10875033204,10875060305
10875033204,10875033203
10887675599,10875033202
10875060343,10875060306
10875060343,10875033203
10875060343,10875060341
10875060307,10875033204
10875060307,10875060310
10875060307,10875060308
10875060307,10875060306
10875060305,10875033204
10875060306,10875060335
10875060306,10875060343
10875060306,10875060307
10875060335,10875060333
10875060335,10875060306
10875060335,10875060339
10875060308,10875060307
10875060333,10875060309
10875060333,10875060335
10875060333,10875060338
10875060311,10875060310
10875060312,10875060313
10875060313,10875060315
10875060313,10875060325
10875060313,10875060312
10875060315,10887675598
10875060315,10875060313
10875060315,10875060314
10875060325,10875060313
10875060325,10875060326
10875060325,10875060324
10875060314,10875060315
10875060316,10875060317
10875060317,10875060319
10875060317,10875060322
10875060317,10875060316
10875060319,10875060320
10875060319,10875060317
10875060319,10875060318
10875060322,10875060317
10875060322,10887675598
10875060322,10875060323
10875060318,10875060319
10875060326,10875060325
10875060326,10887675604
10875060326,10875060327
10887675604,10875060326
10887675604,10875060328
10887675604,10887721305
10875060327,10875060326
10875060328,10887675604
10875060328,10875060330
10875060328,10875060329
10875060329,10875060328
10875060331,10875060330
10875060332,10875060344
10875060344,10875060340
10875060344,10875060332
10875060344,10875060345
10875060338,10875060333
10875060338,10875060336
10875060338,10875060339
10875060334,10875060345
10875060345,10875060341
10875060345,10875060334
10875060345,10875060344
10875060339,10875060335
10875060339,10875060337
10875060339,10875060338
10875060336,10875060338
10875060336,10875060340
10875060336,10875060337
10875060340,10875060336
10875060340,10875060344
10875060340,10875060341
10875060337,10875060339
10875060337,10875060341
10875060337,10875060336
10875060341,10875060337
10875060341,10875060345
10875060341,10875060340
10875060341,10875060343
12083996961,10875587557
12083996961,10875587553
12083996961,12083996963
10875587554,10875587557
10875587554,10875587560
10875587554,12083996963
10875587557,10875587554
10875587557,12083996961
10875587557,10875587556
10875587560,10875587556
10875587560,10875587554
10875587560,10875587562
12083996963,12083996965
12083996963,12083996961
12083996963,10875587554
10875587556,10875587560
10875587556,10875587562
10875587556,10875587557
10875587562,10875587556
10875587562,10875587560
10875587562,10875587561
10875599009,12039842007
10875599009,12039826499
10875599009,10875599015
12039826499,12105767556
12039826499,12039826500
12039826499,10875599009
10881721186,10881721184
10881754462,10881754461
10887721307,10887721306
10921990936,10921990935
10921990938,10921990939
10921990955,10921990956
10921990965,10921990967
10922061203,10922061204
10922098811,10922098810
10922098833,10922098848
10922098848,10922098833
10922098848,10922098847
10922098848,10922098849
10922098839,10922098844
10922098839,10922098845
10922098839,10922098841
10922098844,10922098849
10922098844,10922098839
10922098844,10922098841
10922098845,13090489898
10922098845,10922098839
10922098845,10922098847
10922098841,10922098840
10922098841,10922098839
10922098841,10922098844
10922098855,10922098854
10922098879,10922098878
13351969704,13351969705
13351969704,10928002546
13351969704,10928002547
13351969704,13351921700
10928002547,10928002553
10928002547,10928002554
10928002547,13351969704
10928002547,12509044312
10928002553,13351921629
10928002553,10928002547
10928002553,13351921628
13351921629,10928002553
13351921629,13351921624
13351921629,13351921624
13351921628,13351921699
13351921628,13351921627
13351921628,10928002553
10928812702,10928812701
10928812702,10928812805
10928812702,13617166671
10928812805,10928812702
13617166671,10928812702
10929006530,10929006529
10929006530,10929006520
10929006530,10929006525
10929006526,10929006525
10929006526,10929006527
10929006526,3210988657
10929006527,10929006526
10929006527,13612885065
10929006527,13612885042
10929006527,13612885044
13612885065,10929006527
13612885065,10929006528
13612885065,10929006528
13612885042,10929006527
13612885044,10929006527
10929006528,13612885065
10929006528,13612885065
10929006528,10929006529
11793918145,10933913990
10964162071,10964162063
10964928045,10964928047
10964928045,10964928047
10964928045,10964928051
10964928047,10964928046
10964928047,10964928045
10964928047,10964928045
10964992595,10964967884
10964992595,10964992592
10964992596,10964967884
10964992596,10964992604
10964992607,10964967885
10964992607,5690230810
10964992592,10964992593
10964992592,10964992617
10964992594,10964992609
10964992594,10964992593
10964992604,10964992607
10964992615,10964992611
10964992615,10964992594
10964992616,10964992615
10982117839,10982117844
11020622357,11020622358
11020622358,11020622360
11020622358,11020622357
11020622358,11793919246
11020622360,11020622362
11020622360,11020622358
11020622360,11020622359
11020622359,11020622360
11020622362,11020622367
11020622362,11020622360
11020622362,11020622361
11020622361,11020622362
11020622367,11020622364
11020622367,11020622362
11020622367,11020622368
11020622363,11020622364
11020622364,11020622369
11020622364,11020622367
11020622364,11020622363
11020622369,11020622366
11020622369,11020622364
11020622369,11020622370
11020622365,11020622366
11020622366,11020622371
11020622366,11020622369
11020622366,11020622365
11020622368,11020622367
11020622370,11020622369
11020622372,11020622371
11027951442,11027951458
11027951442,11027951432
11027951442,11793888587
11032452982,11032452985
11032452985,11032452982
11032452985,11032452986
11032452985,11032452987
11032452986,11032452985
11032452987,11032452990
11032452987,11032452985
11032452987,11032452989
11032452989,11032452987
11032821821,11032821822
12107810184,11036255800
12107810184,11036255803
12107810184,12107810185
12465038473,11036305126
11037221552,11037221553
11037221555,11037221554
11037221555,11037221553
11037221555,11037221556
11037221554,11037221555
11037221556,12106436327
11037221556,11037221555
11037221556,11037221565
12106436327,11037221556
11037221560,11037221565
11065359303,11065375419
11076697371,11076697381
11076697371,11076697367
11076697371,11076697386
11076697381,11076697371
11076697386,11076697371
11076697386,11076697389
11076697386,11076697388
11076697389,11076697386
11076697389,11076704023
11076697389,11076704006
11076697388,11076697386
11093245246,11093245364
11093245246,11093245241
11093245364,11093245246
11180933231,11093245250
11329828617,11132627338
11329828617,11329828674
11329828617,11329828677
11132627348,11132627338
11132627348,11132627342
11132627348,11132627342
11132627342,11132627343
11132627342,11132627348
11132627342,11132627348
11132627343,11132627342
11132627351,11132627350
11155456350,12249854232
11155456350,12286129004
11155456350,12286128989
12286129004,11155456350
12286129004,12286129003
12286129004,12286129005
12286128989,12286128986
12286128989,12286128986
12286128989,12286128990
12286128989,11155456350
11155459958,11155464317
11155459958,11957671229
11155459958,11155459987
11155464317,11155459996
11155464317,11155459958
11155464317,11155464310
11155459996,11155464317
11155459996,11155464319
11155459996,11155464319
11155464310,11155464311
11155464310,11155464312
11155464310,11155464317
11155464311,11155464310
11155464312,11155464310
11185779945,11185779946
13301733227,13301733258
13301733227,13301733226
13301733227,11189806155
11189806162,11189806163
13291589658,11189806165
13291589658,13291589659
13291589658,13291554277
11189806166,11189806167
11189806170,11189806172
11196633228,11196633227
11196633228,11196633228
11196633228,11196633228
13291341935,11201124910
13291341935,13291341937
13291341935,13291341936
11201124911,13291341937
13291341937,13291341935
13291341937,11201124911
13291341937,13291341938
11212240860,11212240862
11212240862,11212240863
11212240862,11212240864
11212240862,11212240860
11212240864,11212240862
11212240866,11212240865
11212240872,11212240870
11212240874,11212240873
11212240877,11212240876
11212240879,11212240878
11212240880,11212240881
11212240887,11212240886
11212240889,11212240888
11221563024,11221563031
11221580864,11221580869
11221580870,11221580875
13090137564,13090465302
13090137564,11231249032
13090137564,13090137572
11231249048,11231249151
11231249190,11231249158
11274348460,11387421526
11274348460,11387380429
11274348460,11274348461
11387421526,11387421531
11387421526,11387421531
11387421526,11274348460
11274348461,11274348460
11289711528,11289711529
11289711530,11289711531
11289711532,11289711534
11290890637,11290890635
11290890639,11290890638
11329636800,11329636988
11329636800,11329636934
11329636800,11329636803
11329636934,11329636800
11329636934,11329636939
11329636934,11329637028
11329636803,11329636802
11329636803,11329636805
11329636803,11329636800
11329636802,11329636803
11329636805,11329636804
11329636805,11329636803
11329636805,11329636809
11329636847,11329636855
11329636847,11329637010
11329636847,11329636853
11329637010,11329636847
11329637010,11329636856
11329637010,11329637014
11329636853,11329636852
11329636853,11329636847
11329636853,11329636855
11329636852,11329636853
11329636856,11329637010
11329636856,11329636858
11329636856,11329636857
11329636858,11329636856
11329636858,11329636860
11329636858,11329636859
11329636857,11329636856
11329636859,11329636858
11329636863,11329636860
11329636869,11329636864
11329636869,11329636899
11329636869,11329636870
11329636868,11329636864
11329636883,11329636879
11329636883,11329636884
11329636883,11329636882
11329636883,11329636864
11329636899,11329636869
11329636899,11329636871
11329636899,11329636901
11329636870,11329636869
11329636877,11329636872
11329636877,11329636871
11329636877,11329636878
11329636872,11329636877
11329636878,11329636877
11329636879,11329636880
11329636879,11329636883
11329636879,11329636881
11329636880,11329636879
11329636881,11329636879
11329636882,11329636883
11329636884,11329636883
11329636901,11329636900
11329636901,11329636899
11329636901,11329636902
11329636900,11329636901
11329636939,11329636944
11329636939,11329636944
11329636939,11329636934
11329637028,11329637048
11329637028,11329636934
11329637028,11329637031
11329636938,11329636944
11329636944,11329636939
11329636944,11329636939
11329636944,11329636938
11329636989,11329636988
11329636989,11329636991
11329636989,11329636993
11329636991,11329636989
11329636993,11329636989
11329636995,11329636994
11329636995,11329636998
11329636995,11329637002
11329636998,11329636995
11329637002,11329636995
11329637008,11329637016
11329637008,11329637011
11329637008,11329637014
11329637016,11329637048
11329637016,11329637008
11329637016,11329637021
11329637016,11329637051
11329637014,11329637008
11329637014,11329637015
11329637014,11329637010
11329637012,11329637011
11329637013,11329637011
11329637015,11329637014
11329637048,11329637028
11329637048,11329637016
11329637048,11329637049
11329637021,11329637016
11329637051,11329637016
11329637031,11329637028
11329637049,11329637048
11329828624,11329828672
11329828624,11329637070
11329828624,11329828626
11329637072,11329637070
11329645580,11329645582
11329645580,11329645570
11329645580,11329645581
11329645573,11329645570
11329645582,11329645584
11329645582,11329645580
11329645582,11329645583
11329645582,11329645589
11329645581,11329645580
11329645584,11329645601
11329645584,11329645582
11329645584,11329645586
11329645583,11329645582
11329645589,11329645582
11329645586,11329645584
11329645604,11329645605
11329645604,11329645606
11329645604,11329645601
11329645608,11329645601
11329645605,11329645604
11329828706,11329645606
11329828706,11329828684
11329828706,11329828709
11329818042,11329828598
11329818042,11329818044
11329818042,11329828606
11329818044,11329818043
11329818044,11329818042
11329818044,11329818045
11329828606,11329828608
11329828606,11329828607
11329828606,11329818042
11329818043,11329818044
11329818045,11329818044
11329818055,11329828602
11329818055,11329828608
11329818055,11329828600
11329828602,11329828592
11329828602,11329818055
11329828602,11329828603
11329828602,11329828605
11329828608,11329818055
11329828608,11329828606
11329828608,11329828609
11329828600,11329828597
11329828600,11329818055
11329828600,11329828601
11329818056,11329818057
11329818056,11329828592
11329818056,11329828604
11329818057,11329828589
11329818057,11329818056
11329818057,11329828591
11329828592,11329818056
11329828592,11329828602
11329828592,11329828593
11329828592,11329828604
11329828604,11329828603
11329828604,11329828592
11329828604,11329818056
11329828589,11329828587
11329828589,11329818057
11329828589,11329828590
11329828591,11329818057
11329828588,11329828587
11329828590,11329828589
11329828593,11329828592
11329828597,11329828918
11329828597,11329828600
11329828597,11329828613
11329828918,11329828597
11329828918,11329828601
11329828918,11329828916
11329828613,11329828597
11329828613,11329828599
11329828613,11329828916
11329828599,11329828613
11329828599,11329828598
11329828599,11329828610
11329828599,11329828916
11329828610,11329828599
11329828916,11329828613
11329828916,11329828599
11329828916,11329828918
11329828601,11329828600
11329828601,11329828918
11329828601,11329828603
11329828603,11329828604
11329828603,11329828602
11329828603,11329828601
11329828605,11329828602
11329828607,11329828606
11329828609,11329828608
11329828677,11329828617
11329828677,11329828675
11329828677,11329828621
11329828621,11329828677
11329828672,11329828624
11329828672,11329828673
11329828672,11329828627
11329828626,11329828624
11329828628,11329828627
11329828673,11329828672
11329828675,11329828676
11329828675,11329828674
11329828675,11329828677
11329828676,11329828675
11329828684,11329828706
11329828684,11329828682
11329828684,11329828708
11329828683,11329828682
11329828708,11329828685
11329828708,11329828684
11329828708,11329828709
11329828685,11329828708
11329828709,11329828707
11329828709,11329828706
11329828709,11329828708
11329828707,11329828709
11329828713,11329828710
11329828713,11329828772
11329828713,11329828717
11329828712,11329828710
11329828772,11329828713
11329828772,11329828716
11329828772,11329828773
11329828717,11329828715
11329828717,11329828716
11329828717,11329828713
11329828715,11329828717
11329828773,11329828772
11329832284,11329832282
11368414165,11368414109
11368414165,11368420976
11368414165,11368420975
11368421220,11368421217
11383892454,11383892463
11383892463,11383892454
11383892463,13520233840
11383892463,11383894278
11383892465,11383894284
11383894284,11383892465
11383894284,11383894271
11383894284,11383894273
11383892468,11383894269
11383894271,11383894269
11383894271,11383894291
11383894271,11383894284
11383894273,11383894272
11383894273,11383894284
11383894273,11383894275
11387380375,11387380374
11387380386,11387380385
11387380411,11387380409
11387380417,11387380412
11387380417,11387380423
11387380417,11387380424
11387380417,11387380428
11387380416,11387380412
11387380424,11387380418
11387380424,11387380417
11387380424,11387380425
11387380428,11387380417
11387380418,11387380419
11387380418,11387380424
11387380418,11387380423
11387380419,11387380418
11387380425,11387380424
11387380456,11387380429
11387380456,11387380457
11387380456,11387380433
11387380433,11387380456
11387380435,11387380434
11387380457,11387380456
11387380468,11387421490
11387380468,11387421494
11387380468,11387421471
11387421494,11387380468
11387421494,11387421583
11387421494,11387421495
11387412817,11412766923
11387412817,11412766919
11387412817,11387412819
11412766919,11412766920
11412766919,11412766912
11412766919,11387412817
11387412819,11387412817
11387421583,11387421494
11387421583,11387421471
11387421583,11387421586
11387421493,11387421490
11387421495,11387421494
11387421547,11387421540
11387421547,11387421568
11387421547,11387421549
11387421576,11387421577
11387421576,11387421549
11387421576,11387421540
11387421569,11387421568
11387421575,11387421580
11387421577,11387421576
11387421581,11387421579
11387421581,11387421578
11387421581,11387421580
11387421579,11387421581
11387421586,11387421583
11387421635,11387421631
11387421637,11387421636
11387421640,11387421638
11387421646,11387421644
11387421652,11387421651
11387421684,11387421677
11387421684,11387421676
11387421684,11387421681
11387421677,11387421684
11387421681,11387421685
11387421681,11387421684
11387421681,11387421678
11387421713,11387421710
11412766914,11412766912
11412766920,11412766919
11412766926,11412766923
11412766951,11412766950
11412766954,11412766953
11412841282,11412841281
11412841305,11412841304
11420451525,12178934063
11420451525,11420451529
11420451533,11420451532
11420451534,11420451535
11420451534,11420451533
12094776769,11474825505
11478383912,11478383913
11504260428,11504260439
11504260428,11504260426
11504260428,11504260429
11504260427,11504260426
11504260439,11504260430
11504260439,11504260428
11504260439,11504260440
11504260429,11504260428
11504260430,11504260436
11504260430,11504260439
11504260430,11504260431
11504260431,11504260430
11504260438,11504260436
11504260440,11504260439
11504260442,11504260441
11504343326,11504343360
11504343326,11504343309
11504343326,11504343327
11504343313,11504343314
11504343313,11504343360
11504343313,11504343309
11504343314,11504343313
11504343360,11504343319
11504343360,11504343326
11504343360,11504343313
11504343315,11504343325
11504343315,11504343319
11504343315,11504343316
11504343325,11504343317
11504343325,11504343315
11504343325,11504343320
11504343319,11504343315
11504343319,11504343360
11504343319,11504343320
11504343316,11504343315
11504343318,11504343317
11504343320,11504343319
11504343320,11504343331
11504343320,11504343325
11504343331,11504343320
11504343331,11504343327
11504343331,11504343327
11504343327,11504343326
11504343327,11504343331
11504343327,11504343331
11504343342,11504343340
11504343352,11504343343
11504343359,11504343356
11517427599,11517427595
11517427599,11504343363
11517427599,11517427601
11614910124,11504343363
11614910124,11614910125
11614910124,11504343366
11504343366,11614910124
11504343371,11504343368
11504343400,11504343397
11504343403,11504343403
11504343403,11504343403
11504343403,11504343401
11517365541,11517365540
11517373068,11517411572
11517373068,11517373066
11517373068,11517411573
11517411573,11517411575
11517411573,11517411572
11517411573,11517373068
11517411575,11517411574
11517411575,11517411573
11517411575,11517411576
11517411574,11517411575
11517411578,11517411579
11517411578,11517411577
11517411578,11517411580
11517411585,11517411584
11517411610,11517411608
11517411690,11517411688
11517427626,11517427620
11517472032,11517472028
11517472038,11517472039
11517472038,11517472037
11517472038,11530343256
11517472039,11517472038
11517472059,11517472052
11517472059,11828723504
11517472059,11828723502
11517472055,11517472054
11517472055,11828723504
11517472055,11828723502
11828723504,11517472055
11828723504,11517472059
11828723504,11828723502
11828723502,11517472059
11828723502,11517472055
11828723502,11828723504
11517472075,11517472062
11517472075,11517472060
11517472075,11517472076
11517472061,11517472073
11517472073,11517472061
11517472073,11517472062
11517472073,11517472074
11517472062,11517472073
11517472062,11517472075
11517472062,11517472065
11517472065,11517472066
11517472065,11517472062
11517472065,11517472068
11517472068,11517472069
11517472068,11517472071
11517472068,11517472065
11517472069,11517472068
11517472071,11517472070
11517472071,11517472068
11517472071,11517472072
11517472070,11517472071
11517472072,11517472071
11517472092,11517472078
11517472092,11517472077
11517472092,11517472086
11517472078,11517472079
11517472078,11517472092
11517472078,11530343262
11530343262,11517472093
11530343262,11517472078
11530343262,11530343257
11530343257,11517472080
11530343257,11517472093
11530343257,11530343262
11517472086,11517472087
11517472086,11517472080
11517472086,11517472092
11517472108,11517472106
11517472116,11517472113
11530343233,11530343232
11530343235,11530343234
11530343238,11530343236
11530343242,11530343240
11530343244,11530343243
11530343254,11530343251
11530343254,11530343250
11530343254,11530343255
11530343255,11530343256
11530343255,11530343254
11530343255,11530343252
11530358294,11530358293
11530358315,11530358334
11530358315,11530358308
11530358315,11530358308
11530358334,11530358337
11530358334,11530358315
11530358334,11530358340
11530358337,11530358334
11530358353,11530358352
11530358376,11530358380
11530358376,11530358383
11530358376,11530358382
11530358383,11530358376
11530358383,11530358380
11530358383,11530358385
11530358399,11725510450
11530365474,11530365472
11530365476,11530365475
11530365493,11530365487
11530365493,11530365493
11530365493,11530365493
11547155870,11547118068
11547147555,11547147550
11547147555,11547147548
11547147555,11547147558
12480046561,11547147549
11547147550,11547147549
11547147550,11547147555
11547147550,11547147553
11547147553,11547147550
11547147553,11547147558
11547147553,11547147552
11547147552,11547147553
11547147558,11547147554
11547147558,11547147553
11547147558,11547147559
11547147558,11547147555
11547147559,11547147558
11561145026,11561145025
11561145029,11561145027
11561145029,11627254621
11561145029,11627254629
11627254618,11627254629
11627254618,11627254617
11627254618,11561145027
11627254621,11627254628
11627254621,11627254620
11627254621,11561145029
11627254629,11627254618
11627254629,11627254620
11627254629,11561145029
12054535899,11584318853
12054535899,11584318849
12054535899,12054535877
11602920595,11602920594
11614910125,11614910124
11614910128,11614910126
11614910128,11614910130
11614910128,11614910129
11614910127,11614910126
11614910129,11614910128
11614910131,11614910130
11614910134,11614910133
11614910231,11614910239
11614910263,11614910264
11614928436,11614928435
11614928445,11614928446
11614928445,11614928444
11614928445,11614928447
11614928446,11614928445
11614928447,11614928445
11614928462,11614928461
11614928464,11614928461
11614931283,11614931280
11618835396,11618835397
11618835397,11618835421
11618835397,11618835396
11618835397,11618835419
11627254533,11627254531
11627254535,11627254531
11627254589,11627254588
11627254623,11627254628
11627254623,11627254622
11627254623,11627254615
11627254626,11627254625
11627254626,11627254622
11627254626,11627254615
11627254620,11627254621
11627254620,11627254627
11627254620,11627254629
11627254627,11627254622
11627254627,11627254620
11627254627,11627254628
11627254628,11627254623
11627254628,11627254621
11627254628,11627254627
11627254622,11627254623
11627254622,11627254627
11627254622,11627254626
11627254625,11627254626
11627254642,11627254638
11627254644,11627254643
11641406110,11641406111
11641406110,11641406112
11641406110,11641406107
11641406111,11641406110
11641406112,11641406110
11641409554,11641409551
11641409556,11641409555
11641409558,11641409557
11641409560,11641409559
11641409561,11641409559
11641409707,11641409709
11641409707,11641409711
11641409707,11641409708
11641409708,11641409707
11641409710,11641409709
11641409712,11641409711
11641409734,11641409732
11641409780,11641409779
11641409780,11641409789
11641409780,11641409788
11641409788,11641409780
11641409816,11641409813
11673406994,12704205566
11673406994,11673406980
11673406994,11673406995
11673407030,11673407029
11673407030,11673407036
11673407030,11793859997
11793859997,11793859998
11793859997,11673407030
11793859997,11793860014
11688427013,11688427014
11688427013,11688427012
11688427013,11688427015
11690650042,11690717780
11690650042,11690717761
11690650042,11690650050
11690717780,11690717797
11690717780,11690650042
11690717780,11690717783
11690717761,11690650042
11690717761,11690650056
11690717761,11690717763
11690650050,11690650066
11690650050,11690650042
11690650050,11690650057
11690650066,11690650050
11690650066,11690650067
11690650066,11690650055
11690650057,11690650056
11690650057,11690650055
11690650057,11690650050
11690650056,11690717761
11690650056,11690717755
11690650056,11690650057
11690650067,11690650066
11690650067,11690650068
11690650067,11690717671
11690650068,11690717790
11690650068,11690717797
11690650068,11690650067
11690717671,11690717670
11690717671,11690717672
11690717671,11690650067
11690717790,11690717811
11690717790,11690650068
11690717790,11690717795
11690717797,11690650068
11690717797,11690717780
11690717797,11690717796
11690717670,11690717671
11690717672,11690717671
11690717677,11756504321
11690717677,11690717811
11690717677,11690717688
11756504321,11690717677
11756504321,11756504322
11756504321,11690717698
11690717811,11690717677
11690717811,11690717790
11690717811,11690717815
11690717688,11690717683
11690717688,11690717677
11690717688,11690717690
11690717682,11690717683
11690717683,11690717688
11690717683,11690717684
11690717683,11690717682
11690717684,11690717683
11690717690,11690717688
11690717722,11690717701
11690717722,11690717698
11690717722,11690717724
11690717701,11690717702
11690717701,11690717722
11690717701,11690717720
11690717702,11690717769
11690717702,11690717701
11690717702,11690717721
11690717720,11690717701
11690717769,11690717702
11690717769,11690717710
11690717769,11690717775
11690717721,11690717702
11690717709,11690717725
11690717709,11690717710
11690717709,11690717707
11690717710,11690717709
11690717710,11690717769
11690717710,11690717717
11690717717,11690717710
11690717724,11690717722
11690717764,11690717756
11690717764,11690717755
11690717764,11690717763
11690717756,11690717764
11690717756,11690717762
11690717756,11690717758
11690717762,11690717763
11690717762,11690717756
11690717762,11690717758
11690717758,11690717762
11690717758,11690717756
11690717758,11690717768
11690717768,11690717758
11690717763,11690717761
11690717763,11690717762
11690717763,11690717764
11690717775,11690717769
11690717783,11690717780
11690717795,11690717803
11690717795,11690717794
11690717795,11690717790
11690717794,11690717795
11690717803,11690717796
11690717803,11690717795
11690717803,11690717802
11690717796,11690717803
11690717796,11690717798
11690717796,11690717797
11690717798,11690717802
11690717798,11690717796
11690717798,11690717801
11690717802,11690717798
11690717802,11690717803
11690717802,11690717801
11690717801,11690717798
11690717801,11690717802
11690717801,11690717806
11690717806,11690717801
11690717815,11690717811
11702018933,11702018938
11702018933,11702018945
11702018933,11702018936
11702018945,11702018933
11702018945,11702018946
11702018945,11702018943
11702018936,11702018935
11702018936,11702018933
11702018936,11702018938
11702018952,11702018954
11702018952,11702018953
11702018952,11702018935
11702018940,11702018939
11702018943,11702018945
11702018946,11702018945
11702018946,11702018944
11702018946,11702018948
11702018948,11702018946
11702018953,11702018952
11702018955,11702018954
11702036826,11702036825
11702036850,11702036849
11702036921,11702036922
11702036924,11702036922
11702036966,11702036965
11702036966,11702036969
11702036966,11702036968
11702036969,11702036966
11702036968,11702036966
11702037069,11702037068
11702037069,11702037069
11702037069,11702037069
11724585865,11724585866
11724585865,11735178530
11724585865,11735178551
11735178551,11735178547
11735178551,11724585865
11735178551,11802020658
11735178547,11724585868
11735178547,11724585866
11735178547,11735178551
11724654729,11724654730
11724654729,11724654718
11724654729,11724654731
11724654730,11724654729
11724654730,11724654731
11724654730,11724654726
11724654731,11724654727
11724654731,11724654730
11724654731,11724654729
11725460122,11725460150
11725460122,11725604874
11725460122,11725604880
11725460150,11725460145
11725460150,11725460122
11725460150,11725460146
11725604880,11725460125
11725604880,11725604879
11725460125,11725604877
11725460125,11725460130
11725460125,11725604878
11725604877,11725604876
11725604877,11725460129
11725460130,11725460151
11725460130,11725460125
11725460130,11725460146
11725604878,11725604876
11725604878,11725604879
11725604878,11725460125
11725460129,11725460159
11725460129,11725460155
11725460155,11725460141
11725460155,11725460129
11725460155,11725460139
11725460151,11725460154
11725460151,11725460154
11725460151,11725460130
11725460146,11725460138
11725460146,11725460130
11725460146,11725460150
11725460138,11725460139
11725460138,11725460146
11725460138,11725460145
11725460139,11725460138
11725460139,11725460141
11725460139,11725460155
11725460145,11725460159
11725460145,11725460150
11725460145,11725460138
11725460141,11725460155
11725460141,11725460154
11725460141,11725460139
11725460154,11725460141
11725460154,11725460151
11725460154,11725460151
11725460162,11725460160
11725604869,11725460167
11725484229,11725484228
11725484229,11725484229
11725484229,11725484229
11725484248,11725484244
11725510459,11725510460
11725510461,11725510460
11725604879,11725604878
11725604879,11725604874
11725604879,11725604880
11725604875,11725604876
11725604876,11725604875
11725604876,11725604878
11725604876,11725604877
11725604885,11725604881
11735181799,11735181798
11735181808,11735181804
11749810288,11749810282
11749810303,11749810301
11750239388,11750239384
11750239388,11750239384
11750239388,11750239379
11750239384,11750239388
11750239384,11750239388
11750239384,11750239390
11750239390,11750239384
11750239395,11750239393
11750239397,11750239396
11750239408,11750239407
11750239409,11750239407
11750239411,11750239410
11750239413,11750239412
11752404917,11752404916
11752404917,11950697757
11752404917,11752404920
11950697757,11752404917
11950697757,11950697760
11950697757,11752404920
11752404945,11752404942
11752404948,11752404946
11752411025,11752411022
11801993164,11753100221
11801993164,12987642103
11801993164,11801993166
11802010902,11753100231
12453175080,11755811112
12453175080,11755811104
12453175080,12453175077
11756442609,11756442599
11756442609,11756442597
11756442609,11756442615
11756442599,11756442609
11756442599,11756442615
11756442599,11756442601
11756442615,11756442599
11756442615,11756442614
11756442615,11756442609
11756442601,11756442604
11756442601,11756442599
11756442601,11756442608
11756442608,11756442601
11756442614,11756442615
11756461741,11756461740
11756461741,11756461741
11756461741,11756461741
11756461756,11756461755
11756480766,11756480761
11756480768,11756480767
11756504256,11756504258
11756504302,11756504301
11756504322,11756504321
11756504448,11756504446
11770061693,11770061692
11770061693,9420119368
11770062250,4956887737
11770062250,11770062249
12476465568,12476465569
12476465568,11782321071
12476465568,12476465600
11793860014,11793860013
11793860014,11793859997
11793860014,11793859998
11793888571,11793888571
11793888571,11793888571
11793888571,11793860065
11793860863,11793860832
11793865017,11793860856
11793865017,11793865016
11793865017,11793860858
11793860858,11793865017
11793865014,11793865015
11793865014,11793865013
11793865014,11793865016
11793865015,11793865014
11793888635,11793888633
11793888635,11793888637
11793888635,11793888636
11793888634,11793888633
11793888636,11793888635
11793888638,11793888637
11793888641,11793888639
11793888641,11793888643
11793888641,11793888642
11793888640,11793888639
11793888643,11793888641
11793888643,11793888647
11793888643,11793888644
11793888642,11793888641
11793888647,11793888643
11793888647,11793888645
11793888647,11793888648
11793888644,11793888643
11793888646,11793888645
11793888648,11793888647
11793888649,11793888657
11793888649,11793888651
11793888649,11793888650
11793888657,11793888649
11793888657,11793888655
11793888657,11793888658
11793888651,11793888653
11793888651,11793888649
11793888651,11793888652
11793888650,11793888652
11793888650,11793888658
11793888650,11793888649
11793888652,11793888650
11793888652,11793888651
11793888652,11793888653
11793888658,11793888650
11793888658,11793888657
11793888658,11793888655
11793918096,11793918095
11793918096,11793918101
11793918096,11793918094
11793918095,11793918096
11793918101,11793918098
11793918101,11793918098
11793918101,11793918096
11793918097,11793918098
11793918098,11793918097
11793918098,11793918101
11793918098,11793918101
11793919250,11793919246
11801884163,11801884162
11801884163,11801884161
11801884163,11801884164
11801884165,11801896670
11801884165,11801896670
11801884165,11801964605
11801964605,11801964606
11801964605,11801884165
11801964605,11801964600
11801964606,11801964605
11801964676,11801964668
11801964707,11801964706
11802020666,11802020663
11802020666,11802020661
11802020666,11802063670
11802020663,11802020666
11802063670,11802020666
11812617247,11812617252
11816506901,11816506904
11819788427,11819788428
11819788431,11819788430
11819788436,11819788433
11819788436,11819788432
11819788436,11819788435
11819788433,11819788436
11819788435,11819788436
11819788444,11819788445
11826135310,12241108814
11826135310,12241108817
11826135310,11826135294
12241108814,11826135310
12241108814,11826135299
12241108814,12241108817
11826157465,11826157461
11826180720,11826180721
11826180722,11826180721
11826180731,11826180730
11826180731,11826180728
11826180731,11826180733
11826180730,11826180731
11826180754,11826180753
11828040689,11828040688
11828040689,11828040685
11828040689,11828040691
11828040688,11828040689
11828040691,11828040689
11828040699,11828040698
11828040796,11828040793
11828655080,11828655072
12452840731,11828655084
11828699132,11828699122
11835681579,11835681578
11835681579,11835681587
11835681579,11835681595
11835681594,11835681595
11835681668,11835681663
11835681670,11835681669
11835741086,11835741085
11835741286,11835741279
11850237337,12049116995
11850237337,11850237358
11850237337,11850237334
11850237366,11850237358
11850237366,11850246373
11850237366,11850237364
11854039832,11854039838
11854039832,11854039838
11854039832,11854039806
11854039838,11854039831
11854039838,11854039832
11854039838,11854039832
11854039838,11854039842
11854039842,11854039853
11854039842,11854039838
11854039842,11854039852
11860247103,11860247104
11860247104,11860247103
11860247104,11860247106
11860247104,11860247124
11860247106,11860247105
11860247106,11860247108
11860247106,11860247104
11860247105,11860247106
11860247108,11860247107
11860247108,11860247123
11860247108,11860247106
11860247107,11860247108
11860247123,11860247108
11880588427,12037845102
11880588427,12037851979
11880588427,12037851975
12037851979,11880588427
12037851979,11880588447
12037851979,12037851981
12037851975,12037851987
12037851975,12037852023
12037851975,11880588427
12037851975,12037851985
11880588447,12037845099
11880588447,11880588430
11880588447,12037851979
12037845099,11880588447
12037845099,11880588446
12037845099,12037845102
11881586828,11881586854
11881586831,11881586845
11881586849,11881586838
11881586849,11881586833
11881586849,11881586842
11881586842,11881586836
11881586842,11881586849
11881586842,11881586845
11881586838,11881586849
11881586838,11881586854
11881586838,11881586841
11881586841,11881586838
11901200625,11901200626
11901200625,11901200624
11901200625,11901200668
11901200626,11901200625
11901200626,11901200629
11901200626,11901200628
11901200668,11901200625
11901200629,11901200626
11901204692,11901204690
12844404403,11939594268
12844404403,12844404404
12844404403,11939594264
12844404403,12844396300
11952068603,11952068596
11952068605,11952068604
11952068627,11952068624
11960444194,13617148958
11960444194,11960444200
11960444194,11960444197
11960444200,11960444194
11960444200,11960444203
11960444200,11960444199
11960444197,11960444194
11960444197,11960444199
11960444197,11960444195
11960444195,11960444197
11960444199,11960444197
11960444199,11960444198
11960444199,11960444200
11960444198,11960444199
11960444203,11960444200
11960444203,13617166624
11960444203,11960444201
11960444201,11960444203
13617166624,11960444203
13617166624,11960444204
13617166624,13617166628
11960444204,13617166624
11960444204,13617148968
11960444204,13617148977
13617148968,11960444204
13617148968,13617166637
13617148968,13617148970
13617148968,13617166636
13617148977,11960444204
13617148977,11960444205
13617148977,13617148976
11960444205,13617148977
11994047908,11994047909
11994047910,11994047909
11994421930,11994421928
13526674235,13526674229
13526674235,13526674228
13526674235,11994502588
11994502590,11994502588
11994505895,11994505891
11994505895,11994505896
11994505895,11994505896
12000517168,11994505891
12000517168,12000517167
12000517168,12000517169
11994505911,11994505912
11994505911,11994505910
11994505911,12037848135
12037848135,11994505911
12037848135,12037848136
12037848135,11994505914
11994505914,12037848135
11994505916,11994505915
12000500802,12000500801
12000500804,12000500803
12000517169,12000517170
12000517169,12000517168
12000517169,12000517163
12033248958,12033248959
12033248958,12033248959
12033248958,12033277676
12033248959,12033248958
12033248959,12033248958
12033248959,12033248961
12033277676,12033277675
12033277676,12033248958
12033277676,12033277669
12033277669,12033248961
12033277669,12033277676
12033277669,12033277675
12033277675,12033277676
12033277675,12033277669
12033277675,12033277678
12033277680,12033277679
12033277839,12033277838
12033277928,12033278016
12033277928,12033277933
12033277928,12033277943
12033278016,12033277928
12033278016,12033278018
12033278016,12033278020
12033277933,12033277931
12033277933,12033277928
12033277933,12033277934
12033277930,12033277931
12033277931,12033277933
12033277931,12033277932
12033277931,12033277930
12033277932,12033277931
12033277934,12033277933
12033277942,12033277939
12033277944,12033277943
12033277948,12033277945
12033278018,12033278017
12033278018,12033278016
12033278018,12033278019
12033278017,12033278018
12033278019,12033278018
12033278021,12033278020
12033278022,12033278024
12033278024,12033278023
12033278024,12033278022
12033278024,12033278030
12033278023,12033278024
12033278053,12033278057
12033278060,12033278057
12083996989,12033278071
12083996989,12083996987
12083996989,12083996990
12033278079,12033278080
12033278079,12033278081
12033278079,12033278071
12033278080,12033278079
12033278081,12033278079
12037845111,12037845106
12037845112,12037851978
12037845112,12037845113
12037845112,12037845116
12037851978,12037851987
12037851978,12037851956
12037851978,12037845112
12037845113,12037845112
12037845113,12037845120
12037845113,12037845116
12037845116,12037845117
12037845116,12037845112
12037845116,12037845113
12037845120,12037852019
12037845120,12037845113
12037845120,12037845117
12037845117,12037845116
12037845117,12037852018
12037845117,12037845120
12037852018,12037845117
12037852018,12037852024
12037852018,12037852019
12037852019,12037852020
12037852019,12037852018
12037852019,12037845120
12037848112,12037848111
12037851699,12037851708
12037851699,12037851699
12037851699,12037851699
12037851803,12037851804
12037851804,12037851829
12037851804,12037851803
12037851804,12037851810
12037851829,12037851804
12037851829,12037851819
12037851829,12037851844
12037851810,12037851828
12037851810,12037851804
12037851810,12037851819
12037851828,12037851810
12037851828,12037851824
12037851828,12037851870
12037851819,12037851829
12037851819,12037851824
12037851819,12037851810
12037851824,12037851828
12037851824,12037851819
12037851824,12037851858
12037851858,12037851859
12037851858,12037851855
12037851858,12037851824
12037851870,12037851831
12037851870,12037851871
12037851870,12037851828
12037851831,12037851870
12037851831,12037851955
12037851831,12037851955
12037851955,12037851954
12037851955,12037851831
12037851955,12037851831
12037851859,12037851858
12037851859,12037851852
12037851859,12037851860
12037851856,12037851855
12037851871,12037851870
12037851897,12037851892
12037851897,12037851895
12037851897,12037851898
12037851898,12037851895
12037851898,12037851897
12037851898,12037851900
12037851900,12037851898
12037852017,12037851956
12037851987,12037851975
12037851987,12037851978
12037851987,12037851990
12037852023,12037852026
12037852023,12037851975
12037852023,12037852020
12037851981,12037851979
12037851986,12037851988
12037851986,12037851985
12037851986,12037851990
12037851990,12037851987
12037851990,12037851986
12037851990,12037851988
12037852024,12037852018
12037852024,12037852025
12037852024,12037852026
12037852020,12037852019
12037852020,12037852025
12037852020,12037852023
12037852025,12037852024
12037852025,12037852020
12037852025,12037852026
12037852026,12037852023
12037852026,12037852025
12037852026,12037852024
12039826500,12039826499
12039826500,12039826503
12039826500,12039826504
12039826503,12039826504
12039826503,12039826500
12039826503,12039826510
12039826504,12039826503
12039826504,12039826500
12039826504,12039826508
12039826510,12039826503
12039826508,12039826504
12039841982,12039841980
12039841982,12039841980
12039841982,12039841976
12039841999,12039841998
12039841999,12039842001
12039841999,12039842004
12039842001,12039841999
12039842004,12039841999
12039842004,12039842002
12039842004,12039842006
12039842006,12039842004
12039842008,12039842007
12042470595,12042470593
12061886731,12061886730
12061886765,12452966379
12061887675,12061887674
12061887709,12061887704
12061887748,12061887741
12061887748,12061887741
12061887748,12061887730
12061887741,12061887745
12061887741,12061887748
12061887741,12061887748
12061887745,12061887788
12061887745,12061887788
12061887745,12061887756
12061887745,12061887741
12061887841,12061887895
12061887841,12061887879
12061887841,12061887902
12061887879,12061887841
12061887879,12061887878
12061887879,12061887911
12061887902,12061887901
12061887902,12061887873
12061887902,12061887841
12061887846,12061887959
12061887846,12061887850
12061887846,12061887847
12061887850,12061887846
12061887850,12061887849
12061887850,12061887851
12061887882,12061887847
12061887882,12061887849
12061887882,12061887889
12061887849,12061887850
12061887849,12061887880
12061887849,12061887882
12061887880,12061887849
12061887880,12061887889
12061887880,12061887873
12061887851,12061887898
12061887851,12061887850
12061887851,12061887959
12061887898,12061887852
12061887898,12061887851
12061887898,12061887897
12061887852,12061887898
12061887852,12061887868
12061887852,12061887896
12061887868,12061887857
12061887868,12061887852
12061887868,12061887873
12061887896,12061887897
12061887896,12061887852
12061887896,12061887857
12061887857,12061887892
12061887857,12061887896
12061887857,12061887868
12061887892,12061887857
12061887892,12061887891
12061887892,12061887901
12061887873,12061887880
12061887873,12061887902
12061887873,12061887888
12061887873,12061887868
12061887888,12061887877
12061887888,12061887887
12061887888,12061887873
12061887877,12061887878
12061887877,12061887888
12061887877,12061887883
12061887878,12061887879
12061887878,12061887877
12061887878,12061887911
12061887883,12061887877
12061887883,12061887886
12061887883,12061887886
12061887889,12061887880
12061887889,12061887887
12061887889,12061887882
12061887886,12061887887
12061887886,12061887883
12061887886,12061887883
12061887887,12061887888
12061887887,12061887886
12061887887,12061887889
12061887891,12061887892
12061887901,12061887902
12061887901,12061887895
12061887901,12061887892
12061887897,12061887898
12061887897,12061887896
12061887897,12061887900
12061887900,12061887897
12061919568,12061919565
12061935666,12061935665
12061935666,12061935671
12061935666,12104961371
12061935671,12061935678
12061935671,12061935666
12061935671,12061935677
12104961371,12061935666
12104961371,12061935765
12104961371,12104961373
12061935678,12061935674
12061935678,12061935679
12061935678,12061935671
12061935677,12061935671
12061935674,12061935678
12061935679,12061935680
12061935679,12061935678
12061935679,12061935684
12061935680,12061935679
12061935684,12061935705
12061935684,12061935679
12061935684,12061935713
12061935705,12061935706
12061935705,12061935684
12061935705,12061935703
12061935713,12061935684
12061935694,12061935696
12061935694,12061935730
12061935694,12061935729
12061935694,12061935725
12061935730,12061935694
12061935730,12061935728
12061935730,12061935731
12061935729,12061935723
12061935729,12061935714
12061935729,12061935694
12061935725,12061935724
12061935725,12061935723
12061935725,12061935728
12061935725,12061935694
12061935725,12061935727
12061935752,12061935749
12061935752,12061935751
12061935752,12061935695
12061935698,12061935731
12061935698,12061935755
12061935698,12061935696
12061935731,12061935732
12061935731,12061935698
12061935731,12061935730
12061935731,12061935755
12061935755,12061935751
12061935755,12061935698
12061935755,12061935731
12061935702,12061935742
12061935702,12061935702
12061935702,12061935702
12061935742,12061935702
12061935742,12061935741
12061935742,12061935756
12061935703,12061935740
12061935703,12061935710
12061935703,12061935705
12061935740,12061935728
12061935740,12061935703
12061935740,12061935741
12061935710,12061935708
12061935710,12061935711
12061935710,12061935703
12061935706,12061935708
12061935706,12061935705
12061935706,12061935707
12061935708,12061935710
12061935708,12061935706
12061935708,12061935709
12061935707,12061935706
12061935709,12061935708
12061935711,12061935710
12061935762,12061935720
12061935762,12061935714
12061935762,12061935764
12061935719,12061935720
12061935719,12061935720
12061935719,12061935723
12061935720,12061935762
12061935720,12061935719
12061935720,12061935719
12061935723,12061935725
12061935723,12061935729
12061935723,12061935719
12061935724,12061935725
12061935728,12061935730
12061935728,12061935740
12061935728,12061935725
12061935727,12061935725
12061935732,12061935741
12061935732,12061935731
12061935732,12061935733
12061935741,12061935742
12061935741,12061935732
12061935741,12061935740
12061935733,12061935732
12061935733,12061935733
12061935733,12061935733
12061935756,12061935742
12061935756,12061935757
12061935756,12061935758
12061935748,12061935749
12061935748,12061935751
12061935748,12061935758
12061935751,12061935748
12061935751,12061935755
12061935751,12061935752
12061935751,12061935750
12061935758,12061935759
12061935758,12061935748
12061935758,12061935756
12061935750,12061935751
12061935757,12061935756
12061935759,12061935758
12061935759,12061935759
12061935759,12061935759
12061935770,12061935769
12061935772,12061935771
12061935774,12061935773
12061935776,12061935775
12061935787,12061935784
12061935797,12061935792
12061935802,12061935798
12061935816,12061935815
12061935825,12061935824
12061935943,12061935942
12133440227,12133440226
12133440227,12080254865
12133440227,12133440224
12083996594,12083996598
12083996594,12083996591
12083996594,12083996593
12083996593,12083996594
12083996593,12083996597
12083996593,12083996591
12083996597,12083996593
12083996597,12083996598
12083996597,12083996596
12083996598,12083996596
12083996598,12083996594
12083996598,12083996597
12083996596,12083996601
12083996596,12083996598
12083996596,12083996597
12083996601,12083996602
12083996601,12083996596
12083996601,12083996603
12083996603,12083996599
12083996603,12083996602
12083996603,12083996601
12083996602,12083996601
12083996602,12083996603
12083996602,12083996599
12083996631,12083996669
12083996631,12083996632
12083996631,12083996985
12083996632,12083996631
12083996632,12083996635
12083996632,12083996634
12083996985,12083996987
12083996985,12083996986
12083996985,12083996631
12083996635,12083996632
12083996634,12083996632
12083996670,12083996669
12083996777,12083996776
12083996778,12083996776
12083996807,12083996806
12083996893,12083996891
12083996965,12083996963
12083996987,12083996989
12083996987,12083996985
12083996987,12083996988
12083996986,12083996985
12083996988,12083996987
12083996990,12083996989
12083997061,12083997060
12083997067,12083997062
12083997067,12083997064
12083997067,12083997065
12083997064,12083997067
12083997069,12083997070
12083997069,12083997068
12083997069,12083997072
12083997070,12083997069
12083997072,12083997069
12085964926,12085964931
12085964926,12085970618
12085964926,12085964929
12085970618,12085970600
12085970618,12085964926
12085970618,12085970599
12085964929,12085964928
12085964929,12085964930
12085964929,12085964926
12085964928,12085964929
12085964930,12085964929
12085964930,12085964933
12085964930,12085964931
12085964933,12085964930
12085964950,12085964941
12085964950,12085970484
12085964950,12085964951
12085964952,12085964951
12085964952,12085964951
12085964952,12085964941
12085970484,12085964950
12085970484,12085981510
12085970484,12085970487
12085964951,12085964952
12085964951,12085964952
12085964951,12085964950
12085970203,12085970204
12085970203,12085970215
12085970203,12085970213
12085970204,12085970203
12085970204,12085970276
12085970204,12085970207
12085970276,12085970217
12085970276,12085970215
12085970276,12085970204
12085970276,12085970275
12085970207,12085970204
12085970207,12085970209
12085970207,12085970212
12085970209,12085970207
12085970212,12085970207
12085970216,12085970217
12085970217,12085970276
12085970217,12085970216
12085970217,12085970220
12085970220,12085970217
12085970275,12085970276
12085970275,12085970274
12085970275,12085970280
12085970280,12085970275
12085970323,12085970353
12085970323,12085970324
12085970323,12085970320
12085970323,12087870634
12085970353,12085970323
12085970353,12087870634
12085970353,12087892166
12087870634,12085970354
12087870634,12085970353
12087870634,12087870636
12087870634,12085970323
12085970325,12085970324
12085970336,12085970326
12085970336,12085970338
12085970336,12085970330
12085970330,12085970331
12085970330,12085970334
12085970330,12085970336
12085970334,12085970330
12085970334,12085970335
12085970334,12085970333
12085970333,12085970334
12085970335,12085970334
12087892166,12087870615
12087892166,12087892167
12087892166,12085970353
12085970354,12087870634
12085970414,12085970413
12087936139,12085970420
12087936139,12087936138
12087936139,12085970415
12085970420,12087936139
12085970429,12085970429
12085970429,12085970429
12085970429,12085970422
12085970432,12085970431
12085970444,12085970443
12085970457,12085970445
12085970457,12085970457
12085970457,12085970457
12085970459,12085970458
12085970463,12085970460
12085970463,12085970464
12085970463,12085970462
12085970462,12085970463
12085970464,12085970463
12085981510,12085970484
12085981510,12085981478
12085981510,12085981512
12085970487,12085970484
12085970545,12085970588
12085970545,12085970569
12085970545,12085970556
12085970588,12085970600
12085970588,12085970545
12085970588,12085970598
12085970556,12085970545
12085970556,12085970557
12085970556,12085970555
12085970555,12085970555
12085970555,12085970555
12085970555,12085970556
12085970557,12085970556
12085970572,12085970571
12085970572,12085970573
12085970572,12085970569
12085970571,12085970572
12085970573,12085970572
12085970600,12085970618
12085970600,12085970588
12085970600,12085970599
12085970598,12085970588
12085970598,12085970599
12085970598,12085970593
12085970592,12085970593
12085970593,12085970592
12085970593,12085970598
12085970593,12085970595
12085970593,12085970597
12085970595,12085970593
12085970597,12085970593
12085970599,12085970600
12085970599,12085970598
12085970599,12085970618
12085981478,12085981510
12085981478,12085981513
12085981478,12085981480
12085981513,12085981478
12085981513,12085981531
12085981513,12085981512
12085981480,12085981478
12085981481,12085981531
12085981481,12087870667
12085981481,12085981484
12085981531,12085981513
12085981531,12085981481
12085981531,12085981532
12087870667,12085981481
12087870667,12085981486
12087870667,12087870668
12085981484,12085981481
12085981486,12087870667
12085981486,12085981528
12085981486,12085981487
12085981528,12085981486
12085981528,12087870648
12085981528,12085981529
12085981487,12085981486
12085981512,12085981513
12085981512,12085981510
12085981512,12085981524
12085981524,12085981514
12085981524,12085981512
12085981524,12087870651
12085981514,12085981524
12085981514,12085981514
12085981514,12085981514
12087870651,12085981529
12087870651,12085981524
12087870651,12087870654
12085981529,12085981528
12085981529,12087870668
12085981529,12087870651
12085981529,12087870648
12087870668,12085981530
12087870668,12085981529
12087870668,12087870667
12085981530,12087870668
12085981532,12085981531
12087870636,12087870616
12087870636,12087870615
12087870636,12087870634
12087870616,12087870636
12087870654,12087870651
12087878826,12087878825
12087878853,12087878852
12087878855,12087878854
12087891763,12087891762
12087891763,12087891761
12087891763,12087891765
12087891762,12087891763
12087891792,12087891791
12087891822,12087891825
12087891822,12087891815
12087891822,12087891846
12087891829,12087891815
12087891829,12087891825
12087891829,12087891846
12087891825,12087891846
12087891825,12087891829
12087891825,12087891822
12087891846,12087891825
12087891846,12087891829
12087891846,12087891822
12087891864,12087891858
12087891864,12087891863
12087891864,12087891866
12087891863,12087891864
12087891983,12087891976
12087892063,12087892008
12087892063,12087892062
12087892063,12087892018
12087892019,12087892008
12087892019,12087892017
12087892019,12087892017
12087892017,12087892018
12087892017,12087892019
12087892017,12087892019
12087892062,12087892063
12087892062,12087892064
12087892062,12087892018
12087892050,12087892049
12087892064,12087892062
12087892077,12087892076
12087892120,12087892121
12087892120,12087892119
12087892120,12087892149
12087892149,12087892150
12087892149,12087892148
12087892149,12087892120
12087892153,12087892151
12087892167,12087892166
12087915620,12087915618
12087915620,12087915621
12087915620,12087915626
12087915619,12087915618
12087915621,12087915620
12087915626,12087915629
12087915626,12087915627
12087915626,12087915620
12087915629,12087915631
12087915629,12087915626
12087915629,12087915630
12087915627,12087915626
12087915631,12087915633
12087915631,12087915629
12087915631,12087915632
12087915630,12087915629
12087915633,12087915636
12087915633,12087915631
12087915633,12087915634
12087915633,12087915635
12087915632,12087915631
12087915636,12087915638
12087915636,12087915633
12087915636,12087915637
12087915634,12087915633
12087915635,12087915633
12087915638,12087915636
12087915638,12087915639
12087915638,12087915665
12087915637,12087915636
12087915639,12087915638
12087915665,12087915668
12087915665,12087915668
12087915665,12087915638
12087915668,12087915671
12087915668,12087915665
12087915668,12087915665
12087915671,12087915668
12087936079,12087936076
12088563770,12088563769
12090987748,12090971032
12090987748,12090971045
12090987748,12090987749
12090971033,12090971042
12090971033,12090971032
12090971033,12090971044
12090971042,12090971033
12090971042,12090971042
12090971042,12090971042
12090971044,12090971043
12090971044,12090971033
12090971044,12090971045
12090971043,12090971044
12090971045,12090987748
12090971045,12090987736
12090971045,12090971044
12090984391,12090984393
12090984391,12090984389
12090984391,12090984392
12090984390,12090984393
12090984393,12090984390
12090984393,12090984391
12090984393,12090984394
12090984392,12090984391
12090984394,12090984393
12090984456,12090984448
12090984456,12090984457
12090984456,12090984451
12090984450,12090984451
12090984451,12090984450
12090984451,12090984452
12090984451,12090984456
12090984452,12090984451
12090984455,12090984453
12090984457,12090984456
12090987679,12090987678
12090987679,12090987674
12090987679,12090987684
12090987675,12090987678
12090987678,12090987675
12090987678,12090987679
12090987678,12090987676
12090987684,12090987679
12090987737,12090987738
12090987737,12090987736
12090987737,12090987741
12090987738,12090987737
12090987741,12090987750
12090987741,12090987749
12090987741,12090987737
12090987750,12090987741
12090987749,12090987748
12090987749,12090987747
12090987749,12090987741
12090987747,12090987749
12090987776,12090987774
12090987776,12090987778
12090987776,12090987777
12090987775,12090987774
12090987778,12090987776
12090987778,12090987780
12090987778,12090987779
12090987777,12090987776
12090987779,12090987778
12090987781,12090987780
12090987864,12090987959
12090987864,12090987867
12090987864,12090987866
12090987867,12090987864
12090987867,12090987966
12090987867,12090987868
12090987866,12090987864
12090987966,12090987867
12090987966,12090987968
12090987966,12090987929
12090987868,12090987867
12090987929,12090987927
12090987929,12090987930
12090987929,12090987966
12090987928,12090987927
12090987930,12090987929
12090987967,12090987959
12090987967,12090987968
12090987967,12090987968
12090987968,12090987966
12090987968,12090987967
12090987968,12090987967
12094776662,12094776660
12094776664,12094776663
12094776827,12094776828
12094776828,12094776829
12094776828,12094776827
12094776828,12094776830
12094776829,12094776828
12094776836,12094776835
12095770445,12095770444
12095770479,12095770478
12095770479,12095770477
12095770479,12095770481
12095770478,12095770479
12095796723,12095796722
12095796723,12095796721
12095796723,12095796724
12095796722,12095796723
12095796724,12095796723
12095796753,12095796750
12095796781,12095796861
12095796781,12095796752
12095796781,12095796787
12095796861,12095796785
12095796861,12095796781
12095796861,12095796862
12095796787,12095796782
12095796787,12095796781
12095796787,12095796789
12095796782,12095796787
12095796783,12095796832
12095796783,12095796785
12095796783,12095796784
12095796785,12095796783
12095796785,12095796861
12095796785,12095796786
12095796784,12095796783
12095796786,12095796785
12095796789,12095796787
12095796836,12095796834
12095796862,12095796861
12095796862,12095796881
12095796862,12095796869
12095796881,12095796862
12095796881,12095796895
12095796881,12095796890
12095796870,12095796872
12095796870,12095796869
12095796870,12095796876
12095796876,12095796871
12095796876,12095796875
12095796876,12095796870
12095796871,12095796876
12095797007,12095796872
12095796875,12095796876
12095796875,12095796874
12095796875,12095796872
12095796874,12095796875
12095796895,12095796896
12095796895,12095796881
12095796895,12095796890
12095796890,12095796896
12095796890,12095796881
12095796890,12095796895
12095796896,12095796890
12095796896,12095796897
12095796896,12095796895
12095796966,12095796965
12095796966,12095796963
12095796966,12095796972
12095796965,12095796966
12095796972,12095796966
12097770380,12097770379
12097774549,12097774548
12097774645,12097774661
12097774645,12097774646
12097774645,12097774646
12097774710,12097774711
12097774755,12097774714
12097774729,12097774722
12097774729,12097774720
12097774729,12097774734
12097774721,12097774722
12097774722,12097774729
12097774722,12097774721
12097774722,12097774728
12097774728,12097774722
12097774734,12097774729
12097774743,12097774741
12097774746,12097774741
12097792142,12097792141
12097792148,12097792147
12097792153,12097792149
12101401409,12101401410
12101401411,12101401410
12101401672,12101401671
12104960882,12104960880
12104960882,12104960879
12104960882,12104960872
12104960875,12104960876
12104960875,12104960879
12104960875,12104960878
12104960879,12104960875
12104960879,12104960880
12104960879,12104960882
12104960878,12104960875
12104960880,12104960881
12104960880,12104960879
12104960880,12104960882
12104960881,12104960880
12104961373,12104961371
12104961425,12104961424
12104961573,12104961573
12104961573,12104961573
12104961573,12104961571
12104980602,12104980601
12104980628,12104980627
12105743088,12105743087
12105767562,12105767556
12106408697,12106408690
12106408699,12106408698
12111431759,12111434629
12111434632,12111434629
12111434635,12111434634
12111434635,12111434633
12111434635,12111434638
12111434634,12111434635
12111434780,12111434666
12111434780,12111434790
12111434780,12111434792
12111434706,12111434705
12111434792,12111434782
12111434792,12111434780
12111434792,12111434790
12111434782,12111434792
12111434782,12111434793
12111434782,12121075348
12111434793,12111434789
12111434793,12111434782
12111434793,12121075348
12121075348,12121075344
12121075348,12111434793
12121075348,12111434782
12157695993,12111434789
12157695993,12157695980
12157695993,12157695995
12114523093,12114523092
12114541201,12114541200
12115115917,12115115916
12115115926,12115115927
12115115926,12115115934
12115115926,12115115916
12115115927,12115115928
12115115927,12115115926
12115115927,12121081519
12115115934,12115115933
12115115934,12115115926
12115115934,12115115937
12115115928,12115115927
12121081519,12115115927
12115115933,12115115934
12115115937,12115115938
12115115937,12115115939
12115115937,12115115934
12115115938,12115115937
12115115939,12115115937
12115115939,12115115942
12115115939,12115115945
12115115942,12115115939
12115115945,12115115939
12115118450,12115118451
12115118452,12115118451
12115118489,12115118483
12120008301,12120008313
12120008301,12119974299
12120008301,12120008304
12120008304,12120008305
12120008304,12120008301
12120008304,12120008312
12120008312,12120008313
12120008312,12120008306
12120008312,12120008304
12121127773,12121127770
12121127776,12121127774
12121130549,12121130514
12121130549,12121130550
12121130549,12121130511
12121130514,12121130549
12121130550,12121130549
12133440226,12133440227
12157674407,12157674405
12157674423,12157674422
12157695980,12157695993
12157695995,12157695993
12158452884,12158452886
12158452884,12158452885
12158452884,12158452880
12158452886,12158452884
12158453293,13351921697
12158453293,12158453294
12158453293,13351921699
13351921697,12158453294
13351921697,12158453293
13351921697,13351921695
12158453294,12158453335
12158453294,13351921697
12158453294,12158453293
13351921699,13351921628
13351921699,13351921695
13351921699,12158453293
12158453335,12158453337
12158453335,12158453294
12158453335,12158453336
12158453306,12158453307
12158453307,12158453313
12158453307,12158453308
12158453307,12158453306
12158453313,12158453307
12158453313,12158453309
12158453313,12158453314
12158453308,12158453307
12158453309,12158453313
12158453309,12158453315
12158453309,12158453310
12158453315,12158453309
12158453315,12158453311
12158453315,12158453316
12158453310,12158453309
12158453311,12158453315
12158453311,12158453312
12158453311,13351921700
12158453312,12158453311
13351921700,12158453311
13351921700,12158453318
13351921700,13351969704
12158453314,12158453313
12158453316,12158453315
12158453317,12158453318
12158453318,12158453319
12158453318,12158453317
12158453318,13351921700
12158453318,12158453322
12158453319,12158453318
12158453322,12158453321
12158453322,12158453323
12158453322,12158453318
12158453320,12158453321
12158453321,12158453322
12158453321,12158453320
12158453321,12158453324
12158453324,12158453321
12158453324,12158453331
12158453324,12158453326
12158453324,12158453328
12158453323,12158453322
12158453331,12158453333
12158453331,12158453332
12158453331,12158453324
12158453326,12158453324
12158453328,12158453324
12158453329,12158453333
12158453329,12158453337
12158453329,12158453330
12158453333,12158453331
12158453333,12158453329
12158453333,12158453334
12158453337,12158453329
12158453337,12158453335
12158453337,12158453338
12158453330,12158453329
12158453332,12158453331
12158453334,12158453333
12158453336,12158453335
12158453338,12158453337
12178934095,12178895700
12178934095,12178934033
12178934095,12178934101
12178934003,12178934027
12178934003,12178895700
12178934003,12178934032
12178934027,12178934012
12178934027,12178934003
12178934027,12178934028
12178934032,12178934033
12178934032,12178934028
12178934032,12178934028
12178934032,12178934003
12178934012,12178934028
12178934012,12178934015
12178934012,12178934027
12178934028,12178934012
12178934028,12178934027
12178934028,12178934032
12178934028,12178934032
12178934033,12178934032
12178934033,12178934095
12178934033,12178934015
12178934189,12178934186
12178960074,12178960126
12178960074,12178960118
12178960074,12178960072
12178960097,12178960098
12178960099,12178960098
12178960120,12178960128
12178960120,12178960118
12178960120,12178960121
12178960119,12178960128
12178960128,12178960119
12178960128,12178960120
12178960128,12178960126
12178960121,12178960120
12178960149,12178960137
12178960149,12178960150
12178960149,12178960140
12178960140,12178960149
12178960146,12178960141
12178960146,12178960145
12178960146,12178960148
12178960145,12178960146
12178960150,12178960149
12178960167,12178960157
12178960167,12178960165
12178960167,12178960165
12178960165,12178960164
12178960165,12178960167
12178960165,12178960167
12180011568,12180011567
12194068970,12194068969
12194068970,12194068968
12194068970,12194068972
12194068995,12194068994
12202471739,12202471740
12202471739,12202471723
12202471739,12202434893
12202434896,12202434893
12202471723,12202471728
12202471723,12202471739
12202471723,12202471727
12202471727,12202471723
12202471743,12202471729
12202471743,12202471728
12202471743,12202471740
12202471729,12202471743
12202471740,12202471741
12202471740,12202471739
12202471740,12202471743
12202471741,12202471740
12202471744,12202471747
12202471744,12202471745
12202471744,12202471746
12202471745,12202471746
12202471745,12202471744
12202471745,12202471747
12202471877,12202471879
12202471877,12202471874
12202471877,12202471880
12310225755,12310225754
12310225755,12222032010
12310225755,12222032011
12222032011,12310225755
12222032011,12222032028
12222032011,12222032017
12222032017,12222032011
12230197298,12230197297
12230201610,12230201608
12230201720,12230201725
12230201720,12230201728
12230201720,12230201718
12230201725,12230201720
12230201725,12230201726
12230201725,12230201724
12230201728,12230201720
12230201823,12230201819
12230201823,12230201824
12230201823,12230201729
12230201732,12230201731
12230201732,12230201735
12230201732,12230201734
12230201735,12230201732
12249854219,12249854280
12249854219,12310240302
12249854219,12249854222
12249854280,12310240293
12249854280,12249854219
12249854280,12249854284
12310240302,12249854219
12310240302,12310240283
12310240302,12310240286
12249854222,12249854284
12249854222,12249854219
12249854222,12249854242
12249854284,12310240178
12249854284,12249854222
12249854284,12249854280
12310240178,12249854232
12310240178,12249854284
12310240178,12310240173
12251092906,12253667504
12253667503,12253667504
12253667503,12310225770
12310263466,12310263465
12310263466,12310263464
12310263466,12253703073
12286128983,12286128982
12286128985,12286128984
12286128986,12286128989
12286128986,12286128989
12286128986,12286128984
12286128986,12286129002
12286129002,12286129001
12286129002,12286128986
12286129002,12286128990
12310240173,12310225759
12310240173,12310240178
12310240298,12310240299
12310240298,12310240297
12310240298,12310225746
12310263464,12310225765
12310263464,12310263466
12310240228,12310240227
12310240228,12310240227
12310240228,12310240233
12310240233,12310240228
12310240286,12310240290
12310240286,12310240302
12310240286,12310240283
12310240290,12310240286
12310240290,12310240289
12310240290,12310240295
12310240289,12310240290
12310240296,12310240297
12310240296,12310240295
12310240296,12310240295
12310263465,12310263466
12316092654,12316092650
12316092892,12316092713
12316092892,12316092893
12316092892,12316092710
12316092892,12316092894
12316092874,12316092872
12316092882,12316092879
12316092894,12316092890
12316092894,12316092895
12316092894,12316092892
12377497605,12377497624
12377497605,12377497633
12377497605,12377497630
12377497605,12377488098
12377497624,12377497609
12377497624,12377497605
12377497624,12377497630
12377497624,12377497618
12377497630,12377497609
12377497630,12377497605
12377497630,12377497633
12377497630,12377497624
12452840646,12452840674
12452840646,12452840705
12452840646,12452840673
12452840674,12452840696
12452840674,12452840646
12452840674,12452840680
12452840674,12452840692
12452840680,12452840674
12452840692,12452840674
12452840712,12452840705
12452840716,12452840713
12453175077,12453175080
12462905430,12462905426
12476465562,12476465574
12476465562,12476465600
12476465562,12476465570
12476465574,12476465562
12476465574,12476465599
12476465574,12476465605
12476465600,12476465568
12476465600,12476465562
12476465600,12476465605
12476465570,12476465622
12476465570,12476465622
12476465570,12476465562
12476465569,12476465622
12476465569,12476465599
12476465569,12476465568
12476465622,12476465570
12476465622,12476465570
12476465622,12476465569
12476465599,12476465574
12476465599,12476465569
12476465599,12476465612
12476465605,12476465613
12476465605,12476465574
12476465605,12476465609
12476465605,12476465600
12476465612,12476465599
12476465612,12476465613
12476465612,12476465609
12476465613,12476465609
12476465613,12476465612
12476465613,12476465605
12476465609,12476465613
12476465609,12476465612
12476465609,12476465605
12497668394,12497668393
12497668394,12497668391
12497668394,12497668364
12497668381,12497668366
12497668381,12497668364
12497668381,12497668377
12497668366,12497668381
12497668366,12497668377
12497668366,12497668393
12497668393,12497668394
12497668393,12497668391
12497668393,12497668366
12497668391,12497668390
12497668391,12497668393
12497668391,12497668394
12898090676,12509044312
12623069400,12623077701
12623077701,12623069400
12623077701,12623077705
12623077701,12623077707
12623077705,12623077701
12863012402,12623077707
12650117170,12650117167
12650117176,12650117171
12650117178,12650117177
12650117185,12650117179
12794803674,12794803675
12794803674,12794803680
12794803674,12794803670
12794803674,12794803676
12794844932,12794844931
12841991144,12841991143
12841991144,12841991147
12841991144,12841991145
12841991145,12841991144
12844367637,12844367636
12844367637,12844367635
12844367637,12844367641
12844367636,12844367637
12844577882,12844577883
12844577882,12844577878
12844577882,13137825014
12895070168,12877140438
12895070168,12895072170
12895072170,12895070168
12898063180,12898063178
12963989833,12963989828
12963989833,12963989835
13173228887,13173228886
13173228887,13173228889
13042496941,13042496938
13061815553,13061815554
13061815553,13061815544
13061815553,13061815548
13061815548,13061815547
13061815548,13061815556
13061815548,13061815553
13061815557,13061815561
13070695802,13070695801
13090489830,13090489829
13090489830,13090489818
13090489830,13090489807
13090489837,13090489836
13090489844,13090489849
13090489844,13090489842
13090489844,13090489845
13090489849,13090489843
13090489849,13090489844
13090489849,13090489848
13090489856,13090489872
13090489856,13090489850
13090489856,13090489850
13090489887,13090489873
13090489887,13090489889
13090489887,13090489886
13090489886,13090489888
13090489886,13090489887
13090489886,13090489873
13090489876,13090489875
13090489876,13090489878
13090489876,13090489877
13090489878,13090489876
13090489878,13090489880
13090489878,13090489879
13090489879,13090489881
13090489879,13090489877
13090489879,13090489878
13090489880,13090489878
13090489880,13090489882
13090489880,13090489881
13090489881,13090489883
13090489881,13090489879
13090489881,13090489880
13090489882,13090489880
13090489882,13090489884
13090489882,13090489883
13090489883,13090489885
13090489883,13090489881
13090489883,13090489882
13090489884,13090489882
13090489884,13090489888
13090489884,13090489885
13090489885,13090489889
13090489885,13090489883
13090489885,13090489884
13090489888,13090489884
13090489888,13090489886
13090489888,13090489889
13090489889,13090489887
13090489889,13090489885
13090489889,13090489888
13090489907,13090489904
13120701225,13120701221
13137825018,13137825017
13137825018,13137825022
13137825018,13137825042
13137825022,13137825030
13137825022,13137825031
13137825022,13137825018
13137825042,13137825041
13137825042,13137825018
13137825042,13137825044
13137825031,13137825029
13137825031,13137825022
13137825031,13137825035
13137825029,13137825031
13137825035,13137825033
13137825035,13137825034
13137825035,13137825031
13137825041,13137825042
13137825044,13137825042
13137825062,13137825061
13152977411,13152974554
13152977411,13152974566
13152977411,13152977409
13152974561,13152974567
13152974561,13152974566
13152974561,13152974554
13161982542,13161982541
13173228889,12987642186
13173228889,13173228888
13288027922,13288027921
13288027922,13288027911
13288027922,13288027927
13291341961,13291341951
13291341961,13291341964
13291341961,13291341963
13291341960,13291554225
13291341960,13291554225
13291341960,13291554216
13291554225,13291341960
13291554225,13291341960
13291554225,13291554215
13291554216,13291341964
13291554216,13291554215
13291554216,13291341960
13291341964,13291554216
13291341964,13291341963
13291341964,13291341961
13291341963,13291341964
13291341963,13291341961
13291341963,13291554215
13291554215,13291554216
13291554215,13291341963
13291554215,13291554225
13291554270,13291554269
13301733258,13301733227
13301733258,13301733259
13301733258,13301733256
13301733259,13301733256
13301733259,13301733258
13301733259,13301733228
13301733231,13301733233
13301733231,13301733256
13301733231,13301733235
13301733256,13301733259
13301733256,13301733231
13301733256,13301733258
13301733252,13301733235
13301733252,13421201980
13301733252,13301733255
13301733255,13301733241
13301733255,13301733235
13301733255,13301733252
13301733251,13301733247
13301733251,13301733241
13301733251,13301733248
13421201980,13301733252
13421201980,13301733284
13421201980,13421201984
13421201984,13301733287
13421201984,13301733286
13421201984,13421201980
13301733287,13421201984
13309100845,13309100848
13309100845,13309100847
13309100845,13309100840
13346245735,13346245738
13346245743,13346245739
13346249310,13346249311
13346249312,13346249316
13346249317,13346249322
13346249323,13346249324
13346249328,13346249330
13346249328,13346249324
13346249328,13346249325
13346249325,13346249328
13346249330,13346249336
13346249330,13346249328
13346249330,13346249333
13346249336,13346249338
13346249336,13346249330
13346249336,13346249334
13346249333,13346249330
13346249334,13346249336
13346249337,13346249338
13346249339,13346249340
13346307000,13617114396
13617114396,13346576601
13617114396,13346307000
13617114396,13617166602
13617166602,13617114385
13617166602,13346576601
13617166602,13617114396
13351837939,13351837940
13351837941,13351837943
13351837942,13351837943
13351837944,13351837945
13351837950,13351837949
13351837957,13351837956
13351837959,13351837958
13351837966,13351837960
13351921624,13351921629
13351921624,13351921629
13351921624,13351921627
13351921624,13351921653
13351921627,13351921628
13351921627,13351921655
13351921627,13351921624
13351921653,13351921632
13351921653,13351921654
13351921653,13351921652
13351921653,13351921624
13351921655,13351921656
13351921655,13351921627
13351921655,13351921695
13351921632,13351921649
13351921632,13351921653
13351921632,13351921651
13351921649,13351921632
13351921649,13351921650
13351921649,13351921635
13351921651,13351921632
13351921635,13351921648
13351921635,13351921647
13351921635,13351921649
13351921648,13351921635
13351921647,13351921645
13351921647,13351921646
13351921647,13351921635
13351921641,13351921643
13351921643,13351921642
13351921643,13351921641
13351921643,13351921645
13351921642,13351921643
13351921645,13351921647
13351921645,13351921644
13351921645,13351921643
13351921644,13351921645
13351921646,13351921647
13351921650,13351921649
13351921652,13351921653
13351921654,13351921653
13351921656,13351921657
13351921656,13351921655
13351921656,13351921693
13351921695,13351921699
13351921695,13351921697
13351921695,13351921655
13351921657,13351921656
13351921657,13351921690
13351921657,13351921687
13351921657,13351921692
13351921693,13351921656
13351921690,13351921657
13351921687,13351921686
13351921687,13351921685
13351921687,13351921657
13351921687,13351921689
13351921692,13351921657
13351921662,13351921685
13351921662,13351921681
13351921662,13351921664
13351921685,13351921662
13351921685,13351921684
13351921685,13351921687
13351921681,13351921662
13351921664,13351921679
13351921664,13351921662
13351921664,13351921682
13351921679,13351921664
13351921679,13351921680
13351921679,13351921676
13351921682,13351921664
13351921667,13351921676
13351921667,13351921673
13351921667,13351921678
13351921676,13351921667
13351921676,13351921675
13351921676,13351921679
13351921673,13351921674
13351921673,13351921672
13351921673,13351921667
13351921678,13351921667
13351921672,13351921673
13351921674,13351921673
13351921675,13351921676
13351921680,13351921679
13351921684,13351921685
13351921686,13351921687
13351921689,13351921687
13359540732,13359540737
13359540732,13359540733
13359540732,13359540734
13359540733,13359540732
13359540735,13359540734
13359540738,13359540737
13359989835,13359989837
13359989836,13359989837
13361765278,13361765279
13361765280,13361765279
13367856581,13367856582
13367856583,13367856582
13367856587,13367856585
13367856589,13367856590
13369083696,13369083681
13371256018,13371256017
13371256018,13371256020
13371256018,13371256019
13371256020,13371256018
13371256019,13371256018
13371256021,13371256022
13371256025,13371256026
13374197567,13374197568
13404354711,13375580490
13404354711,13404354712
13404354711,13404354708
13375580492,13375580491
13375580492,13375580490
13375580492,13375580493
13375580491,13375580492
13375580493,13375580492
13375580494,13375580495
13375580496,13375580497
13375916713,13375916717
13375916718,13375916720
13376053839,13376053837
13376170999,13376170998
13376180801,13376180802
13376467883,13376467882
13377760344,13377760343
13378368424,13378368422
13378639004,13378639005
13380781883,13380781888
13380781883,13380781880
13380781883,13380781887
13380781882,13380781880
13380781887,13380781883
13380781890,13380781888
13380885206,13380846794
13380893004,13380846794
13380875784,13380875772
13380880004,13380880002
13383395493,13383395490
13384216990,13390651816
13384216990,13390651818
13384216990,13384216999
13390651816,13390651808
13390651816,13384216990
13390651816,13390651817
13390651818,13390651819
13390651818,13384216990
13390651818,13390651821
13384216999,13384216990
13386165935,13386165936
13386165936,13386165943
13386165936,13386165935
13386165936,13386165938
13386165938,13386165937
13386165938,13386165940
13386165938,13386165936
13386165937,13386165938
13386165941,13386165943
13389430164,2991117691
13389430164,13389430165
13389430166,13389430165
13389430168,13389430174
13389430168,13389430167
13389430168,13389430172
13389430167,13389430168
13389430167,13389430164
13389430174,3063780250
13389430174,13389430175
13389430174,13389430173
13389430172,13389430168
13389430175,13389430174
13390644539,13390644538
13390644542,13390644540
13390644544,13390644543
13390651815,13390651808
13390651817,13390651816
13390651819,13390651818
13390651821,13390651818
13390653662,13390653663
13390653662,13390653661
13390653662,13390653664
13390653663,13390653662
13390653664,13390653662
13390653666,13390653665
13390654581,13390654580
13390654583,13390654582
13390663394,13390663392
13399406360,13415448498
13399406360,13399406352
13399406360,13399406361
13399406353,13399406352
13399406361,13399406360
13399406363,13399406364
13399406369,13399406371
13399406369,13399406364
13399406369,13399406365
13399406365,13399406369
13399406370,13399406371
13399406372,13399406373
13399406375,13399406374
13399406386,13399406385
13404354708,13404354711
13404354712,13404354711
13404354712,13404354718
13404354712,13404354717
13404354718,13404354712
13404354718,13404354727
13404354718,13404354719
13404354717,13404354712
13404354727,13404354730
13404354727,13404354718
13404354727,13404354729
13404354719,13404354718
13404354730,13404354727
13404354730,13404354732
13404354730,13404354731
13404354729,13404354727
13404354732,13404354730
13404354732,13404354735
13404354732,13404354733
13404354731,13404354730
13404354733,13404354732
13404354734,13404354735
13404354736,13404354737
13408236291,13408236289
13408855446,13408855444
13408855446,13408855448
13408855446,13408855447
13408855445,13408855444
13408855447,13408855446
13408855449,13408855448
13408855452,13408855453
13408855455,13408855454
13408855456,13408855454
13408855457,13408855459
13408855458,13408855459
13408855462,13408855463
13408855464,13408855466
13415448493,13415448492
13415448495,13415448494
13415448497,13415448498
13415450190,13415450189
13466617761,13466617755
13466617893,13466617895
13466617893,13466617895
13466617893,13466617837
13466617895,13466617844
13466617895,13466617893
13466617895,13466617893
13502563960,13502563962
13502563960,13502563958
13502563960,13502563961
13502563959,13502563958
13502563961,13502563960
13502563963,13502563962
13507489619,13507489623
13507489619,13507489622
13507489619,13507489626
13507501677,13507501678
13507501677,13507501676
13507501677,13507501679
13507501678,13507501677
13507501679,13507501677
13507501681,13507501680
13507508021,13507508020
13510506686,13510506677
13510506686,13510506692
13510506686,13510506679
13510506679,13510506680
13510506679,13510506695
13510506679,13510506686
13510506695,13510552347
13510506695,13510506679
13510506695,13510506691
13510506681,13510552355
13510506681,13510506685
13510506681,13510506683
13510552355,13510552358
13510552355,13510506681
13510552355,13510552356
13510506683,13510506684
13510506683,13510506681
13510506683,13510552347
13510552347,13510506695
13510552347,13510506694
13510552347,13510506683
13510552358,13510506684
13510552358,13510552355
13510552358,13510552356
13510506689,13510506693
13510506689,13510506685
13510506689,13510506694
13510552374,13510552380
13510552374,13510506685
13510552374,13510552356
13510506692,13510506686
13510506692,13510506693
13510506692,13510506691
13510506693,13510506692
13510506693,13510506689
13510506693,13510506694
13510506694,13510506691
13510506694,13510506693
13510506694,13510552347
13510506694,13510506689
13510506691,13510506692
13510506691,13510506694
13510506691,13510506695
13510539600,13510539599
13510552356,13510552355
13510552356,13510552358
13510552356,13510552374
13510552381,13510552380
13510552457,13510552456
13510588372,13510588370
13510588375,13510588373
13520233760,13520233755
13520233760,13520233757
13520233760,13520233761
13520233764,13520233761
13520233880,13520233881
13520233884,13520233885
13526603747,13526603746
13526674229,13526674230
13526674229,13526674235
13526674229,13526674231
13526674230,13526674229
13526674231,13526674232
13526674231,13526674229
13526674231,13526674234
13526674232,13526674231
13526674234,13526674231
13527231801,13527225300
13527231801,13611203970
13527231801,13527231802
13611203936,13611203934
13611203936,13611203937
13611203936,13527231805
13527231812,13527231811
13527231820,13527231813
13527231820,13527231821
13527231820,13527231819
13527231819,13527231820
13529053093,13529053091
13529054179,13529054105
13529054179,13529054104
13529054179,13529054180
13529054146,13529054143
13529054180,13529054179
13529160636,13529160645
13529160636,13529160649
13529160636,13529160649
13529160645,13529160642
13529160645,13529160642
13529160645,13529160636
13529160642,13529160652
13529160642,13529160645
13529160642,13529160645
13529160652,13529160642
13529160679,13529160661
13529160679,13529160683
13529160679,13529160665
13529160665,13529160679
13529160671,13529160670
13529160671,13529160672
13529160671,13529160669
13529160672,13529160671
13529160682,13529160694
13529160682,13529160673
13529160682,13529160680
13529160683,13529160679
13529160683,13529160684
13529160683,13529160680
13529160680,13529160683
13529160680,13529160694
13529160680,13529160682
13529160694,13529160682
13529160694,13529160680
13529160694,13529160696
13529160684,13529160683
13529160696,13529160697
13529160696,13529160694
13529160696,13529160699
13529160696,13529160699
13532746055,13532746053
13532746055,13532746054
13532746055,13532746051
13532746053,13532746055
13532783423,13532783428
13532783423,13532783428
13532783423,13532783412
13532783437,13532783434
13532783456,13532783461
13532783456,13532783461
13532783456,13532783454
13534104257,13534104265
13534104257,13534104249
13534104257,13534104259
13534104261,13534104259
13534104261,13534104249
13534104261,13534104264
13534104256,13534104264
13534104264,13534104256
13534104264,13534104265
13534104264,13534104261
13534104265,13534104257
13534104265,13534104259
13534104265,13534104264
13534104259,13534104261
13534104259,13534104265
13534104259,13534104257
13534104276,13534104273
13534104298,13534104299
13538566903,13538566902
13538567126,13538567123
13577660215,13577660217
13577660215,13577660218
13577660215,13577660223
13577660217,13577660215
13577788609,13577788608
13580324212,13596453262
13580324212,13596453261
13580324212,13580324221
13592299607,13592299605
13593741323,13593741330
13593741323,13593741330
13593741323,13593741306
13596453263,13596453261
13596453263,13596453260
13596453263,13596453262
13602488647,13602488646
13602488647,13602488649
13602488647,13602488652
13603564215,13603564213
13611203925,13611203924
13611203925,13611203933
13611203925,13611203928
13611203935,13611203934
13611203937,13611203936
13611203990,13611203994
13611203990,13611203992
13611203990,13611203991
13611203991,13611203990
13611203993,13611203992
13611203996,13611203994
13611204000,13611203997
13611204003,13611204001
13611204020,13611204019
13611204029,13611204028
13611204033,13611204032
13611204033,13611204036
13611204033,13611204038
13611204036,13611204033
13611204038,13611204033
13611204041,13611204044
13611204041,13611204043
13611204041,13611204039
13612842038,13612842036
13612885075,13612885074
13612885087,13612885086
13617114389,13617149013
13617114389,13617149015
13617114389,13617114385
13617149013,13617148955
13617149013,13617114389
13617149013,13617149014
13617149015,13617114389
13617149015,13617114390
13617149015,13617149017
13617114392,13617114390
13617148668,13617148667
13617148740,13617148739
13617148740,13617148746
13617148740,13617148737
13617148746,13617148740
13617148746,13617148758
13617148746,13617148745
13617148758,13617148746
13617148758,13617148758
13617148758,13617148758
13617148948,13617148947
13617148954,13617148949
13617148955,13617149010
13617148955,13617149013
13617148955,13617148956
13617148956,13617148955
13617148959,13617148958
13617148959,13617148959
13617148959,13617148959
13617166637,13617148968
13617166637,13617148983
13617166637,13617166638
13617148970,13617148976
13617148970,13617148968
13617148970,13617148984
13617148969,13617148976
13617148976,13617148969
13617148976,13617148970
13617148976,13617148977
13617148984,13617148971
13617148984,13617148970
13617148984,13617148983
13617148971,13617148984
13617148983,13617166637
13617148983,13617166639
13617148983,13617148984
13617149012,13617149010
13617149014,13617149013
13617149017,13617149015
13617166641,13617166638
13617166641,13617166632
13617166641,13617166639
13617166638,13617166636
13617166638,13617166637
13617166638,13617166641
13617166657,13617166656
